jam,distance_avg,distance_min,n,rain1h_max,rain24h_max,humi_avg,rain1h,rain_3h,rain_6h,rain_12h,rain24h,air_now,air_min_now,tren_1h,tren_3h,jam_hari,humi,target_1,target_3,target_6,target_12,target_24
2025-09-14 00:00:00,218.4063,217,64,0.0,0.0,71.171053,0.0,0.0,0.0,0.0,0.0,218.4063,217,-181.5937,-29.639200000000017,0,71.171053,148.5794,99.9503,85.0424,93.0,89.9913
2025-09-14 11:00:00,148.5794,98,680,0.0,0.0,69.761111,0.0,0.0,0.0,0.0,0.0,148.5794,98,-69.8269,-251.4206,11,69.761111,98.8336,86.5,86.4,94.4943,90.5128
2025-09-14 12:00:00,98.8336,97,1340,0.0,0.0,70.797204,0.0,0.0,0.0,0.0,0.0,98.8336,97,-49.74579999999999,-301.1664,12,70.797204,99.9503,83.65,86.225,92.3009,90.5625
2025-09-15 18:00:00,99.9503,98,1972,0.0,0.0,77.399091,0.0,0.0,0.0,0.0,0.0,99.9503,98,1.1166999999999945,-118.45599999999999,18,77.399091,86.5,85.0424,83.6833,93.7333,90.0789
2025-09-16 09:00:00,86.5,83,26,0.0,0.0,60.007692,0.0,0.0,0.0,0.0,0.0,86.5,83,-13.450299999999999,-62.07939999999999,9,60.007692,83.65,86.4,79.6838,93.5565,90.4958
2025-09-16 10:00:00,83.65,81,120,0.0,0.0,53.786957,0.0,0.0,0.0,0.0,0.0,83.65,81,-2.8499999999999943,-15.183599999999998,10,53.786957,85.0424,86.225,81.2807,93.9322,91.0684
2025-09-16 11:00:00,85.0424,83,118,0.0,0.0,50.397391,0.0,0.0,0.0,0.0,0.0,85.0424,83,1.392399999999995,-14.907899999999998,11,50.397391,86.4,83.6833,93.0,96.0667,91.2137
2025-09-16 12:00:00,86.4,85,120,0.0,0.0,45.270175,0.0,0.0,0.0,0.0,0.0,86.4,85,1.357600000000005,-0.09999999999999432,12,45.270175,86.225,79.6838,94.4943,91.3929,91.5526
2025-09-16 13:00:00,86.225,80,120,0.25,0.25,43.582609,0.25,0.25,0.25,0.25,0.25,86.225,80,-0.17500000000001137,2.5749999999999886,13,43.582609,83.6833,81.2807,92.3009,90.5083,91.3917
2025-09-16 14:00:00,83.6833,77,120,0.25,0.25,53.614159,0.25,0.5,0.5,0.5,0.25,83.6833,77,-2.5416999999999916,-1.359099999999998,14,53.614159,79.6838,93.0,93.7333,89.8396,91.4
2025-09-16 15:00:00,79.6838,77,117,0.0,0.25,51.329204,0.0,0.5,0.5,0.5,0.25,79.6838,77,-3.9994999999999976,-6.716200000000001,15,51.329204,81.2807,94.4943,93.5565,92.7647,91.4333
2025-09-16 16:00:00,81.2807,80,114,0.0,0.25,61.77037,0.0,0.25,0.5,0.5,0.25,81.2807,80,1.5968999999999909,-4.944299999999998,16,61.77037,93.0,92.3009,93.9322,89.3025,91.55
2025-09-17 13:00:00,93.0,89,10,0.0,0.0,54.81,0.0,0.0,0.5,0.5,0.0,93.0,89,11.719300000000004,9.316699999999997,13,54.81,94.4943,93.7333,96.0667,89.9913,91.775
2025-09-17 14:00:00,94.4943,91,87,0.0,0.0,58.438889,0.0,0.0,0.5,0.5,0.0,94.4943,91,1.4942999999999955,14.81049999999999,14,58.438889,92.3009,93.5565,91.3929,90.5128,91.2167
2025-09-17 15:00:00,92.3009,90,113,0.0,0.0,55.803261,0.0,0.0,0.25,0.5,0.0,92.3009,90,-2.193399999999997,11.020200000000003,15,55.803261,93.7333,93.9322,90.5083,90.5625,89.8814
2025-09-17 16:00:00,93.7333,93,120,0.0,0.0,63.263043,0.0,0.0,0.0,0.5,0.0,93.7333,93,1.4324000000000012,0.7332999999999998,16,63.263043,93.5565,96.0667,89.8396,90.0789,92.322
2025-09-17 17:00:00,93.5565,93,115,0.0,0.0,70.601695,0.0,0.0,0.0,0.5,0.0,93.5565,93,-0.17680000000000007,-0.9377999999999957,17,70.601695,93.9322,91.3929,92.7647,90.4958,98.973
2025-09-17 18:00:00,93.9322,93,118,0.0,0.0,74.256044,0.0,0.0,0.0,0.5,0.0,93.9322,93,0.3756999999999948,1.631299999999996,18,74.256044,96.0667,90.5083,89.3025,91.0684,96.9608
2025-09-17 19:00:00,96.0667,93,15,0.0,0.0,76.54,0.0,0.0,0.0,0.5,0.0,96.0667,93,2.1345000000000027,2.3333999999999975,19,76.54,91.3929,89.8396,89.9913,91.2137,96.1081
2025-09-21 12:00:00,91.3929,89,84,0.25,0.25,53.561729,0.25,0.25,0.25,0.75,0.25,91.3929,89,-4.6738,-2.1636000000000024,12,53.561729,90.5083,92.7647,90.5128,91.5526,95.2119
2025-09-21 13:00:00,90.5083,90,120,0.25,0.25,52.008929,0.25,0.5,0.5,0.75,0.25,90.5083,90,-0.8845999999999918,-3.423899999999989,13,52.008929,89.8396,89.3025,90.5625,91.3917,94.5
2025-09-21 14:00:00,89.8396,89,106,0.0,0.25,55.013726,0.0,0.5,0.5,0.5,0.25,89.8396,89,-0.6687000000000012,-6.227099999999993,14,55.013726,92.7647,89.9913,90.0789,91.4,95.7385
2025-09-21 15:00:00,92.7647,89,51,0.76,0.76,58.157143,0.76,1.01,1.26,1.26,0.76,92.7647,89,2.9251000000000005,1.3718000000000075,15,58.157143,89.3025,90.5128,90.4958,91.4333,90.8302
2025-09-21 16:00:00,89.3025,88,119,0.76,0.76,65.777358,0.76,1.52,2.02,2.02,0.76,89.3025,88,-3.46220000000001,-1.2058000000000106,16,65.777358,89.9913,90.5625,91.0684,91.55,89.1667
2025-09-21 17:00:00,89.9913,88,115,0.0,0.76,75.955855,0.0,1.52,2.02,2.02,0.76,89.9913,88,0.6888000000000005,0.15169999999999106,17,75.955855,90.5128,90.0789,91.2137,91.775,89.4083
2025-09-21 18:00:00,90.5128,89,117,0.0,0.76,81.090741,0.0,0.76,1.77,2.02,0.76,90.5128,89,0.5215000000000032,-2.2519000000000062,18,81.090741,90.5625,90.4958,91.5526,91.2167,90.1
2025-09-21 19:00:00,90.5625,89,112,0.0,0.76,81.68909,0.0,0.0,1.52,2.02,0.76,90.5625,89,0.04970000000000141,1.2600000000000051,19,81.68909,90.0789,91.0684,91.3917,89.8814,90.2083
2025-09-21 20:00:00,90.0789,89,114,0.0,0.76,83.255045,0.0,0.0,1.52,2.02,0.76,90.0789,89,-0.4835999999999956,0.087600000000009,20,83.255045,90.4958,91.2137,91.4,92.322,91.325
2025-09-21 21:00:00,90.4958,90,119,0.0,0.76,82.760177,0.0,0.0,0.76,2.02,0.76,90.4958,90,0.41689999999999827,-0.016999999999995907,21,82.760177,91.0684,91.5526,91.4333,98.973,92.025
2025-09-21 22:00:00,91.0684,90,117,0.0,0.76,85.210909,0.0,0.0,0.0,2.02,0.76,91.0684,90,0.5725999999999942,0.5058999999999969,22,85.210909,91.2137,91.3917,91.55,96.9608,92.3417
2025-09-21 23:00:00,91.2137,90,117,0.0,0.76,88.122728,0.0,0.0,0.0,2.02,0.76,91.2137,90,0.14530000000000598,1.1347999999999985,23,88.122728,91.5526,91.4,91.775,96.1081,92.3667
2025-09-22 00:00:00,91.5526,90,114,0.0,0.76,87.683186,0.0,0.0,0.0,1.77,0.76,91.5526,90,0.3388999999999953,1.0567999999999955,0,87.683186,91.3917,91.4333,91.2167,95.2119,92.9417
2025-09-22 01:00:00,91.3917,90,120,0.0,0.76,84.832174,0.0,0.0,0.0,1.52,0.76,91.3917,90,-0.16089999999999804,0.32330000000000325,1,84.832174,91.4,91.55,89.8814,94.5,93.3559
2025-09-22 02:00:00,91.4,90,120,0.0,0.76,84.08087,0.0,0.0,0.0,1.52,0.76,91.4,90,0.008300000000005525,0.1863000000000028,2,84.08087,91.4333,91.775,92.322,95.7385,93.4833
2025-09-22 03:00:00,91.4333,91,120,0.0,0.76,87.588695,0.0,0.0,0.0,0.76,0.76,91.4333,91,0.033299999999997,-0.11929999999999552,3,87.588695,91.55,91.2167,98.973,90.8302,93.65
2025-09-22 04:00:00,91.55,90,120,0.0,0.76,90.44087,0.0,0.0,0.0,0.0,0.76,91.55,90,0.11669999999999447,0.158299999999997,4,90.44087,91.775,89.8814,96.9608,89.1667,93.6667
2025-09-22 05:00:00,91.775,91,120,0.0,0.76,90.281579,0.0,0.0,0.0,0.0,0.76,91.775,91,0.22500000000000853,0.375,5,90.281579,91.2167,92.322,96.1081,89.4083,93.7
2025-09-22 06:00:00,91.2167,90,120,0.0,0.76,79.089474,0.0,0.0,0.0,0.0,0.76,91.2167,90,-0.5583000000000027,-0.21659999999999968,6,79.089474,89.8814,98.973,95.2119,90.1,160.8417
2025-09-22 07:00:00,89.8814,88,118,0.0,0.76,69.558772,0.0,0.0,0.0,0.0,0.76,89.8814,88,-1.3353000000000037,-1.6685999999999979,7,69.558772,92.322,96.9608,94.5,90.2083,159.069
2025-09-22 08:00:00,92.322,87,118,0.0,0.76,60.707895,0.0,0.0,0.0,0.0,0.76,92.322,87,2.4406000000000034,0.546999999999997,8,60.707895,98.973,96.1081,95.7385,91.325,158.1333
2025-09-22 09:00:00,98.973,97,111,0.0,0.76,55.898889,0.0,0.0,0.0,0.0,0.76,98.973,97,6.650999999999996,7.756299999999996,9,55.898889,96.9608,95.2119,90.8302,92.025,156.8833
2025-09-22 10:00:00,96.9608,92,102,0.0,0.76,55.678788,0.0,0.0,0.0,0.0,0.76,96.9608,92,-2.012199999999993,7.079400000000007,10,55.678788,96.1081,94.5,89.1667,92.3417,155.042
2025-09-22 11:00:00,96.1081,95,111,0.0,0.76,54.381395,0.0,0.0,0.0,0.0,0.76,96.1081,95,-0.8527000000000129,3.7860999999999905,11,54.381395,95.2119,95.7385,89.4083,92.3667,159.175
2025-09-22 12:00:00,95.2119,93,118,0.0,0.76,44.946018,0.0,0.0,0.0,0.0,0.76,95.2119,93,-0.8961999999999932,-3.761099999999999,12,44.946018,94.5,90.8302,90.1,92.9417,154.3277
2025-09-22 13:00:00,94.5,93,120,0.0,0.76,37.185981,0.0,0.0,0.0,0.0,0.76,94.5,93,-0.7119,-2.460800000000006,13,37.185981,95.7385,89.1667,90.2083,93.3559,95.65
2025-09-22 14:00:00,95.7385,94,65,0.0,0.76,35.693443,0.0,0.0,0.0,0.0,0.76,95.7385,94,1.238500000000002,-0.36959999999999127,14,35.693443,90.8302,89.4083,91.325,93.4833,95.7458
2025-09-22 17:00:00,90.8302,39,106,0.0,0.0,61.519418,0.0,0.0,0.0,0.0,0.0,90.8302,39,-4.908299999999997,-4.381699999999995,17,61.519418,89.1667,90.1,92.025,93.65,95.7167
2025-09-22 18:00:00,89.1667,88,120,0.0,0.0,61.338597,0.0,0.0,0.0,0.0,0.0,89.1667,88,-1.663499999999999,-5.333299999999994,18,61.338597,89.4083,90.2083,92.3417,93.6667,95.675
2025-09-22 19:00:00,89.4083,88,120,0.0,0.0,62.863478,0.0,0.0,0.0,0.0,0.0,89.4083,88,0.24159999999999116,-6.330200000000005,19,62.863478,90.1,91.325,92.3667,93.7,96.0417
2025-09-22 20:00:00,90.1,89,120,0.0,0.0,64.627826,0.0,0.0,0.0,0.0,0.0,90.1,89,0.6916999999999973,-0.7302000000000106,20,64.627826,90.2083,92.025,92.9417,160.8417,96.025
2025-09-22 21:00:00,90.2083,90,120,0.0,0.0,65.73772,0.0,0.0,0.0,0.0,0.0,90.2083,90,0.10829999999999984,1.0415999999999883,21,65.73772,91.325,92.3417,93.3559,159.069,95.95
2025-09-22 22:00:00,91.325,90,120,0.0,0.0,66.323275,0.0,0.0,0.0,0.0,0.0,91.325,90,1.1167000000000087,1.9167000000000058,22,66.323275,92.025,92.3667,93.4833,158.1333,95.8917
2025-09-22 23:00:00,92.025,91,120,0.0,0.0,67.083478,0.0,0.0,0.0,0.0,0.0,92.025,91,0.7000000000000028,1.9250000000000114,23,67.083478,92.3417,92.9417,93.65,156.8833,96.0333
2025-09-23 00:00:00,92.3417,92,120,0.0,0.0,68.377391,0.0,0.0,0.0,0.0,0.0,92.3417,92,0.3166999999999973,2.133400000000009,0,68.377391,92.3667,93.3559,93.6667,155.042,96.1167
2025-09-23 01:00:00,92.3667,92,120,0.0,0.0,68.936208,0.0,0.0,0.0,0.0,0.0,92.3667,92,0.024999999999991473,1.0416999999999916,1,68.936208,92.9417,93.4833,93.7,159.175,96.1083
2025-09-23 02:00:00,92.9417,92,120,0.0,0.0,69.111303,0.0,0.0,0.0,0.0,0.0,92.9417,92,0.5750000000000028,0.9166999999999916,2,69.111303,93.3559,93.65,160.8417,154.3277,96.4917
2025-09-23 03:00:00,93.3559,92,118,0.0,0.0,69.269299,0.0,0.0,0.0,0.0,0.0,93.3559,92,0.4142000000000081,1.0142000000000024,3,69.269299,93.4833,93.6667,159.069,95.65,96.25
2025-09-23 04:00:00,93.4833,93,120,0.0,0.0,69.511304,0.0,0.0,0.0,0.0,0.0,93.4833,93,0.1273999999999944,1.1166000000000054,4,69.511304,93.65,93.7,158.1333,95.7458,96.6083
2025-09-23 05:00:00,93.65,93,120,0.0,0.0,69.728447,0.0,0.0,0.0,0.0,0.0,93.65,93,0.16670000000000584,0.7083000000000084,5,69.728447,93.6667,160.8417,156.8833,95.7167,96.6917
2025-09-23 06:00:00,93.6667,93,120,0.0,0.0,69.94174,0.0,0.0,0.0,0.0,0.0,93.6667,93,0.01670000000000016,0.3108000000000004,6,69.94174,93.7,159.069,155.042,95.675,96.4667
2025-09-23 07:00:00,93.7,93,120,0.0,0.0,69.766087,0.0,0.0,0.0,0.0,0.0,93.7,93,0.033299999999997,0.216700000000003,7,69.766087,160.8417,158.1333,159.175,96.0417,96.425
2025-09-23 09:00:00,160.8417,154,120,30.23,30.23,45.935965,30.23,30.23,30.23,30.23,30.23,160.8417,154,67.1417,67.1917,9,45.935965,159.069,156.8833,154.3277,96.025,96.475
2025-09-23 10:00:00,159.069,146,116,0.0,30.23,48.684956,0.0,30.23,30.23,30.23,30.23,159.069,146,-1.7727000000000146,65.40229999999998,10,48.684956,158.1333,155.042,95.65,95.95,96.325
2025-09-23 11:00:00,158.1333,149,120,0.0,30.23,54.443478,0.0,30.23,30.23,30.23,30.23,158.1333,149,-0.9356999999999971,64.43329999999999,11,54.443478,156.8833,159.175,95.7458,95.8917,96.1333
2025-09-23 12:00:00,156.8833,150,120,0.0,30.23,46.133044,0.0,0.0,30.23,30.23,30.23,156.8833,150,-1.25,-3.9584000000000117,12,46.133044,155.042,154.3277,95.7167,96.0333,96.2667
2025-09-23 13:00:00,155.042,147,119,0.0,30.23,46.686726,0.0,0.0,30.23,30.23,30.23,155.042,147,-1.8412999999999897,-4.026999999999987,13,46.686726,159.175,95.65,95.675,96.1167,96.4333
2025-09-23 14:00:00,159.175,148,120,0.0,30.23,53.130172,0.0,0.0,30.23,30.23,30.23,159.175,148,4.13300000000001,1.04170000000002,14,53.130172,154.3277,95.7458,96.0417,96.1083,96.425
2025-09-23 15:00:00,154.3277,32,119,13.72,43.94,56.342105,13.72,13.72,13.72,43.95,43.94,154.3277,32,-4.847300000000018,-2.5555999999999983,15,56.342105,95.65,95.7167,96.025,96.4917,96.275
2025-09-23 16:00:00,95.65,94,120,13.72,43.94,65.421053,13.72,27.44,27.44,57.67,43.94,95.65,94,-58.67769999999999,-59.391999999999996,16,65.421053,95.7458,95.675,95.95,96.25,96.2797
2025-09-23 17:00:00,95.7458,95,118,0.0,43.94,68.866964,0.0,27.44,27.44,57.67,43.94,95.7458,95,0.095799999999997,-63.42920000000001,17,68.866964,95.7167,96.0417,95.8917,96.6083,96.1583
2025-09-23 18:00:00,95.7167,95,120,0.0,43.94,71.235652,0.0,13.72,27.44,57.67,43.94,95.7167,95,-0.02909999999999968,-58.61099999999999,18,71.235652,95.675,96.025,96.0333,96.6917,96.4667
2025-09-23 19:00:00,95.675,94,120,0.0,43.94,73.14087,0.0,0.0,27.44,57.67,43.94,95.675,94,-0.041700000000005844,0.024999999999991473,19,73.14087,96.0417,95.95,96.1167,96.4667,96.7917
2025-09-23 20:00:00,96.0417,94,120,0.0,43.94,72.983334,0.0,0.0,27.44,57.67,43.94,96.0417,94,0.3667000000000087,0.29590000000000316,20,72.983334,96.025,95.8917,96.1083,96.425,96.5833
2025-09-23 21:00:00,96.025,95,120,0.0,43.94,73.4,0.0,0.0,13.72,27.44,43.94,96.025,95,-0.01670000000000016,0.3083000000000027,21,73.4,95.95,96.0333,96.4917,96.475,96.45
2025-09-23 22:00:00,95.95,94,120,0.0,43.94,73.639656,0.0,0.0,0.0,27.44,43.94,95.95,94,-0.07500000000000284,0.2750000000000057,22,73.639656,95.8917,96.1167,96.25,96.325,96.8083
2025-09-23 23:00:00,95.8917,94,120,0.0,43.94,73.179999,0.0,0.0,0.0,27.44,43.94,95.8917,94,-0.05830000000000268,-0.15000000000000568,23,73.179999,96.0333,96.1083,96.6083,96.1333,96.675
2025-09-24 00:00:00,96.0333,95,120,0.0,43.94,73.754782,0.0,0.0,0.0,27.44,43.94,96.0333,95,0.14159999999999684,0.008299999999991314,0,73.754782,96.1167,96.4917,96.6917,96.2667,96.8083
2025-09-24 01:00:00,96.1167,95,120,0.0,43.94,70.257895,0.0,0.0,0.0,27.44,43.94,96.1167,95,0.08339999999999748,0.16669999999999163,1,70.257895,96.1083,96.25,96.4667,96.4333,96.7833
2025-09-24 02:00:00,96.1083,95,120,0.0,43.94,70.582758,0.0,0.0,0.0,27.44,43.94,96.1083,95,-0.008399999999994634,0.21659999999999968,2,70.582758,96.4917,96.6083,96.425,96.425,96.5667
2025-09-24 03:00:00,96.4917,96,120,0.0,43.94,71.943859,0.0,0.0,0.0,13.72,43.94,96.4917,96,0.38339999999999463,0.4583999999999975,3,71.943859,96.25,96.6917,96.475,96.275,96.4917
2025-09-24 04:00:00,96.25,96,120,0.0,43.94,72.556522,0.0,0.0,0.0,0.0,43.94,96.25,96,-0.24169999999999447,0.13330000000000553,4,72.556522,96.6083,96.4667,96.325,96.2797,96.6917
2025-09-24 05:00:00,96.6083,95,120,0.0,43.94,72.633043,0.0,0.0,0.0,0.0,43.94,96.6083,95,0.35829999999999984,0.5,5,72.633043,96.6917,96.425,96.1333,96.1583,96.8833
2025-09-24 06:00:00,96.6917,95,120,0.0,43.94,71.836523,0.0,0.0,0.0,0.0,43.94,96.6917,95,0.08339999999999748,0.20000000000000284,6,71.836523,96.4667,96.475,96.2667,96.4667,97.0167
2025-09-24 07:00:00,96.4667,96,120,0.0,43.94,70.580703,0.0,0.0,0.0,0.0,43.94,96.4667,96,-0.22499999999999432,0.216700000000003,7,70.580703,96.425,96.325,96.4333,96.7917,96.8167
2025-09-24 08:00:00,96.425,95,120,0.0,43.94,67.743859,0.0,0.0,0.0,0.0,43.94,96.425,95,-0.041700000000005844,-0.18330000000000268,8,67.743859,96.475,96.1333,96.425,96.5833,96.0667
2025-09-24 09:00:00,96.475,95,120,0.0,13.72,65.868695,0.0,0.0,0.0,0.0,13.72,96.475,95,0.04999999999999716,-0.216700000000003,9,65.868695,96.325,96.2667,96.275,96.45,96.4833
2025-09-24 10:00:00,96.325,95,120,0.0,13.72,63.659821,0.0,0.0,0.0,0.0,13.72,96.325,95,-0.14999999999999147,-0.14170000000000016,10,63.659821,96.1333,96.4333,96.2797,96.8083,96.05
2025-09-24 11:00:00,96.1333,95,120,0.0,13.72,61.892105,0.0,0.0,0.0,0.0,13.72,96.1333,95,-0.19169999999999732,-0.29169999999999163,11,61.892105,96.2667,96.425,96.1583,96.675,96.3667
2025-09-24 13:00:00,96.2667,95,120,0.0,13.72,56.798261,0.0,0.0,0.0,0.0,13.72,96.2667,95,0.13339999999999463,-0.20829999999999416,13,56.798261,96.4333,96.275,96.4667,96.8083,96.2833
2025-09-24 14:00:00,96.4333,95,120,0.0,13.72,54.607018,0.0,0.0,0.0,0.0,13.72,96.4333,95,0.16660000000000252,0.10829999999999984,14,54.607018,96.425,96.2797,96.7917,96.7833,96.1083
2025-09-24 15:00:00,96.425,95,120,0.0,13.72,56.010435,0.0,0.0,0.0,0.0,13.72,96.425,95,-0.008300000000005525,0.29169999999999163,15,56.010435,96.275,96.1583,96.5833,96.5667,96.2269
2025-09-24 16:00:00,96.275,95,120,0.0,0.0,56.974561,0.0,0.0,0.0,0.0,0.0,96.275,95,-0.14999999999999147,0.008300000000005525,16,56.974561,96.2797,96.4667,96.45,96.4917,96.4333
2025-09-24 17:00:00,96.2797,95,118,0.0,0.0,59.456637,0.0,0.0,0.0,0.0,0.0,96.2797,95,0.004699999999999704,-0.1535999999999973,17,59.456637,96.1583,96.7917,96.8083,96.6917,96.5333
2025-09-24 18:00:00,96.1583,95,120,0.0,0.0,64.409649,0.0,0.0,0.0,0.0,0.0,96.1583,95,-0.12140000000000839,-0.26670000000000016,18,64.409649,96.4667,96.5833,96.675,96.8833,96.7
2025-09-24 19:00:00,96.4667,95,120,0.0,0.0,67.091228,0.0,0.0,0.0,0.0,0.0,96.4667,95,0.308400000000006,0.19169999999999732,19,67.091228,96.7917,96.45,96.8083,97.0167,96.8417
2025-09-24 20:00:00,96.7917,95,120,0.0,0.0,69.443478,0.0,0.0,0.0,0.0,0.0,96.7917,95,0.32500000000000284,0.5120000000000005,20,69.443478,96.5833,96.8083,96.7833,96.8167,96.7583
2025-09-24 21:00:00,96.5833,95,120,0.0,0.0,71.481579,0.0,0.0,0.0,0.0,0.0,96.5833,95,-0.2084000000000117,0.42499999999999716,21,71.481579,96.45,96.675,96.5667,96.0667,96.5667
2025-09-24 22:00:00,96.45,95,120,0.0,0.0,72.373043,0.0,0.0,0.0,0.0,0.0,96.45,95,-0.13329999999999131,-0.01670000000000016,22,72.373043,96.8083,96.8083,96.4917,96.4833,96.7917
2025-09-24 23:00:00,96.8083,96,120,0.0,0.0,73.469566,0.0,0.0,0.0,0.0,0.0,96.8083,96,0.35829999999999984,0.01659999999999684,23,73.469566,96.675,96.7833,96.6917,96.05,96.9083
2025-09-25 00:00:00,96.675,95,120,0.0,0.0,73.317391,0.0,0.0,0.0,0.0,0.0,96.675,95,-0.13330000000000553,0.091700000000003,0,73.317391,96.8083,96.5667,96.8833,96.3667,96.675
2025-09-25 01:00:00,96.8083,96,120,0.0,0.0,73.222808,0.0,0.0,0.0,0.0,0.0,96.8083,96,0.13330000000000553,0.35829999999999984,1,73.222808,96.7833,96.4917,97.0167,96.2833,96.875
2025-09-25 02:00:00,96.7833,96,120,0.0,0.0,73.533914,0.0,0.0,0.0,0.0,0.0,96.7833,96,-0.025000000000005684,-0.025000000000005684,2,73.533914,96.5667,96.6917,96.8167,96.1083,96.7333
2025-09-25 03:00:00,96.5667,95,120,0.0,0.0,74.402609,0.0,0.0,0.0,0.0,0.0,96.5667,95,-0.21659999999999968,-0.10829999999999984,3,74.402609,96.4917,96.8833,96.0667,96.2269,96.925
2025-09-25 04:00:00,96.4917,95,120,0.0,0.0,74.416522,0.0,0.0,0.0,0.0,0.0,96.4917,95,-0.07500000000000284,-0.3166000000000082,4,74.416522,96.6917,97.0167,96.4833,96.4333,96.7583
2025-09-25 05:00:00,96.6917,95,120,0.0,0.0,73.937391,0.0,0.0,0.0,0.0,0.0,96.6917,95,0.20000000000000284,-0.09159999999999968,5,73.937391,96.8833,96.8167,96.05,96.5333,96.7667
2025-09-25 06:00:00,96.8833,96,120,0.0,0.0,73.898246,0.0,0.0,0.0,0.0,0.0,96.8833,96,0.1916000000000082,0.3166000000000082,6,73.898246,97.0167,96.0667,96.3667,96.7,96.6667
2025-09-25 07:00:00,97.0167,96,120,0.0,0.0,73.807826,0.0,0.0,0.0,0.0,0.0,97.0167,96,0.13339999999999463,0.5250000000000057,7,73.807826,96.8167,96.4833,96.2833,96.8417,96.5583
2025-09-25 08:00:00,96.8167,96,120,0.0,0.0,71.409565,0.0,0.0,0.0,0.0,0.0,96.8167,96,-0.20000000000000284,0.125,8,71.409565,96.0667,96.05,96.1083,96.7583,96.5333
2025-09-25 09:00:00,96.0667,30,120,0.0,0.0,69.5,0.0,0.0,0.0,0.0,0.0,96.0667,30,-0.75,-0.8166000000000082,9,69.5,96.4833,96.3667,96.2269,96.5667,96.75
2025-09-25 10:00:00,96.4833,95,120,0.0,0.0,65.371304,0.0,0.0,0.0,0.0,0.0,96.4833,95,0.4166000000000025,-0.5334000000000003,10,65.371304,96.05,96.2833,96.4333,96.7917,96.9167
2025-09-25 11:00:00,96.05,33,120,0.0,0.0,62.446017,0.0,0.0,0.0,0.0,0.0,96.05,33,-0.4333000000000027,-0.7667000000000002,11,62.446017,96.3667,96.1083,96.5333,96.9083,96.1333
2025-09-25 14:00:00,96.3667,95,120,0.0,0.0,55.436842,0.0,0.0,0.0,0.0,0.0,96.3667,95,0.3166999999999973,0.29999999999999716,14,55.436842,96.2833,96.2269,96.7,96.675,96.4
2025-09-25 15:00:00,96.2833,96,120,0.0,0.0,61.490435,0.0,0.0,0.0,0.0,0.0,96.2833,96,-0.08339999999999748,-0.20000000000000284,15,61.490435,96.1083,96.4333,96.8417,96.875,96.45
2025-09-25 16:00:00,96.1083,95,120,0.0,0.0,68.425218,0.0,0.0,0.0,0.0,0.0,96.1083,95,-0.17499999999999716,0.05830000000000268,16,68.425218,96.2269,96.5333,96.7583,96.7333,96.6333
2025-09-25 17:00:00,96.2269,95,119,0.0,0.0,71.644737,0.0,0.0,0.0,0.0,0.0,96.2269,95,0.1186000000000007,-0.13979999999999393,17,71.644737,96.4333,96.7,96.5667,96.925,96.8655
2025-09-25 18:00:00,96.4333,95,120,0.0,0.0,73.662609,0.0,0.0,0.0,0.0,0.0,96.4333,95,0.20640000000000214,0.15000000000000568,18,73.662609,96.5333,96.8417,96.7917,96.7583,96.5917
2025-09-25 19:00:00,96.5333,95,120,0.0,0.0,72.855652,0.0,0.0,0.0,0.0,0.0,96.5333,95,0.09999999999999432,0.42499999999999716,19,72.855652,96.7,96.7583,96.9083,96.7667,96.575
2025-09-25 20:00:00,96.7,95,120,0.0,0.0,73.128695,0.0,0.0,0.0,0.0,0.0,96.7,95,0.16670000000000584,0.4731000000000023,20,73.128695,96.8417,96.5667,96.675,96.6667,96.6833
2025-09-25 21:00:00,96.8417,95,120,0.0,0.0,72.285218,0.0,0.0,0.0,0.0,0.0,96.8417,95,0.14170000000000016,0.4084000000000003,21,72.285218,96.7583,96.7917,96.875,96.5583,96.625
2025-09-25 22:00:00,96.7583,96,120,0.0,0.0,71.150434,0.0,0.0,0.0,0.0,0.0,96.7583,96,-0.08339999999999748,0.22500000000000853,22,71.150434,96.5667,96.9083,96.7333,96.5333,96.675
2025-09-25 23:00:00,96.5667,95,120,0.0,0.0,72.202609,0.0,0.0,0.0,0.0,0.0,96.5667,95,-0.1916000000000082,-0.13330000000000553,23,72.202609,96.7917,96.675,96.925,96.75,96.8333
2025-09-26 00:00:00,96.7917,96,120,0.0,0.0,72.891379,0.0,0.0,0.0,0.0,0.0,96.7917,96,0.22500000000000853,-0.04999999999999716,0,72.891379,96.9083,96.875,96.7583,96.9167,97.025
2025-09-26 01:00:00,96.9083,96,120,0.0,0.0,72.985345,0.0,0.0,0.0,0.0,0.0,96.9083,96,0.11659999999999116,0.14999999999999147,1,72.985345,96.675,96.7333,96.7667,96.1333,96.9664
2025-09-26 02:00:00,96.675,96,120,0.0,0.0,74.582758,0.0,0.0,0.0,0.0,0.0,96.675,96,-0.23329999999999984,0.10829999999999984,2,74.582758,96.875,96.925,96.6667,96.4,96.8333
2025-09-26 03:00:00,96.875,95,120,0.0,0.0,74.920001,0.0,0.0,0.0,0.0,0.0,96.875,95,0.20000000000000284,0.08329999999999416,3,74.920001,96.7333,96.7583,96.5583,96.45,97.05
2025-09-26 04:00:00,96.7333,95,120,0.0,0.0,74.575863,0.0,0.0,0.0,0.0,0.0,96.7333,95,-0.14170000000000016,-0.17499999999999716,4,74.575863,96.925,96.7667,96.5333,96.6333,96.8583
2025-09-26 05:00:00,96.925,96,120,0.0,0.0,75.137067,0.0,0.0,0.0,0.0,0.0,96.925,96,0.19169999999999732,0.25,5,75.137067,96.7583,96.6667,96.75,96.8655,97.0667
2025-09-26 06:00:00,96.7583,95,120,0.0,0.0,75.550862,0.0,0.0,0.0,0.0,0.0,96.7583,95,-0.16669999999999163,-0.11669999999999447,6,75.550862,96.7667,96.5583,96.9167,96.5917,96.975
2025-09-26 07:00:00,96.7667,96,120,0.0,0.0,75.30087,0.0,0.0,0.0,0.0,0.0,96.7667,96,0.008399999999994634,0.03340000000000032,7,75.30087,96.6667,96.5333,96.1333,96.575,96.9667
2025-09-26 08:00:00,96.6667,95,120,0.0,0.0,70.459483,0.0,0.0,0.0,0.0,0.0,96.6667,95,-0.09999999999999432,-0.2582999999999913,8,70.459483,96.5583,96.75,96.4,96.6833,96.975
2025-09-26 09:00:00,96.5583,95,120,0.0,0.0,68.759649,0.0,0.0,0.0,0.0,0.0,96.5583,95,-0.10840000000000316,-0.20000000000000284,9,68.759649,96.5333,96.9167,96.45,96.625,96.8917
2025-09-26 10:00:00,96.5333,95,120,0.0,0.0,65.404348,0.0,0.0,0.0,0.0,0.0,96.5333,95,-0.025000000000005684,-0.23340000000000316,10,65.404348,96.75,96.1333,96.6333,96.675,96.9167
2025-09-26 11:00:00,96.75,95,120,0.0,0.0,64.302608,0.0,0.0,0.0,0.0,0.0,96.75,95,0.216700000000003,0.08329999999999416,11,64.302608,96.9167,96.4,96.8655,96.8333,96.9417
2025-09-26 12:00:00,96.9167,96,120,0.0,0.0,59.2,0.0,0.0,0.0,0.0,0.0,96.9167,96,0.16670000000000584,0.35840000000000316,12,59.2,96.1333,96.45,96.5917,97.025,96.875
2025-09-26 13:00:00,96.1333,96,120,0.0,0.0,58.25,0.0,0.0,0.0,0.0,0.0,96.1333,96,-0.7834000000000003,-0.3999999999999915,13,58.25,96.4,96.6333,96.575,96.9664,96.4917
2025-09-26 14:00:00,96.4,96,120,0.0,0.0,58.754782,0.0,0.0,0.0,0.0,0.0,96.4,96,0.26670000000000016,-0.3499999999999943,14,58.754782,96.45,96.8655,96.6833,96.8333,96.5583
2025-09-26 15:00:00,96.45,95,120,0.0,0.0,59.997391,0.0,0.0,0.0,0.0,0.0,96.45,95,0.04999999999999716,-0.466700000000003,15,59.997391,96.6333,96.5917,96.625,97.05,96.7667
2025-09-26 16:00:00,96.6333,94,120,0.0,0.0,62.851724,0.0,0.0,0.0,0.0,0.0,96.6333,94,0.18330000000000268,0.5,16,62.851724,96.8655,96.575,96.675,96.8583,96.5333
2025-09-26 17:00:00,96.8655,95,119,0.0,0.0,65.32193,0.0,0.0,0.0,0.0,0.0,96.8655,95,0.23219999999999175,0.4654999999999916,17,65.32193,96.5917,96.6833,96.8333,97.0667,96.925
2025-09-26 18:00:00,96.5917,96,120,0.0,0.0,66.390435,0.0,0.0,0.0,0.0,0.0,96.5917,96,-0.27379999999999427,0.14170000000000016,18,66.390435,96.575,96.625,97.025,96.975,96.7632
2025-09-26 19:00:00,96.575,96,120,0.0,0.0,66.982456,0.0,0.0,0.0,0.0,0.0,96.575,96,-0.01670000000000016,-0.05830000000000268,19,66.982456,96.6833,96.675,96.9664,96.9667,97.2791
2025-09-26 20:00:00,96.6833,96,120,0.0,0.0,67.950435,0.0,0.0,0.0,0.0,0.0,96.6833,96,0.10829999999999984,-0.1821999999999946,20,67.950435,96.625,96.8333,96.8333,96.975,93.225
2025-09-26 21:00:00,96.625,95,120,0.0,0.0,69.242983,0.0,0.0,0.0,0.0,0.0,96.625,95,-0.05830000000000268,0.033299999999997,21,69.242983,96.675,97.025,97.05,96.8917,92.4917
2025-09-26 22:00:00,96.675,95,120,0.0,0.0,71.676724,0.0,0.0,0.0,0.0,0.0,96.675,95,0.04999999999999716,0.09999999999999432,22,71.676724,96.8333,96.9664,96.8583,96.9167,97.2917
2025-09-26 23:00:00,96.8333,95,120,0.0,0.0,72.743479,0.0,0.0,0.0,0.0,0.0,96.8333,95,0.158299999999997,0.14999999999999147,23,72.743479,97.025,96.8333,97.0667,96.9417,92.1583
2025-09-27 00:00:00,97.025,96,120,0.0,0.0,73.935652,0.0,0.0,0.0,0.0,0.0,97.025,96,0.19170000000001153,0.4000000000000057,0,73.935652,96.9664,97.05,96.975,96.875,93.6
2025-09-27 01:00:00,96.9664,96,119,0.0,0.0,73.037069,0.0,0.0,0.0,0.0,0.0,96.9664,96,-0.05860000000001264,0.2913999999999959,1,73.037069,96.8333,96.8583,96.9667,96.4917,91.6333
2025-09-27 02:00:00,96.8333,96,120,0.0,0.0,75.190517,0.0,0.0,0.0,0.0,0.0,96.8333,96,-0.13309999999999889,0.0,2,75.190517,97.05,97.0667,96.975,96.5583,92.7333
2025-09-27 03:00:00,97.05,96,120,0.0,0.0,74.904347,0.0,0.0,0.0,0.0,0.0,97.05,96,0.216700000000003,0.024999999999991473,3,74.904347,96.8583,96.975,96.8917,96.7667,92.3333
2025-09-27 04:00:00,96.8583,96,120,0.0,0.0,75.230173,0.0,0.0,0.0,0.0,0.0,96.8583,96,-0.19169999999999732,-0.1080999999999932,4,75.230173,97.0667,96.9667,96.9167,96.5333,92.1429
2025-09-27 05:00:00,97.0667,96,120,0.0,0.0,76.186206,0.0,0.0,0.0,0.0,0.0,97.0667,96,0.20839999999999748,0.23340000000000316,5,76.186206,96.975,96.975,96.9417,96.925,92.25
2025-09-27 06:00:00,96.975,96,120,0.0,0.0,77.194783,0.0,0.0,0.0,0.0,0.0,96.975,96,-0.091700000000003,-0.07500000000000284,6,77.194783,96.9667,96.8917,96.875,96.7632,92.2
2025-09-27 07:00:00,96.9667,96,120,0.0,0.0,75.661739,0.0,0.0,0.0,0.0,0.0,96.9667,96,-0.008299999999991314,0.10840000000000316,7,75.661739,96.975,96.9167,96.4917,97.2791,92.4167
2025-09-27 08:00:00,96.975,96,120,0.0,0.0,74.049565,0.0,0.0,0.0,0.0,0.0,96.975,96,0.008299999999991314,-0.091700000000003,8,74.049565,96.8917,96.9417,96.5583,93.225,92.7583
2025-09-27 09:00:00,96.8917,96,120,0.0,0.0,71.092174,0.0,0.0,0.0,0.0,0.0,96.8917,96,-0.08329999999999416,-0.08329999999999416,9,71.092174,96.9167,96.875,96.7667,92.4917,92.55
2025-09-27 10:00:00,96.9167,96,120,0.0,0.0,68.514782,0.0,0.0,0.0,0.0,0.0,96.9167,96,0.025000000000005684,-0.04999999999999716,10,68.514782,96.9417,96.4917,96.5333,97.2917,92.3226
2025-09-27 11:00:00,96.9417,95,120,0.0,0.0,65.233333,0.0,0.0,0.0,0.0,0.0,96.9417,95,0.024999999999991473,-0.033299999999997,11,65.233333,96.875,96.5583,96.925,92.1583,99.0
2025-09-27 12:00:00,96.875,96,120,0.0,0.0,63.153509,0.0,0.0,0.0,0.0,0.0,96.875,96,-0.06669999999999732,-0.01670000000000016,12,63.153509,96.4917,96.7667,96.7632,93.6,99.0
2025-09-27 13:00:00,96.4917,96,120,0.0,0.0,61.606957,0.0,0.0,0.0,0.0,0.0,96.4917,96,-0.3833000000000055,-0.42500000000001137,13,61.606957,96.5583,96.5333,97.2791,91.6333,99.0
2025-09-27 14:00:00,96.5583,96,120,0.0,0.0,64.092174,0.0,0.0,0.0,0.0,0.0,96.5583,96,0.06660000000000821,-0.38339999999999463,14,64.092174,96.7667,96.925,93.225,92.7333,99.0
2025-09-27 15:00:00,96.7667,96,120,0.0,0.0,66.448246,0.0,0.0,0.0,0.0,0.0,96.7667,96,0.20839999999999748,-0.10829999999999984,15,66.448246,96.5333,96.7632,92.4917,92.3333,99.0
2025-09-27 16:00:00,96.5333,96,120,0.0,0.0,67.897391,0.0,0.0,0.0,0.0,0.0,96.5333,96,-0.23340000000000316,0.041600000000002524,16,67.897391,96.925,97.2791,97.2917,92.1429,99.0
2025-09-27 17:00:00,96.925,96,120,0.0,0.0,68.392104,0.0,0.0,0.0,0.0,0.0,96.925,96,0.39170000000000016,0.3666999999999945,17,68.392104,96.7632,93.225,92.1583,92.25,99.0
2025-09-27 18:00:00,96.7632,96,38,0.0,0.0,68.097297,0.0,0.0,0.0,0.0,0.0,96.7632,96,-0.1617999999999995,-0.003500000000002501,18,68.097297,97.2791,92.4917,93.6,92.2,99.0
2025-10-01 08:00:00,97.2791,93,43,0.0,0.0,44.842857,0.0,0.0,0.0,0.0,0.0,97.2791,93,0.515900000000002,0.7458000000000027,8,44.842857,93.225,97.2917,91.6333,92.4167,99.0
2025-10-01 09:00:00,93.225,91,120,0.0,0.0,45.526087,0.0,0.0,0.0,0.0,0.0,93.225,91,-4.054100000000005,-3.700000000000003,9,45.526087,92.4917,92.1583,92.7333,92.7583,99.0
2025-10-01 10:00:00,92.4917,90,120,0.0,0.0,50.995652,0.0,0.0,0.0,0.0,0.0,92.4917,90,-0.7332999999999998,-4.271500000000003,10,50.995652,97.2917,93.6,92.3333,92.55,99.0
2025-10-01 11:00:00,97.2917,96,120,0.0,0.0,57.767826,0.0,0.0,0.0,0.0,0.0,97.2917,96,4.800000000000011,0.012600000000006162,11,57.767826,92.1583,91.6333,92.1429,92.3226,99.0
2025-10-01 12:00:00,92.1583,56,120,0.25,0.25,69.226316,0.25,0.25,0.25,0.25,0.25,92.1583,56,-5.133400000000009,-1.0666999999999973,12,69.226316,93.6,92.7333,92.25,99.0,99.0
2025-10-01 13:00:00,93.6,92,120,0.25,0.25,75.722807,0.25,0.5,0.5,0.5,0.25,93.6,92,1.4416999999999973,1.1082999999999998,13,75.722807,91.6333,92.3333,92.2,99.0,99.0
2025-10-01 14:00:00,91.6333,91,120,0.0,0.25,67.78761,0.0,0.5,0.5,0.5,0.25,91.6333,91,-1.9666999999999888,-5.6584,14,67.78761,92.7333,92.1429,92.4167,99.0,99.0
2025-10-01 15:00:00,92.7333,90,120,0.0,0.25,69.49138,0.0,0.25,0.5,0.5,0.25,92.7333,90,1.0999999999999943,0.5750000000000028,15,69.49138,92.3333,92.25,92.7583,99.0,99.0
2025-10-01 16:00:00,92.3333,91,120,0.0,0.25,70.213913,0.0,0.0,0.5,0.5,0.25,92.3333,91,-0.4000000000000057,-1.2667000000000002,16,70.213913,92.1429,92.2,92.55,99.0,99.0
2025-10-01 17:00:00,92.1429,91,119,0.0,0.25,72.140869,0.0,0.0,0.5,0.5,0.25,92.1429,91,-0.1903999999999968,0.5095999999999918,17,72.140869,92.25,92.4167,92.3226,99.0,99.0
2025-10-01 18:00:00,92.25,91,120,0.0,0.25,74.991304,0.0,0.0,0.25,0.5,0.25,92.25,91,0.10710000000000264,-0.48329999999999984,18,74.991304,92.2,92.7583,99.0,99.0,99.0
2025-10-01 19:00:00,92.2,92,120,0.0,0.25,77.193103,0.0,0.0,0.0,0.5,0.25,92.2,92,-0.04999999999999716,-0.13329999999999131,19,77.193103,92.4167,92.55,99.0,99.0,99.0
2025-10-01 20:00:00,92.4167,92,120,0.0,0.25,78.817241,0.0,0.0,0.0,0.5,0.25,92.4167,92,0.216700000000003,0.2738000000000085,20,78.817241,92.7583,92.3226,99.0,99.0,99.0
2025-10-01 21:00:00,92.7583,92,120,0.0,0.25,80.16,0.0,0.0,0.0,0.5,0.25,92.7583,92,0.3415999999999997,0.5083000000000055,21,80.16,92.55,99.0,99.0,99.0,99.0
2025-10-01 22:00:00,92.55,92,120,0.0,0.25,80.890518,0.0,0.0,0.0,0.5,0.25,92.55,92,-0.20830000000000837,0.3499999999999943,22,80.890518,92.3226,99.0,99.0,99.0,99.0
2025-10-01 23:00:00,92.3226,92,31,0.0,0.25,81.013333,0.0,0.0,0.0,0.5,0.25,92.3226,92,-0.22740000000000293,-0.09410000000001162,23,81.013333,99.0,99.0,99.0,99.0,362.2333
2025-10-08 19:00:00,99.0,99,15,0.0,0.0,72.600001,0.0,0.0,0.0,0.25,0.0,99.0,99,6.677400000000006,6.2416999999999945,19,72.600001,99.0,99.0,99.0,99.0,362.8487
2025-10-08 20:00:00,99.0,99,40,0.0,0.0,71.074783,0.0,0.0,0.0,0.0,0.0,99.0,99,0.0,6.450000000000003,20,71.074783,99.0,99.0,99.0,99.0,362.1833
2025-10-08 21:00:00,99.0,99,37,0.0,0.0,71.492079,0.0,0.0,0.0,0.0,0.0,99.0,99,0.0,6.677400000000006,21,71.492079,99.0,99.0,99.0,99.0,363.3667
2025-10-08 22:00:00,99.0,99,40,0.0,0.0,74.674562,0.0,0.0,0.0,0.0,0.0,99.0,99,0.0,0.0,22,74.674562,99.0,99.0,99.0,99.0,364.55
2025-10-08 23:00:00,99.0,99,36,0.0,0.0,78.885715,0.0,0.0,0.0,0.0,0.0,99.0,99,0.0,0.0,23,78.885715,99.0,99.0,99.0,99.0,365.2417
2025-10-09 00:00:00,99.0,99,40,0.0,0.0,80.265217,0.0,0.0,0.0,0.0,0.0,99.0,99,0.0,0.0,0,80.265217,99.0,99.0,99.0,99.0,366.6667
2025-10-09 01:00:00,99.0,99,40,0.0,0.0,81.509649,0.0,0.0,0.0,0.0,0.0,99.0,99,0.0,0.0,1,81.509649,99.0,99.0,99.0,99.0,370.1417
2025-10-09 02:00:00,99.0,99,40,0.0,0.0,85.845217,0.0,0.0,0.0,0.0,0.0,99.0,99,0.0,0.0,2,85.845217,99.0,99.0,99.0,99.0,371.0259
2025-10-09 03:00:00,99.0,99,40,0.0,0.0,86.92,0.0,0.0,0.0,0.0,0.0,99.0,99,0.0,0.0,3,86.92,99.0,99.0,99.0,99.0,370.6833
2025-10-09 04:00:00,99.0,99,40,0.0,0.0,89.138261,0.0,0.0,0.0,0.0,0.0,99.0,99,0.0,0.0,4,89.138261,99.0,99.0,99.0,99.0,370.35
2025-10-09 05:00:00,99.0,99,40,0.0,0.0,85.688695,0.0,0.0,0.0,0.0,0.0,99.0,99,0.0,0.0,5,85.688695,99.0,99.0,99.0,99.0,369.875
2025-10-09 06:00:00,99.0,99,40,0.0,0.0,72.275439,0.0,0.0,0.0,0.0,0.0,99.0,99,0.0,0.0,6,72.275439,99.0,99.0,99.0,362.2333,369.7667
2025-10-09 07:00:00,99.0,99,40,0.0,0.0,65.353043,0.0,0.0,0.0,0.0,0.0,99.0,99,0.0,0.0,7,65.353043,99.0,99.0,99.0,362.8487,370.3417
2025-10-09 08:00:00,99.0,99,40,0.0,0.0,65.049565,0.0,0.0,0.0,0.0,0.0,99.0,99,0.0,0.0,8,65.049565,99.0,99.0,99.0,362.1833,370.4333
2025-10-09 09:00:00,99.0,99,40,0.0,0.0,57.746956,0.0,0.0,0.0,0.0,0.0,99.0,99,0.0,0.0,9,57.746956,99.0,99.0,99.0,363.3667,370.2333
2025-10-09 10:00:00,99.0,99,40,0.0,0.0,55.847369,0.0,0.0,0.0,0.0,0.0,99.0,99,0.0,0.0,10,55.847369,99.0,99.0,99.0,364.55,370.2417
2025-10-09 11:00:00,99.0,99,40,0.0,0.0,51.243478,0.0,0.0,0.0,0.0,0.0,99.0,99,0.0,0.0,11,51.243478,99.0,99.0,99.0,365.2417,364.8667
2025-10-09 12:00:00,99.0,99,39,0.0,0.0,51.633913,0.0,0.0,0.0,0.0,0.0,99.0,99,0.0,0.0,12,51.633913,99.0,99.0,362.2333,366.6667,365.6833
2025-10-09 13:00:00,99.0,99,40,0.0,0.0,48.77807,0.0,0.0,0.0,0.0,0.0,99.0,99,0.0,0.0,13,48.77807,99.0,99.0,362.8487,370.1417,363.6833
2025-10-09 14:00:00,99.0,99,40,0.0,0.0,49.422609,0.0,0.0,0.0,0.0,0.0,99.0,99,0.0,0.0,14,49.422609,99.0,99.0,362.1833,371.0259,363.9833
2025-10-09 15:00:00,99.0,99,40,0.0,0.0,47.013158,0.0,0.0,0.0,0.0,0.0,99.0,99,0.0,0.0,15,47.013158,99.0,362.2333,363.3667,370.6833,364.0
2025-10-09 16:00:00,99.0,99,38,1.02,1.02,51.982569,1.02,1.02,1.02,1.02,1.02,99.0,99,0.0,0.0,16,51.982569,99.0,362.8487,364.55,370.35,363.6083
2025-10-09 17:00:00,99.0,99,53,0.0,0.0,70.669197,0.0,1.02,1.02,1.02,0.0,99.0,99,0.0,0.0,17,70.669197,362.2333,362.1833,365.2417,369.875,364.0084
2025-10-16 23:00:00,362.2333,272,120,0.0,0.0,77.29913,0.0,1.02,1.02,1.02,0.0,362.2333,272,263.2333,263.2333,23,77.29913,362.8487,363.3667,366.6667,369.7667,364.0
2025-10-17 00:00:00,362.8487,362,119,0.0,0.0,76.488034,0.0,0.0,1.02,1.02,0.0,362.8487,362,0.6154000000000224,263.8487,0,76.488034,362.1833,364.55,370.1417,370.3417,363.9833
2025-10-17 01:00:00,362.1833,362,120,0.0,0.0,82.999999,0.0,0.0,1.02,1.02,0.0,362.1833,362,-0.6654000000000337,263.1833,1,82.999999,363.3667,365.2417,371.0259,370.4333,363.4
2025-10-17 02:00:00,363.3667,362,120,0.0,0.0,84.59569,0.0,0.0,1.02,1.02,0.0,363.3667,362,1.183400000000006,1.1333999999999946,2,84.59569,364.55,366.6667,370.6833,370.2333,363.7417
2025-10-17 03:00:00,364.55,364,120,0.0,0.0,85.250862,0.0,0.0,0.0,1.02,0.0,364.55,364,1.183300000000031,1.7013000000000034,3,85.250862,365.2417,370.1417,370.35,370.2417,364.675
2025-10-17 04:00:00,365.2417,365,120,0.0,0.0,86.077587,0.0,0.0,0.0,1.02,0.0,365.2417,365,0.6916999999999689,3.058400000000006,4,86.077587,366.6667,371.0259,369.875,364.8667,365.775
2025-10-17 05:00:00,366.6667,366,120,0.0,0.0,86.190517,0.0,0.0,0.0,1.02,0.0,366.6667,366,1.4250000000000114,3.3000000000000114,5,86.190517,370.1417,370.6833,369.7667,365.6833,374.625
2025-10-17 06:00:00,370.1417,368,120,0.0,0.0,73.027586,0.0,0.0,0.0,1.02,0.0,370.1417,368,3.4750000000000227,5.591700000000003,6,73.027586,371.0259,370.35,370.3417,363.6833,395.2667
2025-10-17 07:00:00,371.0259,370,116,0.0,0.0,63.600862,0.0,0.0,0.0,1.02,0.0,371.0259,370,0.8841999999999643,5.7841999999999985,7,63.600862,370.6833,369.875,370.4333,363.9833,409.4333
2025-10-17 08:00:00,370.6833,370,120,0.0,0.0,63.631034,0.0,0.0,0.0,1.02,0.0,370.6833,370,-0.34260000000000446,4.016599999999983,8,63.631034,370.35,369.7667,370.2333,364.0,420.3
2025-10-17 09:00:00,370.35,369,120,0.0,0.0,63.046552,0.0,0.0,0.0,0.0,0.0,370.35,369,-0.3332999999999515,0.20830000000000837,9,63.046552,369.875,370.3417,370.2417,363.6083,423.3167
2025-10-17 10:00:00,369.875,369,120,0.0,0.0,61.510526,0.0,0.0,0.0,0.0,0.0,369.875,369,-0.47500000000002274,-1.1508999999999787,10,61.510526,369.7667,370.4333,364.8667,364.0084,411.05
2025-10-17 11:00:00,369.7667,368,120,0.0,0.0,61.462069,0.0,0.0,0.0,0.0,0.0,369.7667,368,-0.10829999999998563,-0.9165999999999599,11,61.462069,370.3417,370.2333,365.6833,364.0,401.2583
2025-10-17 12:00:00,370.3417,369,120,0.0,0.0,59.112174,0.0,0.0,0.0,0.0,0.0,370.3417,369,0.5749999999999886,-0.008300000000019736,12,59.112174,370.4333,370.2417,363.6833,363.9833,393.7333
2025-10-17 13:00:00,370.4333,369,120,0.0,0.0,57.126724,0.0,0.0,0.0,0.0,0.0,370.4333,369,0.09159999999997126,0.5582999999999743,13,57.126724,370.2333,364.8667,363.9833,363.4,388.1667
2025-10-17 14:00:00,370.2333,369,120,0.0,0.0,54.224348,0.0,0.0,0.0,0.0,0.0,370.2333,369,-0.19999999999998863,0.46659999999997126,14,54.224348,370.2417,365.6833,364.0,363.7417,383.6417
2025-10-17 15:00:00,370.2417,369,120,0.0,0.0,57.764655,0.0,0.0,0.0,0.0,0.0,370.2417,369,0.008399999999994634,-0.10000000000002274,15,57.764655,364.8667,363.6833,363.6083,364.675,381.1
2025-10-17 16:00:00,364.8667,226,120,0.0,0.0,66.468965,0.0,0.0,0.0,0.0,0.0,364.8667,226,-5.375,-5.566599999999994,16,66.468965,365.6833,363.9833,364.0084,365.775,377.8583
2025-10-17 17:00:00,365.6833,365,120,0.0,0.0,74.81913,0.0,0.0,0.0,0.0,0.0,365.6833,365,0.816599999999994,-4.550000000000011,17,74.81913,363.6833,364.0,364.0,374.625,372.4
2025-10-17 18:00:00,363.6833,260,120,0.0,0.0,77.060869,0.0,0.0,0.0,0.0,0.0,363.6833,260,-2.0,-6.558400000000006,18,77.060869,363.9833,363.6083,363.9833,395.2667,371.55
2025-10-17 19:00:00,363.9833,320,120,0.0,0.0,78.527826,0.0,0.0,0.0,0.0,0.0,363.9833,320,0.30000000000001137,-0.8833999999999946,19,78.527826,364.0,364.0084,363.4,409.4333,370.4917
2025-10-17 20:00:00,364.0,364,120,0.0,0.0,78.499138,0.0,0.0,0.0,0.0,0.0,364.0,364,0.01670000000001437,-1.6832999999999743,20,78.499138,363.6083,364.0,363.7417,420.3,369.9083
2025-10-17 21:00:00,363.6083,317,120,0.0,0.0,79.053913,0.0,0.0,0.0,0.0,0.0,363.6083,317,-0.39170000000001437,-0.07499999999998863,21,79.053913,364.0084,363.9833,364.675,423.3167,369.5167
2025-10-17 22:00:00,364.0084,364,119,0.0,0.0,80.235652,0.0,0.0,0.0,0.0,0.0,364.0084,364,0.400100000000009,0.025100000000009004,22,80.235652,364.0,363.4,365.775,411.05,368.7203
2025-10-17 23:00:00,364.0,364,117,0.0,0.0,81.6,0.0,0.0,0.0,0.0,0.0,364.0,364,-0.008399999999994634,0.0,23,81.6,363.9833,363.7417,374.625,401.2583,368.5
2025-10-18 00:00:00,363.9833,363,120,0.0,0.0,81.047414,0.0,0.0,0.0,0.0,0.0,363.9833,363,-0.01670000000001437,0.375,0,81.047414,363.4,364.675,395.2667,393.7333,367.5083
2025-10-18 01:00:00,363.4,363,120,0.0,0.0,81.896581,0.0,0.0,0.0,0.0,0.0,363.4,363,-0.5833000000000084,-0.6084000000000174,1,81.896581,363.7417,365.775,409.4333,388.1667,366.725
2025-10-18 02:00:00,363.7417,360,120,0.0,0.0,84.902586,0.0,0.0,0.0,0.0,0.0,363.7417,360,0.341700000000003,-0.25830000000001974,2,84.902586,364.675,374.625,420.3,383.6417,365.975
2025-10-18 03:00:00,364.675,364,120,0.0,0.0,88.115518,0.0,0.0,0.0,0.0,0.0,364.675,364,0.9333000000000311,0.6917000000000257,3,88.115518,365.775,395.2667,423.3167,381.1,365.9917
2025-10-18 04:00:00,365.775,365,120,0.0,0.0,88.529311,0.0,0.0,0.0,0.0,0.0,365.775,365,1.099999999999966,2.375,4,88.529311,374.625,409.4333,411.05,377.8583,366.2833
2025-10-18 05:00:00,374.625,366,120,0.0,0.0,88.843965,0.0,0.0,0.0,0.0,0.0,374.625,366,8.850000000000023,10.88330000000002,5,88.843965,395.2667,420.3,401.2583,372.4,379.6
2025-10-18 06:00:00,395.2667,385,120,0.0,0.0,67.906035,0.0,0.0,0.0,0.0,0.0,395.2667,385,20.641700000000014,30.591700000000003,6,67.906035,409.4333,423.3167,393.7333,371.55,397.5917
2025-10-18 07:00:00,409.4333,404,120,0.0,0.0,66.789655,0.0,0.0,0.0,0.0,0.0,409.4333,404,14.16659999999996,43.6583,7,66.789655,420.3,411.05,388.1667,370.4917,396.2917
2025-10-18 08:00:00,420.3,415,120,0.0,0.0,70.548696,0.0,0.0,0.0,0.0,0.0,420.3,415,10.866700000000037,45.67500000000001,8,70.548696,423.3167,401.2583,383.6417,369.9083,388.8167
2025-10-18 09:00:00,423.3167,417,120,0.0,0.0,65.011207,0.0,0.0,0.0,0.0,0.0,423.3167,417,3.0167000000000144,28.05000000000001,9,65.011207,411.05,393.7333,381.1,369.5167,384.1083
2025-10-18 10:00:00,411.05,406,120,0.0,0.0,62.570435,0.0,0.0,0.0,0.0,0.0,411.05,406,-12.266700000000014,1.616700000000037,10,62.570435,401.2583,388.1667,377.8583,368.7203,381.0667
2025-10-18 11:00:00,401.2583,397,120,0.0,0.0,57.847414,0.0,0.0,0.0,0.0,0.0,401.2583,397,-9.791699999999992,-19.04169999999999,11,57.847414,393.7333,383.6417,372.4,368.5,378.175
2025-10-18 12:00:00,393.7333,390,120,0.0,0.0,48.274138,0.0,0.0,0.0,0.0,0.0,393.7333,390,-7.525000000000034,-29.58340000000004,12,48.274138,388.1667,381.1,371.55,367.5083,376.2583
2025-10-18 13:00:00,388.1667,385,120,0.0,0.0,44.490517,0.0,0.0,0.0,0.0,0.0,388.1667,385,-5.566599999999994,-22.88330000000002,13,44.490517,383.6417,377.8583,370.4917,366.725,373.7417
2025-10-18 14:00:00,383.6417,381,120,0.0,0.0,46.6,0.0,0.0,0.0,0.0,0.0,383.6417,381,-4.524999999999977,-17.616600000000005,14,46.6,381.1,372.4,369.9083,365.975,372.5417
2025-10-18 15:00:00,381.1,380,120,0.0,0.0,51.420513,0.0,0.0,0.0,0.0,0.0,381.1,380,-2.5416999999999916,-12.633299999999963,15,51.420513,377.8583,371.55,369.5167,365.9917,369.1833
2025-10-18 16:00:00,377.8583,374,120,0.0,0.0,55.995652,0.0,0.0,0.0,0.0,0.0,377.8583,374,-3.241700000000037,-10.308400000000006,16,55.995652,372.4,370.4917,368.7203,366.2833,367.9583
2025-10-18 17:00:00,372.4,307,120,0.0,0.0,66.489655,0.0,0.0,0.0,0.0,0.0,372.4,307,-5.458300000000008,-11.241700000000037,17,66.489655,371.55,369.9083,368.5,379.6,367.0083
2025-10-18 18:00:00,371.55,371,120,0.0,0.0,73.015517,0.0,0.0,0.0,0.0,0.0,371.55,371,-0.8499999999999659,-9.550000000000011,18,73.015517,370.4917,369.5167,367.5083,397.5917,366.4333
2025-10-18 19:00:00,370.4917,360,120,0.0,0.0,74.890351,0.0,0.0,0.0,0.0,0.0,370.4917,360,-1.058300000000031,-7.366600000000005,19,74.890351,369.9083,368.7203,366.725,396.2917,365.6975
2025-10-18 20:00:00,369.9083,362,120,0.0,0.0,77.837931,0.0,0.0,0.0,0.0,0.0,369.9083,362,-0.5833999999999833,-2.4916999999999803,20,77.837931,369.5167,368.5,365.975,388.8167,366.175
2025-10-18 21:00:00,369.5167,369,120,0.0,0.0,78.164655,0.0,0.0,0.0,0.0,0.0,369.5167,369,-0.39159999999998263,-2.033299999999997,21,78.164655,368.7203,367.5083,365.9917,384.1083,366.3417
2025-10-18 22:00:00,368.7203,336,118,0.0,0.0,80.19469,0.0,0.0,0.0,0.0,0.0,368.7203,336,-0.7964000000000055,-1.7713999999999714,22,80.19469,368.5,366.725,366.2833,381.0667,365.5678
2025-10-18 23:00:00,368.5,368,120,0.0,0.0,75.315517,0.0,0.0,0.0,0.0,0.0,368.5,368,-0.22030000000000882,-1.408299999999997,23,75.315517,367.5083,365.975,379.6,378.175,365.2417
2025-10-19 00:00:00,367.5083,361,120,0.0,0.0,77.223276,0.0,0.0,0.0,0.0,0.0,367.5083,361,-0.9916999999999803,-2.0083999999999946,0,77.223276,366.725,365.9917,397.5917,376.2583,365.0083
2025-10-19 01:00:00,366.725,366,120,0.0,0.0,81.675439,0.0,0.0,0.0,0.0,0.0,366.725,366,-0.783299999999997,-1.995299999999986,1,81.675439,365.975,366.2833,396.2917,373.7417,364.7583
2025-10-19 02:00:00,365.975,365,120,0.0,0.0,83.360869,0.0,0.0,0.0,0.0,0.0,365.975,365,-0.75,-2.5249999999999773,2,83.360869,365.9917,379.6,388.8167,372.5417,364.9083
2025-10-19 03:00:00,365.9917,365,120,0.0,0.0,82.183621,0.0,0.0,0.0,0.0,0.0,365.9917,365,0.016699999999957527,-1.5166000000000395,3,82.183621,366.2833,397.5917,384.1083,369.1833,365.0
2025-10-19 04:00:00,366.2833,366,120,0.0,0.0,81.94569,0.0,0.0,0.0,0.0,0.0,366.2833,366,0.29160000000001673,-0.44170000000002574,4,81.94569,379.6,396.2917,381.0667,367.9583,364.7833
2025-10-19 05:00:00,379.6,369,120,0.0,0.0,83.714655,0.0,0.0,0.0,0.0,0.0,379.6,369,13.316700000000026,13.625,5,83.714655,397.5917,388.8167,378.175,367.0083,366.475
2025-10-19 06:00:00,397.5917,389,120,0.0,0.0,76.235345,0.0,0.0,0.0,0.0,0.0,397.5917,389,17.99169999999998,31.600000000000023,6,76.235345,396.2917,384.1083,376.2583,366.4333,383.925
2025-10-19 07:00:00,396.2917,392,120,0.0,0.0,74.564102,0.0,0.0,0.0,0.0,0.0,396.2917,392,-1.3000000000000114,30.008399999999995,7,74.564102,388.8167,381.0667,373.7417,365.6975,400.825
2025-10-19 08:00:00,388.8167,386,120,0.0,0.0,68.676522,0.0,0.0,0.0,0.0,0.0,388.8167,386,-7.474999999999966,9.216700000000003,8,68.676522,384.1083,378.175,372.5417,366.175,412.0333
2025-10-19 09:00:00,384.1083,382,120,0.0,0.0,65.931035,0.0,0.0,0.0,0.0,0.0,384.1083,382,-4.70840000000004,-13.483400000000017,9,65.931035,381.0667,376.2583,369.1833,366.3417,423.5333
2025-10-19 10:00:00,381.0667,378,120,0.0,0.0,62.053043,0.0,0.0,0.0,0.0,0.0,381.0667,378,-3.04159999999996,-15.224999999999966,10,62.053043,378.175,373.7417,367.9583,365.5678,420.8667
2025-10-19 11:00:00,378.175,377,120,0.0,0.0,58.145217,0.0,0.0,0.0,0.0,0.0,378.175,377,-2.8917000000000144,-10.641700000000014,11,58.145217,376.2583,372.5417,367.0083,365.2417,407.25
2025-10-19 12:00:00,376.2583,374,120,0.0,0.0,52.95,0.0,0.0,0.0,0.0,0.0,376.2583,374,-1.9166999999999916,-7.849999999999966,12,52.95,373.7417,369.1833,366.4333,365.0083,396.7333
2025-10-19 13:00:00,373.7417,372,120,0.0,0.0,57.1,0.0,0.0,0.0,0.0,0.0,373.7417,372,-2.5166000000000395,-7.3250000000000455,13,57.1,372.5417,367.9583,365.6975,364.7583,391.15
2025-10-19 14:00:00,372.5417,371,120,0.0,0.0,54.772414,0.0,0.0,0.0,0.0,0.0,372.5417,371,-1.1999999999999886,-5.63330000000002,14,54.772414,369.1833,367.0083,366.175,364.9083,402.3917
2025-10-19 15:00:00,369.1833,368,120,0.0,0.0,63.852174,0.0,0.0,0.0,0.0,0.0,369.1833,368,-3.3584000000000174,-7.0750000000000455,15,63.852174,367.9583,366.4333,366.3417,365.0,411.7833
2025-10-19 16:00:00,367.9583,367,120,0.51,0.51,65.792241,0.51,0.51,0.51,0.51,0.51,367.9583,367,-1.224999999999966,-5.783399999999972,16,65.792241,367.0083,365.6975,365.5678,364.7833,416.4874
2025-10-19 17:00:00,367.0083,367,120,2.03,2.54,71.198261,2.03,2.54,2.54,2.54,2.54,367.0083,367,-0.9499999999999886,-5.533399999999972,17,71.198261,366.4333,366.175,365.2417,366.475,403.5917
2025-10-19 18:00:00,366.4333,307,120,2.03,2.54,77.892174,2.03,4.569999999999999,4.569999999999999,4.569999999999999,2.54,366.4333,307,-0.5750000000000455,-2.75,18,77.892174,365.6975,366.3417,365.0083,383.925,390.8417
2025-10-19 19:00:00,365.6975,318,119,0.0,2.54,79.844828,0.0,4.06,4.569999999999999,4.569999999999999,2.54,365.6975,318,-0.7357999999999834,-2.2608000000000175,19,79.844828,366.175,365.5678,364.7583,400.825,383.9083
2025-10-19 20:00:00,366.175,366,120,0.0,2.54,78.584211,0.0,2.0299999999999994,4.569999999999999,4.569999999999999,2.54,366.175,366,0.47750000000002046,-0.8333000000000084,20,78.584211,366.3417,365.2417,364.9083,412.0333,378.4872
2025-10-19 21:00:00,366.3417,359,120,0.25,2.79,85.693966,0.25,0.24999999999999956,4.819999999999999,4.819999999999999,2.79,366.3417,359,0.16669999999999163,-0.09159999999997126,21,85.693966,365.5678,365.0083,365.0,423.5333,374.3241
2025-10-19 22:00:00,365.5678,365,118,0.25,2.79,93.657017,0.25,0.49999999999999956,4.56,5.069999999999999,2.79,365.5678,365,-0.773900000000026,-0.12970000000001392,22,93.657017,365.2417,364.7583,364.7833,420.8667,371.8824
2025-10-19 23:00:00,365.2417,365,120,0.0,2.79,91.548276,0.0,0.49999999999999956,2.5299999999999994,5.069999999999999,2.79,365.2417,365,-0.3260999999999967,-0.9333000000000311,23,91.548276,365.0083,364.9083,366.475,407.25,365.725
2025-10-20 00:00:00,365.0083,365,120,0.0,2.79,92.371304,0.0,0.24999999999999956,0.49999999999999956,5.069999999999999,2.79,365.0083,365,-0.23339999999996053,-1.3333999999999833,0,92.371304,364.7583,365.0,383.925,396.7333,365.2167
2025-10-20 01:00:00,364.7583,343,120,0.0,2.79,91.618103,0.0,0.0,0.49999999999999956,5.069999999999999,2.79,364.7583,343,-0.25,-0.8094999999999573,1,91.618103,364.9083,364.7833,400.825,391.15,350.8083
2025-10-20 02:00:00,364.9083,364,120,0.0,2.79,92.189655,0.0,0.0,0.49999999999999956,5.069999999999999,2.79,364.9083,364,0.14999999999997726,-0.33339999999998327,2,92.189655,365.0,366.475,412.0333,402.3917,344.275
2025-10-20 03:00:00,365.0,365,120,0.0,2.79,91.363793,0.0,0.0,0.24999999999999956,5.069999999999999,2.79,365.0,365,0.091700000000003,-0.008300000000019736,3,91.363793,364.7833,383.925,423.5333,411.7833,341.25
2025-10-20 04:00:00,364.7833,329,120,0.0,2.79,90.406035,0.0,0.0,0.0,4.56,2.79,364.7833,329,-0.216700000000003,0.024999999999977263,4,90.406035,366.475,400.825,420.8667,416.4874,344.2
2025-10-20 05:00:00,366.475,365,120,0.0,2.79,89.127587,0.0,0.0,0.0,2.5299999999999994,2.79,366.475,365,1.6917000000000257,1.5667000000000257,5,89.127587,383.925,412.0333,407.25,403.5917,357.45
2025-10-20 06:00:00,383.925,372,120,0.25,3.05,74.022413,0.25,0.24999999999999956,0.24999999999999956,0.7499999999999996,3.05,383.925,372,17.44999999999999,18.92500000000001,6,74.022413,400.825,423.5333,396.7333,390.8417,369.3583
2025-10-20 07:00:00,400.825,394,120,0.25,3.05,66.105173,0.25,0.49999999999999956,0.49999999999999956,0.9999999999999996,3.05,400.825,394,16.899999999999977,36.04169999999999,7,66.105173,412.0333,420.8667,391.15,383.9083,376.6333
2025-10-20 08:00:00,412.0333,407,120,0.0,3.05,73.02087,0.0,0.49999999999999956,0.49999999999999956,0.9999999999999996,3.05,412.0333,407,11.208300000000008,45.558299999999974,8,73.02087,423.5333,407.25,402.3917,378.4872,376.9
2025-10-20 09:00:00,423.5333,418,120,0.0,3.05,67.493965,0.0,0.24999999999999956,0.49999999999999956,0.7499999999999996,3.05,423.5333,418,11.5,39.608299999999986,9,67.493965,420.8667,396.7333,411.7833,374.3241,372.7583
2025-10-20 10:00:00,420.8667,413,120,0.0,3.05,63.899138,0.0,0.0,0.49999999999999956,0.49999999999999956,3.05,420.8667,413,-2.6666000000000167,20.04169999999999,10,63.899138,407.25,391.15,416.4874,371.8824,371.9917
2025-10-20 11:00:00,407.25,402,120,0.0,3.05,64.39569,0.0,0.0,0.49999999999999956,0.49999999999999956,3.05,407.25,402,-13.61669999999998,-4.783299999999997,11,64.39569,396.7333,402.3917,403.5917,365.725,374.7
2025-10-20 12:00:00,396.7333,392,120,0.0,3.05,71.391304,0.0,0.0,0.24999999999999956,0.49999999999999956,3.05,396.7333,392,-10.516700000000014,-26.80000000000001,12,71.391304,391.15,411.7833,390.8417,365.2167,379.4167
2025-10-20 13:00:00,391.15,387,120,0.0,3.05,77.89569,0.0,0.0,0.0,0.49999999999999956,3.05,391.15,387,-5.583300000000008,-29.716700000000003,13,77.89569,402.3917,416.4874,383.9083,350.8083,383.4083
2025-10-20 14:00:00,402.3917,396,120,0.0,3.05,77.229565,0.0,0.0,0.0,0.49999999999999956,3.05,402.3917,396,11.241700000000037,-4.858299999999986,14,77.229565,411.7833,403.5917,378.4872,344.275,373.25
2025-10-20 15:00:00,411.7833,407,120,0.0,3.05,74.148276,0.0,0.0,0.0,0.49999999999999956,3.05,411.7833,407,9.391599999999983,15.050000000000011,15,74.148276,416.4874,390.8417,374.3241,341.25,365.3417
2025-10-20 16:00:00,416.4874,411,119,0.0,2.54,76.947414,0.0,0.0,0.0,0.49999999999999956,2.54,416.4874,411,4.704099999999983,25.337400000000002,16,76.947414,403.5917,383.9083,371.8824,344.2,362.7083
2025-10-20 17:00:00,403.5917,390,120,0.0,2.54,81.389565,0.0,0.0,0.0,0.49999999999999956,2.54,403.5917,390,-12.895699999999977,1.1999999999999886,17,81.389565,390.8417,378.4872,365.725,357.45,366.2083
2025-10-20 18:00:00,390.8417,254,120,0.0,0.51,85.931897,0.0,0.0,0.0,0.24999999999999956,0.51,390.8417,254,-12.75,-20.941599999999994,18,85.931897,383.9083,374.3241,365.2167,369.3583,368.775
2025-10-20 19:00:00,383.9083,346,120,0.0,0.51,86.384348,0.0,0.0,0.0,0.0,0.51,383.9083,346,-6.933400000000006,-32.57909999999998,19,86.384348,378.4872,371.8824,350.8083,376.6333,369.625
2025-10-20 20:00:00,378.4872,376,117,0.0,0.51,87.540708,0.0,0.0,0.0,0.0,0.51,378.4872,376,-5.421100000000024,-25.10450000000003,20,87.540708,374.3241,365.725,344.275,376.9,363.475
2025-10-20 21:00:00,374.3241,373,108,0.0,0.51,87.65619,0.0,0.0,0.0,0.0,0.51,374.3241,373,-4.163099999999986,-16.517600000000016,21,87.65619,371.8824,365.2167,341.25,372.7583,352.6167
2025-10-20 22:00:00,371.8824,371,119,0.0,0.25,84.495652,0.0,0.0,0.0,0.0,0.25,371.8824,371,-2.441699999999969,-12.025899999999979,22,84.495652,365.725,350.8083,344.2,371.9917,348.8475
2025-10-20 23:00:00,365.725,192,120,12.45,12.7,93.439655,12.45,12.45,12.45,12.45,12.7,365.725,192,-6.1573999999999955,-12.76219999999995,23,93.439655,365.2167,344.275,357.45,374.7,347.9833
2025-10-21 00:00:00,365.2167,318,120,12.95,13.46,100.0,12.95,25.4,25.4,25.4,13.46,365.2167,318,-0.5083000000000197,-9.107399999999984,0,100.0,350.8083,341.25,369.3583,379.4167,348.1261
2025-10-21 01:00:00,350.8083,346,120,0.25,13.46,100.0,0.25,25.65,25.65,25.65,13.46,350.8083,346,-14.408400000000029,-21.074100000000044,1,100.0,344.275,344.2,376.6333,383.4083,348.8417
2025-10-21 02:00:00,344.275,342,120,2.03,15.49,99.416379,2.03,15.229999999999999,27.68,27.68,15.49,344.275,342,-6.533299999999997,-21.450000000000045,2,99.416379,341.25,357.45,376.9,373.25,356.7899
2025-10-21 03:00:00,341.25,340,120,2.03,15.49,100.0,2.03,4.31,29.709999999999997,29.709999999999997,15.49,341.25,340,-3.0249999999999773,-23.966700000000003,3,100.0,344.2,369.3583,372.7583,365.3417,371.9
2025-10-21 04:00:00,344.2,340,120,1.78,17.27,100.0,1.78,5.84,31.49,31.49,17.27,344.2,340,2.9499999999999886,-6.608299999999986,4,100.0,357.45,376.6333,371.9917,362.7083,382.7333
2025-10-21 05:00:00,357.45,351,120,1.78,17.27,100.0,1.78,5.59,20.82,33.269999999999996,17.27,357.45,351,13.25,13.175000000000011,5,100.0,369.3583,376.9,374.7,366.2083,392.025
2025-10-21 06:00:00,369.3583,363,120,0.0,17.27,93.722414,0.0,3.56,7.869999999999999,33.269999999999996,17.27,369.3583,363,11.908299999999997,28.108299999999986,6,93.722414,376.6333,372.7583,379.4167,368.775,400.85
2025-10-21 07:00:00,376.6333,374,120,0.0,17.02,77.788793,0.0,1.78,7.619999999999999,33.269999999999996,17.02,376.6333,374,7.275000000000034,32.43330000000003,7,77.788793,376.9,371.9917,383.4083,369.625,408.5833
2025-10-21 08:00:00,376.9,278,120,12.45,29.46,93.140517,12.45,12.45,18.04,45.72,29.46,376.9,278,0.2666999999999575,19.44999999999999,8,93.140517,372.7583,374.7,373.25,363.475,415.3
2025-10-21 09:00:00,372.7583,371,120,12.45,30.23,100.0,12.45,24.9,28.459999999999997,58.169999999999995,30.23,372.7583,371,-4.1416999999999575,3.400000000000034,9,100.0,371.9917,379.4167,365.3417,352.6167,420.0417
2025-10-21 10:00:00,371.9917,370,120,0.76,30.48,98.858621,0.76,25.66,27.44,58.93,30.48,371.9917,370,-0.7666000000000395,-4.6416000000000395,10,98.858621,374.7,383.4083,362.7083,348.8475,425.7417
2025-10-21 11:00:00,374.7,371,120,0.25,30.48,84.559482,0.25,13.459999999999999,25.91,46.730000000000004,30.48,374.7,371,2.7083000000000084,-2.1999999999999886,11,84.559482,379.4167,373.25,366.2083,347.9833,416.05
2025-10-21 12:00:00,379.4167,377,120,0.0,30.48,79.198261,0.0,1.01,25.91,33.78,30.48,379.4167,377,4.716700000000003,6.658399999999972,12,79.198261,383.4083,365.3417,368.775,348.1261,400.9333
2025-10-21 13:00:00,383.4083,379,120,0.0,30.48,69.677586,0.0,0.25,25.91,33.53,30.48,383.4083,379,3.9916000000000054,11.416600000000017,13,69.677586,373.25,362.7083,369.625,348.8417,390.6167
2025-10-21 14:00:00,373.25,369,120,0.0,30.48,71.65913,0.0,0.0,13.459999999999999,31.499999999999996,30.48,373.25,369,-10.158299999999997,-1.4499999999999886,14,71.65913,365.3417,366.2083,363.475,356.7899,389.4583
2025-10-21 15:00:00,365.3417,363,120,0.0,30.48,76.654782,0.0,0.0,1.01,29.47,30.48,365.3417,363,-7.908299999999997,-14.074999999999989,15,76.654782,362.7083,368.775,352.6167,371.9,400.8167
2025-10-21 16:00:00,362.7083,360,120,6.35,37.08,96.853043,6.35,6.35,6.6,34.04,37.08,362.7083,360,-2.6333999999999946,-20.69999999999999,16,96.853043,366.2083,369.625,348.8475,382.7333,409.7167
2025-10-21 17:00:00,366.2083,271,120,6.35,37.59,99.99913,6.35,12.7,12.7,38.61,37.59,366.2083,271,3.5,-7.041699999999992,17,99.99913,368.775,363.475,347.9833,392.025,409.4333
2025-10-21 18:00:00,368.775,353,120,0.51,37.85,100.0,0.51,13.209999999999999,13.209999999999999,39.12,37.85,368.775,353,2.566699999999969,3.4332999999999743,18,100.0,369.625,352.6167,348.1261,400.85,394.8136
2025-10-21 19:00:00,369.625,360,120,0.25,37.85,99.992105,0.25,7.109999999999999,13.459999999999999,39.37,37.85,369.625,360,0.8500000000000227,6.916699999999992,19,99.992105,363.475,348.8475,348.8417,408.5833,385.9417
2025-10-21 20:00:00,363.475,357,120,0.0,37.85,99.994828,0.0,0.76,13.459999999999999,26.92,37.85,363.475,357,-6.149999999999977,-2.7332999999999856,20,99.994828,352.6167,347.9833,356.7899,415.3,378.775
2025-10-21 21:00:00,352.6167,350,120,0.0,37.85,99.814783,0.0,0.25,13.459999999999999,14.469999999999999,37.85,352.6167,350,-10.858300000000042,-16.158299999999997,21,99.814783,348.8475,348.1261,371.9,420.0417,373.9083
2025-10-21 22:00:00,348.8475,348,118,0.0,37.85,99.567826,0.0,0.0,7.109999999999999,13.709999999999999,37.85,348.8475,348,-3.7691999999999553,-20.777499999999975,22,99.567826,347.9833,348.8417,382.7333,425.7417,370.2458
2025-10-21 23:00:00,347.9833,347,120,0.51,38.35,99.701739,0.51,0.51,1.27,13.969999999999999,38.35,347.9833,347,-0.8642000000000394,-15.491700000000037,23,99.701739,348.1261,356.7899,392.025,416.05,367.2083
2025-10-22 00:00:00,348.1261,348,119,0.51,25.4,99.993913,0.51,1.02,1.27,14.479999999999999,25.4,348.1261,348,0.14280000000002246,-4.490599999999972,0,99.993913,348.8417,371.9,400.85,400.9333,365.3667
2025-10-22 01:00:00,348.8417,334,120,0.0,25.4,99.728205,0.0,1.02,1.02,14.479999999999999,25.4,348.8417,334,0.7155999999999949,-0.00580000000002201,1,99.728205,356.7899,382.7333,408.5833,390.6167,363.2917
2025-10-22 02:00:00,356.7899,262,119,0.0,25.4,99.355652,0.0,0.51,1.02,14.479999999999999,25.4,356.7899,262,7.948199999999986,8.806600000000003,2,99.355652,371.9,392.025,415.3,389.4583,361.6441
2025-10-22 03:00:00,371.9,366,120,0.0,23.37,99.074138,0.0,0.0,1.02,14.479999999999999,23.37,371.9,366,15.110099999999989,23.77389999999997,3,99.074138,382.7333,400.85,420.0417,400.8167,361.0084
2025-10-22 04:00:00,382.7333,378,120,0.0,23.37,99.022222,0.0,0.0,1.02,8.129999999999999,23.37,382.7333,378,10.833300000000008,33.89159999999998,4,99.022222,392.025,408.5833,425.7417,409.7167,365.175
2025-10-22 05:00:00,392.025,387,120,0.0,21.59,97.025,0.0,0.0,0.51,1.78,21.59,392.025,387,9.291699999999992,35.23509999999999,5,97.025,400.85,415.3,416.05,409.4333,381.975
2025-10-22 06:00:00,400.85,397,120,0.0,21.59,88.815652,0.0,0.0,0.0,1.27,21.59,400.85,397,8.825000000000045,28.950000000000045,6,88.815652,408.5833,420.0417,400.9333,394.8136,397.1583
2025-10-22 07:00:00,408.5833,405,120,0.0,21.59,79.042241,0.0,0.0,0.0,1.02,21.59,408.5833,405,7.733299999999986,25.850000000000023,7,79.042241,415.3,425.7417,390.6167,385.9417,407.1333
2025-10-22 08:00:00,415.3,412,120,0.0,21.59,68.195652,0.0,0.0,0.0,1.02,21.59,415.3,412,6.716700000000003,23.275000000000034,8,68.195652,420.0417,416.05,389.4583,378.775,413.375
2025-10-22 09:00:00,420.0417,418,120,0.0,8.89,64.381034,0.0,0.0,0.0,1.02,8.89,420.0417,418,4.74169999999998,19.19169999999997,9,64.381034,425.7417,400.9333,400.8167,373.9083,418.3833
2025-10-22 10:00:00,425.7417,423,120,0.0,8.38,68.707826,0.0,0.0,0.0,1.02,8.38,425.7417,423,5.699999999999989,17.158399999999972,10,68.707826,416.05,390.6167,409.7167,370.2458,403.5667
2025-10-22 11:00:00,416.05,407,120,3.05,11.18,76.70431,3.05,3.05,3.05,3.5599999999999996,11.18,416.05,407,-9.691699999999969,0.75,11,76.70431,400.9333,389.4583,409.4333,367.2083,391.7227
2025-10-22 12:00:00,400.9333,395,120,3.05,11.18,80.556522,3.05,6.1,6.1,6.1,11.18,400.9333,395,-15.116700000000037,-19.108400000000017,12,80.556522,390.6167,400.8167,394.8136,365.3667,382.4417
2025-10-22 13:00:00,390.6167,386,120,0.0,11.18,76.737391,0.0,6.1,6.1,6.1,11.18,390.6167,386,-10.316599999999994,-35.125,13,76.737391,389.4583,409.7167,385.9417,363.2917,374.7583
2025-10-22 14:00:00,389.4583,384,120,0.0,11.18,77.333621,0.0,3.05,6.1,6.1,11.18,389.4583,384,-1.158399999999972,-26.591700000000003,14,77.333621,400.8167,409.4333,378.775,361.6441,374.6583
2025-10-22 15:00:00,400.8167,396,120,0.0,11.18,80.672174,0.0,0.0,6.1,6.1,11.18,400.8167,396,11.358400000000017,-0.11659999999994852,15,80.672174,409.7167,394.8136,373.9083,361.0084,387.1083
2025-10-22 16:00:00,409.7167,406,120,0.0,11.18,77.832759,0.0,0.0,6.1,6.1,11.18,409.7167,406,8.899999999999977,19.100000000000023,16,77.832759,409.4333,385.9417,370.2458,365.175,388.0504
2025-10-22 17:00:00,409.4333,354,120,1.78,6.35,82.624348,1.78,1.78,4.83,7.88,6.35,409.4333,354,-0.28340000000002874,19.974999999999966,17,82.624348,394.8136,378.775,367.2083,381.975,382.1696
2025-10-22 18:00:00,394.8136,329,118,2.54,8.64,86.006956,2.54,4.32,4.32,10.42,8.64,394.8136,329,-14.619699999999966,-6.003100000000018,18,86.006956,385.9417,373.9083,365.3667,397.1583,373.9492
2025-10-22 19:00:00,385.9417,382,120,2.54,8.38,88.796227,2.54,6.86,6.86,12.96,8.38,385.9417,382,-8.871899999999982,-23.774999999999977,19,88.796227,378.775,370.2458,363.2917,407.1333,368.8898
2025-10-22 20:00:00,378.775,368,120,0.0,8.38,90.86,0.0,5.08,6.86,12.96,8.38,378.775,368,-7.1667000000000485,-30.658299999999997,20,90.86,373.9083,367.2083,361.6441,413.375,365.5167
2025-10-22 21:00:00,373.9083,372,120,0.0,8.38,91.422414,0.0,2.54,6.86,12.96,8.38,373.9083,372,-4.86669999999998,-20.90530000000001,21,91.422414,370.2458,365.3667,361.0084,418.3833,362.1667
2025-10-22 22:00:00,370.2458,369,118,0.0,8.38,93.470175,0.0,0.0,6.86,12.96,8.38,370.2458,369,-3.6625000000000227,-15.695900000000051,22,93.470175,367.2083,363.2917,365.175,403.5667,361.5
2025-10-22 23:00:00,367.2083,348,120,0.0,8.38,94.109483,0.0,0.0,5.08,9.91,8.38,367.2083,348,-3.037499999999966,-11.566699999999969,23,94.109483,365.3667,361.6441,381.975,391.7227,360.2583
2025-10-23 00:00:00,365.3667,354,120,0.0,7.62,94.400869,0.0,0.0,2.54,6.86,7.62,365.3667,354,-1.841600000000028,-8.541600000000017,0,94.400869,363.2917,361.0084,397.1583,382.4417,359.6417
2025-10-23 01:00:00,363.2917,308,120,0.0,7.62,95.348275,0.0,0.0,0.0,6.86,7.62,363.2917,308,-2.0749999999999886,-6.954099999999983,1,95.348275,361.6441,365.175,407.1333,374.7583,358.4917
2025-10-23 02:00:00,361.6441,267,118,0.0,7.62,95.680702,0.0,0.0,0.0,6.86,7.62,361.6441,267,-1.6476000000000113,-5.564200000000028,2,95.680702,361.0084,381.975,413.375,374.6583,357.5882
2025-10-23 03:00:00,361.0084,335,119,0.51,8.38,95.763158,0.51,0.51,0.51,7.37,8.38,361.0084,335,-0.6356999999999857,-4.358299999999986,3,95.763158,365.175,397.1583,418.3833,387.1083,361.1917
2025-10-23 04:00:00,365.175,341,120,0.51,8.38,96.157759,0.51,1.02,1.02,7.880000000000001,8.38,365.175,341,4.166600000000017,1.8833000000000197,4,96.157759,381.975,407.1333,403.5667,388.0504,373.05
2025-10-23 05:00:00,381.975,374,120,0.0,8.38,93.916239,0.0,1.02,1.02,6.1,8.38,381.975,374,16.80000000000001,20.330900000000042,5,93.916239,397.1583,413.375,391.7227,382.1696,385.0
2025-10-23 06:00:00,397.1583,390,120,0.0,8.38,82.278261,0.0,0.51,1.02,3.56,8.38,397.1583,390,15.183299999999974,36.1499,6,82.278261,407.1333,418.3833,382.4417,373.9492,391.05
2025-10-23 07:00:00,407.1333,403,120,0.0,8.38,64.549138,0.0,0.0,1.02,1.02,8.38,407.1333,403,9.975000000000023,41.95830000000001,7,64.549138,413.375,403.5667,374.7583,368.8898,381.3333
2025-10-23 08:00:00,413.375,410,120,0.0,8.38,66.257392,0.0,0.0,1.02,1.02,8.38,413.375,410,6.24169999999998,31.399999999999977,8,66.257392,418.3833,391.7227,374.6583,365.5167,374.5167
2025-10-23 09:00:00,418.3833,416,120,0.0,8.38,68.350435,0.0,0.0,0.51,1.02,8.38,418.3833,416,5.00830000000002,21.225000000000023,9,68.350435,403.5667,382.4417,387.1083,362.1667,370.9083
2025-10-23 11:00:00,403.5667,397,120,0.0,8.38,62.129825,0.0,0.0,0.0,1.02,8.38,403.5667,397,-14.816599999999994,-3.566599999999994,11,62.129825,391.7227,374.7583,388.0504,361.5,368.5
2025-10-23 12:00:00,391.7227,387,119,0.0,5.08,56.220175,0.0,0.0,0.0,1.02,5.08,391.7227,387,-11.844000000000051,-21.652300000000025,12,56.220175,382.4417,374.6583,382.1696,360.2583,367.1833
2025-10-23 13:00:00,382.4417,378,120,0.0,5.08,55.270435,0.0,0.0,0.0,1.02,5.08,382.4417,378,-9.280999999999949,-35.941599999999994,13,55.270435,374.7583,387.1083,373.9492,359.6417,365.5667
2025-10-23 14:00:00,374.7583,372,120,0.0,5.08,70.049565,0.0,0.0,0.0,1.02,5.08,374.7583,372,-7.683400000000006,-28.808400000000006,14,70.049565,374.6583,388.0504,368.8898,358.4917,364.7417
2025-10-23 15:00:00,374.6583,370,120,0.0,5.08,70.749138,0.0,0.0,0.0,1.02,5.08,374.6583,370,-0.10000000000002274,-17.064399999999978,15,70.749138,387.1083,382.1696,365.5167,357.5882,364.8917
2025-10-23 16:00:00,387.1083,382,120,0.0,5.08,74.108772,0.0,0.0,0.0,0.51,5.08,387.1083,382,12.449999999999989,4.66659999999996,16,74.108772,388.0504,373.9492,362.1667,361.1917,364.075
2025-10-23 17:00:00,388.0504,259,119,0.0,5.08,78.806957,0.0,0.0,0.0,0.0,5.08,388.0504,259,0.942100000000039,13.292100000000005,17,78.806957,382.1696,368.8898,361.5,373.05,363.6667
2025-10-23 18:00:00,382.1696,377,112,0.0,3.05,78.747222,0.0,0.0,0.0,0.0,3.05,382.1696,377,-5.880800000000022,7.511300000000006,18,78.747222,373.9492,365.5167,360.2583,385.0,362.1
2025-10-23 19:00:00,373.9492,371,118,0.0,0.51,82.319266,0.0,0.0,0.0,0.0,0.51,373.9492,371,-8.220399999999984,-13.159099999999967,19,82.319266,368.8898,362.1667,359.6417,391.05,363.025
2025-10-23 20:00:00,368.8898,367,118,0.0,0.51,86.046903,0.0,0.0,0.0,0.0,0.51,368.8898,367,-5.059400000000039,-19.160600000000045,20,86.046903,365.5167,361.5,358.4917,381.3333,369.625
2025-10-23 21:00:00,365.5167,364,120,0.0,0.51,87.182759,0.0,0.0,0.0,0.0,0.51,365.5167,364,-3.3730999999999653,-16.65289999999999,21,87.182759,362.1667,360.2583,357.5882,374.5167,369.1083
2025-10-23 22:00:00,362.1667,264,120,0.0,0.51,86.910435,0.0,0.0,0.0,0.0,0.51,362.1667,264,-3.3500000000000227,-11.782500000000027,22,86.910435,361.5,359.6417,361.1917,370.9083,364.7333
2025-10-23 23:00:00,361.5,361,120,0.0,0.51,85.505173,0.0,0.0,0.0,0.0,0.51,361.5,361,-0.6666999999999916,-7.38979999999998,23,85.505173,360.2583,358.4917,373.05,368.5,363.0167
2025-10-24 00:00:00,360.2583,360,120,0.0,0.51,87.368376,0.0,0.0,0.0,0.0,0.51,360.2583,360,-1.2416999999999803,-5.258399999999995,0,87.368376,359.6417,357.5882,385.0,367.1833,362.0667
2025-10-24 01:00:00,359.6417,359,120,0.0,0.51,89.351304,0.0,0.0,0.0,0.0,0.51,359.6417,359,-0.6166000000000054,-2.5249999999999773,1,89.351304,358.4917,361.1917,391.05,365.5667,362.7333
2025-10-24 02:00:00,358.4917,358,120,0.0,0.51,88.832479,0.0,0.0,0.0,0.0,0.51,358.4917,358,-1.150000000000034,-3.0083000000000197,2,88.832479,357.5882,373.05,381.3333,364.7417,362.7917
2025-10-24 03:00:00,357.5882,357,119,0.0,0.51,90.446088,0.0,0.0,0.0,0.0,0.51,357.5882,357,-0.9035000000000082,-2.6701000000000477,3,90.446088,361.1917,385.0,374.5167,364.8917,365.6271
2025-10-24 04:00:00,361.1917,357,120,0.0,0.0,91.009565,0.0,0.0,0.0,0.0,0.0,361.1917,357,3.6035000000000537,1.5500000000000114,4,91.009565,373.05,391.05,370.9083,364.075,380.8583
2025-10-24 05:00:00,373.05,369,120,0.0,0.0,90.104274,0.0,0.0,0.0,0.0,0.0,373.05,369,11.858299999999986,14.558300000000031,5,90.104274,385.0,381.3333,368.5,363.6667,392.9833
2025-10-24 06:00:00,385.0,378,120,0.0,0.0,78.031897,0.0,0.0,0.0,0.0,0.0,385.0,378,11.949999999999989,27.411800000000028,6,78.031897,391.05,374.5167,367.1833,362.1,403.45
2025-10-24 07:00:00,391.05,386,120,0.0,0.0,67.997414,0.0,0.0,0.0,0.0,0.0,391.05,386,6.050000000000011,29.858299999999986,7,67.997414,381.3333,370.9083,365.5667,363.025,413.2167
2025-10-24 08:00:00,381.3333,377,120,0.0,0.0,66.986207,0.0,0.0,0.0,0.0,0.0,381.3333,377,-9.716700000000003,8.283299999999997,8,66.986207,374.5167,368.5,364.7417,369.625,411.325
2025-10-24 09:00:00,374.5167,372,120,0.0,0.0,65.575652,0.0,0.0,0.0,0.0,0.0,374.5167,372,-6.816599999999994,-10.483299999999986,9,65.575652,370.9083,367.1833,364.8917,369.1083,397.4
2025-10-24 10:00:00,370.9083,369,120,0.0,0.0,65.185217,0.0,0.0,0.0,0.0,0.0,370.9083,369,-3.6084000000000174,-20.141700000000014,10,65.185217,368.5,365.5667,364.075,364.7333,387.1083
2025-10-24 11:00:00,368.5,365,120,0.0,0.0,62.59569,0.0,0.0,0.0,0.0,0.0,368.5,365,-2.408299999999997,-12.833300000000008,11,62.59569,367.1833,364.7417,363.6667,363.0167,379.15
2025-10-24 12:00:00,367.1833,366,120,0.0,0.0,61.674783,0.0,0.0,0.0,0.0,0.0,367.1833,366,-1.3167000000000257,-7.33340000000004,12,61.674783,365.5667,364.8917,362.1,362.0667,374.75
2025-10-24 13:00:00,365.5667,364,120,0.0,0.0,68.578448,0.0,0.0,0.0,0.0,0.0,365.5667,364,-1.6165999999999485,-5.341599999999971,13,68.578448,364.7417,364.075,363.025,362.7333,371.4
2025-10-24 14:00:00,364.7417,364,120,0.0,0.0,74.714782,0.0,0.0,0.0,0.0,0.0,364.7417,364,-0.8250000000000455,-3.7583000000000197,14,74.714782,364.8917,363.6667,369.625,362.7917,368.3
2025-10-24 15:00:00,364.8917,364,120,0.0,0.0,74.86,0.0,0.0,0.0,0.0,0.0,364.8917,364,0.1500000000000341,-2.29159999999996,15,74.86,364.075,362.1,369.1083,365.6271,375.175
2025-10-24 16:00:00,364.075,364,120,0.0,0.0,76.00862,0.0,0.0,0.0,0.0,0.0,364.075,364,-0.8167000000000257,-1.491700000000037,16,76.00862,363.6667,363.025,364.7333,380.8583,387.6417
2025-10-24 17:00:00,363.6667,363,120,0.0,0.0,77.720176,0.0,0.0,0.0,0.0,0.0,363.6667,363,-0.408299999999997,-1.0749999999999886,17,77.720176,362.1,369.625,363.0167,392.9833,386.1333
2025-10-24 18:00:00,362.1,297,120,0.0,0.0,78.815517,0.0,0.0,0.0,0.0,0.0,362.1,297,-1.566699999999969,-2.7916999999999916,18,78.815517,363.025,369.1083,362.0667,403.45,379.225
2025-10-24 19:00:00,363.025,362,120,0.0,0.0,81.138261,0.0,0.0,0.0,0.0,0.0,363.025,362,0.9249999999999545,-1.0500000000000114,19,81.138261,369.625,364.7333,362.7333,413.2167,373.975
2025-10-24 20:00:00,369.625,362,120,3.81,3.81,94.533043,3.81,3.81,3.81,3.81,3.81,369.625,362,6.600000000000023,5.958300000000008,20,94.533043,369.1083,363.0167,362.7917,411.325,369.8167
2025-10-24 21:00:00,369.1083,348,120,3.81,3.81,97.42,3.81,7.62,7.62,7.62,3.81,369.1083,348,-0.5167000000000144,7.008299999999963,21,97.42,364.7333,362.0667,365.6271,397.4,372.85
2025-10-24 22:00:00,364.7333,364,120,0.0,3.81,99.255173,0.0,7.62,7.62,7.62,3.81,364.7333,364,-4.375,1.7083000000000084,22,99.255173,363.0167,362.7333,380.8583,387.1083,385.0417
2025-10-24 23:00:00,363.0167,362,120,0.0,3.81,97.923276,0.0,3.81,7.62,7.62,3.81,363.0167,362,-1.7165999999999713,-6.608299999999986,23,97.923276,362.0667,362.7917,392.9833,379.15,378.825
2025-10-25 00:00:00,362.0667,316,120,0.0,3.81,96.36,0.0,0.0,7.62,7.62,3.81,362.0667,316,-0.9499999999999886,-7.04159999999996,0,96.36,362.7333,365.6271,403.45,374.75,371.4417
2025-10-25 01:00:00,362.7333,362,120,0.0,3.81,96.346154,0.0,0.0,7.62,7.62,3.81,362.7333,362,0.6665999999999599,-2.0,1,96.346154,362.7917,380.8583,413.2167,371.4,367.175
2025-10-25 02:00:00,362.7917,362,120,0.0,3.81,96.750435,0.0,0.0,3.81,7.62,3.81,362.7917,362,0.058400000000006,-0.22500000000002274,2,96.750435,365.6271,392.9833,411.325,368.3,364.7333
2025-10-25 03:00:00,365.6271,363,118,0.0,3.81,96.759649,0.0,0.0,0.0,7.62,3.81,365.6271,363,2.835399999999993,3.5603999999999587,3,96.759649,380.8583,403.45,397.4,375.175,363.4917
2025-10-25 04:00:00,380.8583,373,120,0.0,3.81,97.839655,0.0,0.0,0.0,7.62,3.81,380.8583,373,15.231200000000001,18.125,4,97.839655,392.9833,413.2167,387.1083,387.6417,362.35
2025-10-25 05:00:00,392.9833,388,120,0.0,3.81,97.325,0.0,0.0,0.0,7.62,3.81,392.9833,388,12.125,30.191599999999994,5,97.325,403.45,411.325,379.15,386.1333,370.2083
2025-10-25 06:00:00,403.45,398,120,0.0,3.81,91.15,0.0,0.0,0.0,7.62,3.81,403.45,398,10.466700000000003,37.822900000000004,6,91.15,413.2167,397.4,374.75,379.225,385.775
2025-10-25 07:00:00,413.2167,409,120,0.0,3.81,80.663478,0.0,0.0,0.0,7.62,3.81,413.2167,409,9.766700000000014,32.35840000000002,7,80.663478,411.325,387.1083,371.4,373.975,398.1833
2025-10-25 08:00:00,411.325,403,120,0.0,3.81,73.593103,0.0,0.0,0.0,3.81,3.81,411.325,403,-1.8917000000000144,18.341700000000003,8,73.593103,397.4,379.15,368.3,369.8167,391.2833
2025-10-25 09:00:00,397.4,392,120,0.0,3.81,67.257758,0.0,0.0,0.0,0.0,3.81,397.4,392,-13.925000000000011,-6.050000000000011,9,67.257758,387.1083,374.75,375.175,372.85,380.9917
2025-10-25 10:00:00,387.1083,383,120,0.0,3.81,65.067826,0.0,0.0,0.0,0.0,3.81,387.1083,383,-10.291699999999992,-26.108400000000017,10,65.067826,379.15,371.4,387.6417,385.0417,374.8167
2025-10-25 11:00:00,379.15,376,120,0.0,3.81,66.747414,0.0,0.0,0.0,0.0,3.81,379.15,376,-7.958300000000008,-32.17500000000001,11,66.747414,374.75,368.3,386.1333,378.825,370.9333
2025-10-25 12:00:00,374.75,373,120,0.0,3.81,59.57913,0.0,0.0,0.0,0.0,3.81,374.75,373,-4.399999999999977,-22.649999999999977,12,59.57913,371.4,375.175,379.225,371.4417,369.0917
2025-10-25 13:00:00,371.4,370,120,0.0,3.81,56.059483,0.0,0.0,0.0,0.0,3.81,371.4,370,-3.3500000000000227,-15.708300000000008,13,56.059483,368.3,387.6417,373.975,367.175,368.0
2025-10-25 14:00:00,368.3,367,120,0.0,3.81,56.308696,0.0,0.0,0.0,0.0,3.81,368.3,367,-3.099999999999966,-10.849999999999966,14,56.308696,375.175,386.1333,369.8167,364.7333,365.8
2025-10-25 15:00:00,375.175,366,120,0.0,3.81,64.971552,0.0,0.0,0.0,0.0,3.81,375.175,366,6.875,0.42500000000001137,15,64.971552,387.6417,379.225,372.85,363.4917,364.175
2025-10-25 16:00:00,387.6417,382,120,0.0,3.81,70.040517,0.0,0.0,0.0,0.0,3.81,387.6417,382,12.466700000000003,16.241700000000037,16,70.040517,386.1333,373.975,385.0417,362.35,397.5167
2025-10-25 17:00:00,386.1333,246,120,0.0,3.81,76.27913,0.0,0.0,0.0,0.0,3.81,386.1333,246,-1.5083999999999946,17.83330000000001,17,76.27913,379.225,369.8167,378.825,370.2083,387.9083
2025-10-25 18:00:00,379.225,241,120,0.0,3.81,80.045217,0.0,0.0,0.0,0.0,3.81,379.225,241,-6.908299999999997,4.050000000000011,18,80.045217,373.975,372.85,371.4417,385.775,394.3782
2025-10-25 19:00:00,373.975,324,120,0.0,3.81,82.12,0.0,0.0,0.0,0.0,3.81,373.975,324,-5.25,-13.666699999999992,19,82.12,369.8167,385.0417,367.175,398.1833,396.699
2025-10-25 20:00:00,369.8167,368,120,0.0,3.81,81.977391,0.0,0.0,0.0,0.0,3.81,369.8167,368,-4.158299999999997,-16.316599999999994,20,81.977391,372.85,378.825,364.7333,391.2833,386.8583
2025-10-25 21:00:00,372.85,367,120,0.0,0.0,85.673276,0.0,0.0,0.0,0.0,0.0,372.85,367,3.033299999999997,-6.375,21,85.673276,385.0417,371.4417,363.4917,380.9917,376.5417
2025-10-25 22:00:00,385.0417,378,120,0.0,0.0,90.379131,0.0,0.0,0.0,0.0,0.0,385.0417,378,12.191699999999969,11.066699999999969,22,90.379131,378.825,367.175,362.35,374.8167,374.3333
2025-10-25 23:00:00,378.825,374,120,0.0,0.0,88.704274,0.0,0.0,0.0,0.0,0.0,378.825,374,-6.216700000000003,9.008299999999963,23,88.704274,371.4417,364.7333,370.2083,370.9333,370.3833
2025-10-26 00:00:00,371.4417,369,120,0.0,0.0,88.709483,0.0,0.0,0.0,0.0,0.0,371.4417,369,-7.383299999999963,-1.408299999999997,0,88.709483,367.175,363.4917,385.775,369.0917,372.925
2025-10-26 01:00:00,367.175,366,120,0.0,0.0,90.054783,0.0,0.0,0.0,0.0,0.0,367.175,366,-4.266700000000014,-17.86669999999998,1,90.054783,364.7333,362.35,398.1833,368.0,368.7083
2025-10-26 02:00:00,364.7333,364,120,0.0,0.0,92.8,0.0,0.0,0.0,0.0,0.0,364.7333,364,-2.4417000000000257,-14.091700000000003,2,92.8,363.4917,370.2083,391.2833,365.8,358.1833
2025-10-26 03:00:00,363.4917,363,120,0.0,0.0,91.847827,0.0,0.0,0.0,0.0,0.0,363.4917,363,-1.2416000000000054,-7.9500000000000455,3,91.847827,362.35,385.775,380.9917,364.175,351.925
2025-10-26 04:00:00,362.35,362,120,0.0,0.0,92.268695,0.0,0.0,0.0,0.0,0.0,362.35,362,-1.1416999999999575,-4.824999999999989,4,92.268695,370.2083,398.1833,374.8167,397.5167,347.9917
2025-10-26 05:00:00,370.2083,362,120,0.25,0.25,92.593162,0.25,0.25,0.25,0.25,0.25,370.2083,362,7.858299999999986,5.475000000000023,5,92.593162,385.775,391.2833,370.9333,387.9083,346.7167
2025-10-26 06:00:00,385.775,379,120,3.05,3.05,94.506035,3.05,3.3,3.3,3.3,3.05,385.775,379,15.566699999999969,22.283299999999997,6,94.506035,398.1833,380.9917,369.0917,394.3782,350.2667
2025-10-26 07:00:00,398.1833,394,120,2.79,3.05,72.98,2.79,6.09,6.09,6.09,3.05,398.1833,394,12.408299999999997,35.83329999999995,7,72.98,391.2833,374.8167,368.0,396.699,363.85
2025-10-26 08:00:00,391.2833,385,120,0.0,3.05,74.591379,0.0,5.84,6.09,6.09,3.05,391.2833,385,-6.899999999999977,21.07499999999999,8,74.591379,380.9917,370.9333,365.8,386.8583,374.7833
2025-10-26 09:00:00,380.9917,377,120,0.0,3.05,69.641739,0.0,2.79,6.09,6.09,3.05,380.9917,377,-10.291600000000017,-4.783299999999997,9,69.641739,374.8167,369.0917,364.175,376.5417,386.15
2025-10-26 10:00:00,374.8167,372,120,0.0,3.05,65.633913,0.0,0.0,6.09,6.09,3.05,374.8167,372,-6.1749999999999545,-23.36659999999995,10,65.633913,370.9333,368.0,397.5167,374.3333,392.4667
2025-10-26 11:00:00,370.9333,369,120,0.0,3.05,63.913793,0.0,0.0,5.84,6.09,3.05,370.9333,369,-3.8834000000000515,-20.350000000000023,11,63.913793,369.0917,365.8,387.9083,370.3833,396.25
2025-10-26 12:00:00,369.0917,368,120,0.0,3.05,59.049138,0.0,0.0,2.79,6.09,3.05,369.0917,368,-1.8415999999999713,-11.899999999999977,12,59.049138,368.0,364.175,394.3782,372.925,384.3583
2025-10-26 13:00:00,368.0,366,120,0.0,3.05,57.627586,0.0,0.0,0.0,6.09,3.05,368.0,366,-1.091700000000003,-6.816700000000026,13,57.627586,365.8,397.5167,396.699,368.7083,466.0
2025-10-26 14:00:00,365.8,365,120,0.0,3.05,67.893103,0.0,0.0,0.0,6.09,3.05,365.8,365,-2.1999999999999886,-5.133299999999963,14,67.893103,364.175,387.9083,386.8583,358.1833,362.6639
2025-10-26 15:00:00,364.175,364,120,0.25,3.56,72.115652,0.25,0.25,0.25,6.34,3.56,364.175,364,-1.625,-4.916699999999992,15,72.115652,397.5167,394.3782,376.5417,351.925,361.9917
2025-10-27 13:00:00,397.5167,392,120,0.0,1.78,73.332758,0.0,0.25,0.25,6.34,1.78,397.5167,392,33.3417,29.516700000000014,13,73.332758,387.9083,396.699,374.3333,347.9917,360.425
2025-10-27 14:00:00,387.9083,384,120,0.0,1.78,75.939655,0.0,0.25,0.25,6.09,1.78,387.9083,384,-9.608400000000017,22.108299999999986,14,75.939655,394.3782,386.8583,370.3833,346.7167,358.9667
2025-10-27 15:00:00,394.3782,388,119,0.0,1.78,78.619131,0.0,0.0,0.25,3.04,1.78,394.3782,388,6.4698999999999955,30.20319999999998,15,78.619131,396.699,376.5417,372.925,350.2667,360.8833
2025-10-27 16:00:00,396.699,28,103,0.0,0.0,81.284694,0.0,0.0,0.25,0.25,0.0,396.699,28,2.3208000000000197,-0.8177000000000021,16,81.284694,386.8583,374.3333,368.7083,363.85,360.9917
2025-10-27 17:00:00,386.8583,201,120,0.0,0.0,82.968103,0.0,0.0,0.25,0.25,0.0,386.8583,201,-9.840700000000027,-1.0500000000000114,17,82.968103,376.5417,370.3833,358.1833,374.7833,361.0667
2025-10-27 18:00:00,376.5417,296,120,0.0,0.0,83.355652,0.0,0.0,0.0,0.25,0.0,376.5417,296,-10.316599999999994,-17.8365,18,83.355652,374.3333,372.925,351.925,386.15,361.0
2025-10-27 19:00:00,374.3333,335,120,0.0,0.0,84.686842,0.0,0.0,0.0,0.25,0.0,374.3333,335,-2.2083999999999833,-22.365700000000004,19,84.686842,370.3833,368.7083,347.9917,392.4667,351.425
2025-10-27 20:00:00,370.3833,369,120,0.0,0.0,86.696522,0.0,0.0,0.0,0.25,0.0,370.3833,369,-3.9499999999999886,-16.474999999999966,20,86.696522,372.925,358.1833,346.7167,396.25,359.1083
2025-10-27 21:00:00,372.925,349,120,0.25,0.25,92.164348,0.25,0.25,0.25,0.5,0.25,372.925,349,2.5416999999999916,-3.6166999999999803,21,92.164348,368.7083,351.925,350.2667,384.3583,364.35
2025-10-27 22:00:00,368.7083,363,120,0.25,0.25,94.857391,0.25,0.5,0.5,0.75,0.25,368.7083,363,-4.216700000000003,-5.625,22,94.857391,358.1833,347.9917,363.85,466.0,368.8067
2025-10-27 23:00:00,358.1833,303,120,0.0,0.25,96.952679,0.0,0.5,0.5,0.75,0.25,358.1833,303,-10.525000000000034,-12.200000000000045,23,96.952679,351.925,346.7167,374.7833,362.6639,373.2583
2025-10-28 00:00:00,351.925,350,120,0.0,0.25,96.899138,0.0,0.25,0.5,0.5,0.25,351.925,350,-6.258299999999963,-21.0,0,96.899138,347.9917,350.2667,386.15,361.9917,377.6417
2025-10-28 01:00:00,347.9917,311,120,0.0,0.25,96.200869,0.0,0.0,0.5,0.5,0.25,347.9917,311,-3.933300000000031,-20.716600000000028,1,96.200869,346.7167,363.85,392.4667,360.425,381.1327
2025-10-28 02:00:00,346.7167,294,120,0.0,0.25,94.991379,0.0,0.0,0.5,0.5,0.25,346.7167,294,-1.2749999999999773,-11.466599999999971,2,94.991379,350.2667,374.7833,396.25,358.9667,384.3069
2025-10-28 03:00:00,350.2667,347,120,0.0,0.25,95.306087,0.0,0.0,0.25,0.5,0.25,350.2667,347,3.5500000000000114,-1.658299999999997,3,95.306087,363.85,386.15,384.3583,360.8833,385.625
2025-10-28 04:00:00,363.85,358,120,0.0,0.25,95.880869,0.0,0.0,0.0,0.5,0.25,363.85,358,13.583300000000008,15.858300000000042,4,95.880869,374.7833,392.4667,466.0,360.9917,386.3417
2025-10-28 05:00:00,374.7833,370,120,0.0,0.25,93.625,0.0,0.0,0.0,0.5,0.25,374.7833,370,10.933299999999974,28.066599999999994,5,93.625,386.15,396.25,362.6639,361.0667,389.5833
2025-10-28 06:00:00,386.15,380,120,0.0,0.25,72.536522,0.0,0.0,0.0,0.5,0.25,386.15,380,11.36669999999998,35.88329999999996,6,72.536522,392.4667,384.3583,361.9917,361.0,393.5333
2025-10-28 07:00:00,392.4667,389,120,0.25,0.51,75.124348,0.25,0.25,0.25,0.75,0.51,392.4667,389,6.316700000000026,28.61669999999998,7,75.124348,396.25,466.0,360.425,351.425,414.2917
2025-10-28 08:00:00,396.25,391,120,0.25,0.51,70.250862,0.25,0.5,0.5,1.0,0.51,396.25,391,3.783299999999997,21.466700000000003,8,70.250862,384.3583,362.6639,358.9667,359.1083,417.5833
2025-10-28 09:00:00,384.3583,379,120,0.0,0.51,68.712174,0.0,0.5,0.5,0.75,0.51,384.3583,379,-11.891700000000014,-1.7916999999999916,9,68.712174,466.0,361.9917,360.8833,364.35,405.45
2025-10-28 10:00:00,466.0,373,120,0.0,0.51,63.406897,0.0,0.25,0.5,0.5,0.51,466.0,373,81.64170000000001,73.5333,10,63.406897,362.6639,360.425,360.9917,368.8067,390.6917
2025-10-28 15:00:00,362.6639,362,119,0.0,0.51,72.814655,0.0,0.0,0.5,0.5,0.51,362.6639,362,-103.33609999999999,-33.58609999999999,15,72.814655,361.9917,358.9667,361.0667,373.2583,381.0917
2025-10-28 16:00:00,361.9917,361,120,0.0,0.51,78.97807,0.0,0.0,0.5,0.5,0.51,361.9917,361,-0.6722000000000321,-22.366600000000005,16,78.97807,360.425,360.8833,361.0,377.6417,374.5077
2025-10-28 17:00:00,360.425,297,120,0.0,0.51,80.146956,0.0,0.0,0.25,0.5,0.51,360.425,297,-1.566699999999969,-105.57499999999999,17,80.146956,358.9667,360.9917,351.425,381.1327,362.3889
2025-10-28 18:00:00,358.9667,274,120,0.0,0.51,83.09569,0.0,0.0,0.0,0.5,0.51,358.9667,274,-1.4583000000000084,-3.6972000000000094,18,83.09569,360.8833,361.0667,359.1083,384.3069,359.7083
2025-10-28 19:00:00,360.8833,345,120,0.0,0.51,84.462281,0.0,0.0,0.0,0.5,0.51,360.8833,345,1.9166000000000167,-1.1083999999999605,19,84.462281,360.9917,361.0,364.35,385.625,360.0
2025-10-28 20:00:00,360.9917,360,120,0.0,0.51,85.695652,0.0,0.0,0.0,0.5,0.51,360.9917,360,0.10839999999996053,0.5666999999999689,20,85.695652,361.0667,351.425,368.8067,386.3417,359.925
2025-10-28 21:00:00,361.0667,361,120,0.0,0.51,86.934783,0.0,0.0,0.0,0.5,0.51,361.0667,361,0.07500000000004547,2.1000000000000227,21,86.934783,361.0,359.1083,373.2583,389.5833,367.45
2025-10-28 22:00:00,361.0,361,120,0.0,0.25,89.081739,0.0,0.0,0.0,0.5,0.25,361.0,361,-0.06670000000002574,0.11669999999998026,22,89.081739,351.425,364.35,377.6417,393.5333,371.1583
2025-10-29 18:00:00,351.425,221,120,7.62,17.27,87.933913,7.62,7.62,7.62,7.87,17.27,351.425,221,-9.574999999999989,-9.566699999999969,18,87.933913,359.1083,368.8067,381.1327,414.2917,366.725
2025-10-29 19:00:00,359.1083,356,120,0.0,17.27,89.706897,0.0,7.62,7.62,7.62,17.27,359.1083,356,7.683299999999974,-1.95840000000004,19,89.706897,364.35,373.2583,384.3069,417.5833,364.175
2025-10-29 20:00:00,364.35,362,120,0.0,17.27,89.200869,0.0,7.62,7.62,7.62,17.27,364.35,362,5.241700000000037,3.3500000000000227,20,89.200869,368.8067,377.6417,385.625,405.45,361.775
2025-10-29 21:00:00,368.8067,367,119,0.0,17.27,89.616522,0.0,0.0,7.62,7.62,17.27,368.8067,367,4.456699999999955,17.381699999999967,21,89.616522,373.2583,381.1327,386.3417,390.6917,361.45
2025-10-29 22:00:00,373.2583,371,120,0.0,17.27,90.561739,0.0,0.0,7.62,7.62,17.27,373.2583,371,4.451600000000042,14.150000000000034,22,90.561739,377.6417,384.3069,389.5833,381.0917,363.9083
2025-10-29 23:00:00,377.6417,376,120,0.0,17.27,92.16,0.0,0.0,7.62,7.62,17.27,377.6417,376,4.383399999999995,13.291699999999992,23,92.16,381.1327,385.625,393.5333,374.5077,371.8583
2025-10-30 00:00:00,381.1327,363,113,0.0,17.27,93.95463,0.0,0.0,0.0,7.62,17.27,381.1327,363,3.4909999999999854,12.326000000000022,0,93.95463,384.3069,386.3417,414.2917,362.3889,377.4417
2025-10-30 01:00:00,384.3069,383,101,0.0,17.27,91.453608,0.0,0.0,0.0,7.62,17.27,384.3069,383,3.174199999999985,11.048599999999965,1,91.453608,385.625,389.5833,417.5833,359.7083,382.025
2025-10-30 02:00:00,385.625,385,120,0.0,17.27,92.040517,0.0,0.0,0.0,7.62,17.27,385.625,385,1.3181000000000154,7.983299999999986,2,92.040517,386.3417,393.5333,405.45,360.0,387.1083
2025-10-30 03:00:00,386.3417,386,120,0.0,17.27,93.262931,0.0,0.0,0.0,7.62,17.27,386.3417,386,0.716700000000003,5.209000000000003,3,93.262931,389.5833,414.2917,390.6917,359.925,390.9083
2025-10-30 04:00:00,389.5833,388,120,0.0,17.27,95.84569,0.0,0.0,0.0,7.62,17.27,389.5833,388,3.2416000000000054,5.276400000000024,4,95.84569,393.5333,417.5833,381.0917,367.45,395.6
2025-10-30 05:00:00,393.5333,390,120,0.0,17.27,95.725218,0.0,0.0,0.0,7.62,17.27,393.5333,390,3.9499999999999886,7.908299999999997,5,95.725218,414.2917,405.45,374.5077,371.1583,398.8167
2025-10-30 09:00:00,414.2917,412,120,0.0,17.02,71.588793,0.0,0.0,0.0,0.0,17.02,414.2917,412,20.758399999999995,27.94999999999999,9,71.588793,417.5833,390.6917,362.3889,366.725,400.55
2025-10-30 10:00:00,417.5833,416,120,0.0,17.02,67.631034,0.0,0.0,0.0,0.0,17.02,417.5833,416,3.2916000000000167,28.0,10,67.631034,405.45,381.0917,359.7083,364.175,389.15
2025-10-30 11:00:00,405.45,398,120,0.0,17.02,64.012069,0.0,0.0,0.0,0.0,17.02,405.45,398,-12.13330000000002,11.916699999999992,11,64.012069,390.6917,374.5077,360.0,361.775,376.9083
2025-10-30 12:00:00,390.6917,385,120,0.0,15.24,61.308772,0.0,0.0,0.0,0.0,15.24,390.6917,385,-14.758299999999963,-23.599999999999966,12,61.308772,381.0917,362.3889,359.925,361.45,371.0167
2025-10-30 13:00:00,381.0917,376,120,0.0,8.38,59.369828,0.0,0.0,0.0,0.0,8.38,381.0917,376,-9.600000000000023,-36.491600000000005,13,59.369828,374.5077,359.7083,367.45,363.9083,368.9583
2025-10-30 14:00:00,374.5077,371,65,0.0,7.87,64.391935,0.0,0.0,0.0,0.0,7.87,374.5077,371,-6.584000000000003,-30.94229999999999,14,64.391935,362.3889,360.0,371.1583,371.8583,366.9333
2025-10-30 16:00:00,362.3889,362,36,0.0,0.0,74.620001,0.0,0.0,0.0,0.0,0.0,362.3889,362,-12.118800000000022,-28.302800000000047,16,74.620001,359.7083,359.925,366.725,377.4417,364.1092
2025-10-30 17:00:00,359.7083,266,120,0.0,0.0,77.077586,0.0,0.0,0.0,0.0,0.0,359.7083,266,-2.68059999999997,-21.383399999999995,17,77.077586,360.0,367.45,364.175,382.025,369.4417
2025-10-30 18:00:00,360.0,360,120,0.0,0.0,81.897391,0.0,0.0,0.0,0.0,0.0,360.0,360,0.29169999999999163,-14.5077,18,81.897391,359.925,371.1583,361.775,387.1083,381.1833
2025-10-30 19:00:00,359.925,359,120,0.0,0.0,81.285345,0.0,0.0,0.0,0.0,0.0,359.925,359,-0.07499999999998863,-2.463899999999967,19,81.285345,367.45,366.725,361.45,390.9083,377.875
2025-10-30 20:00:00,367.45,359,120,0.0,0.0,82.144348,0.0,0.0,0.0,0.0,0.0,367.45,359,7.524999999999977,7.74169999999998,20,82.144348,371.1583,364.175,363.9083,395.6,370.6333
2025-10-30 21:00:00,371.1583,263,120,0.0,0.0,85.883621,0.0,0.0,0.0,0.0,0.0,371.1583,263,3.7083000000000084,11.158299999999997,21,85.883621,366.725,361.775,371.8583,398.8167,366.3917
2025-10-30 22:00:00,366.725,365,120,0.0,0.0,85.857391,0.0,0.0,0.0,0.0,0.0,366.725,365,-4.433299999999974,6.800000000000011,22,85.857391,364.175,361.45,377.4417,400.55,363.675
2025-10-30 23:00:00,364.175,356,120,0.0,0.0,88.765518,0.0,0.0,0.0,0.0,0.0,364.175,356,-2.5500000000000114,-3.2749999999999773,23,88.765518,361.775,363.9083,382.025,389.15,362.225
2025-10-31 00:00:00,361.775,315,120,0.0,0.0,90.120689,0.0,0.0,0.0,0.0,0.0,361.775,315,-2.400000000000034,-9.38330000000002,0,90.120689,361.45,371.8583,387.1083,376.9083,361.0417
2025-10-31 01:00:00,361.45,300,120,0.0,0.0,91.581739,0.0,0.0,0.0,0.0,0.0,361.45,300,-0.32499999999998863,-5.275000000000034,1,91.581739,363.9083,377.4417,390.9083,371.0167,360.5583
2025-10-31 02:00:00,363.9083,291,120,11.94,11.94,69.520176,11.94,11.94,11.94,11.94,11.94,363.9083,291,2.4583000000000084,-0.26670000000001437,2,69.520176,371.8583,382.025,395.6,368.9583,359.5714
2025-10-31 03:00:00,371.8583,369,120,11.18,11.94,0.0,11.18,23.119999999999997,23.119999999999997,23.119999999999997,11.94,371.8583,369,7.949999999999989,10.083300000000008,3,0.0,377.4417,387.1083,398.8167,366.9333,349.843
2025-10-31 04:00:00,377.4417,375,120,0.0,11.94,0.0,0.0,23.119999999999997,23.119999999999997,23.119999999999997,11.94,377.4417,375,5.58340000000004,15.991700000000037,4,0.0,382.025,390.9083,400.55,364.1092,347.3445
2025-10-31 05:00:00,382.025,379,120,0.25,12.19,0.0,0.25,11.43,23.369999999999997,23.369999999999997,12.19,382.025,379,4.5832999999999515,18.11669999999998,5,0.0,387.1083,395.6,389.15,369.4417,355.7667
2025-10-31 06:00:00,387.1083,386,120,0.25,12.19,91.99115,0.25,0.5,23.619999999999997,23.619999999999997,12.19,387.1083,386,5.083300000000008,15.25,6,91.99115,390.9083,398.8167,376.9083,381.1833,362.0083
2025-10-31 07:00:00,390.9083,389,120,0.0,12.19,99.0,0.0,0.5,23.619999999999997,23.619999999999997,12.19,390.9083,389,3.8000000000000114,13.466599999999971,7,99.0,395.6,400.55,371.0167,377.875,366.5167
2025-10-31 08:00:00,395.6,392,120,0.0,12.19,99.0,0.0,0.25,11.68,23.619999999999997,12.19,395.6,392,4.691700000000026,13.575000000000045,8,99.0,398.8167,389.15,368.9583,370.6333,364.625
2025-10-31 09:00:00,398.8167,397,120,0.0,12.19,99.0,0.0,0.0,0.5,23.619999999999997,12.19,398.8167,397,3.216700000000003,11.70840000000004,9,99.0,400.55,376.9083,366.9333,366.3917,356.2185
2025-10-31 10:00:00,400.55,397,120,0.0,12.19,99.0,0.0,0.0,0.5,23.619999999999997,12.19,400.55,397,1.7332999999999856,9.641700000000014,10,99.0,389.15,371.0167,364.1092,363.675,354.0917
2025-10-31 11:00:00,389.15,382,120,0.0,12.19,99.0,0.0,0.0,0.25,23.619999999999997,12.19,389.15,382,-11.400000000000034,-6.4500000000000455,11,99.0,376.9083,368.9583,369.4417,362.225,353.275
2025-10-31 12:00:00,376.9083,373,120,0.0,12.19,99.0,0.0,0.0,0.0,23.619999999999997,12.19,376.9083,373,-12.24169999999998,-21.90840000000003,12,99.0,371.0167,366.9333,381.1833,361.0417,353.0917
2025-10-31 13:00:00,371.0167,368,120,0.0,12.19,99.0,0.0,0.0,0.0,23.619999999999997,12.19,371.0167,368,-5.891599999999983,-29.533299999999997,13,99.0,368.9583,364.1092,377.875,360.5583,353.75
2025-10-31 14:00:00,368.9583,367,120,0.0,12.19,99.0,0.0,0.0,0.0,11.68,12.19,368.9583,367,-2.058400000000006,-20.19169999999997,14,99.0,366.9333,369.4417,370.6333,359.5714,354.3167
2025-10-31 15:00:00,366.9333,366,120,0.0,12.19,88.350435,0.0,0.0,0.0,0.5,12.19,366.9333,366,-2.025000000000034,-9.975000000000023,15,88.350435,364.1092,381.1833,366.3917,349.843,358.6917
2025-10-31 16:00:00,364.1092,361,119,0.0,12.19,74.623684,0.0,0.0,0.0,0.5,12.19,364.1092,361,-2.824099999999987,-6.907500000000027,16,74.623684,369.4417,377.875,363.675,347.3445,371.0924
2025-10-31 17:00:00,369.4417,361,120,0.0,12.19,88.479311,0.0,0.0,0.0,0.25,12.19,369.4417,361,5.332500000000039,0.48340000000001737,17,88.479311,381.1833,370.6333,362.225,355.7667,380.8083
2025-10-31 18:00:00,381.1833,251,120,0.0,12.19,84.823478,0.0,0.0,0.0,0.0,12.19,381.1833,251,11.741599999999949,14.25,18,84.823478,377.875,366.3917,361.0417,362.0083,386.4
2025-10-31 19:00:00,377.875,362,120,0.0,12.19,87.701724,0.0,0.0,0.0,0.0,12.19,377.875,362,-3.3082999999999743,13.765800000000013,19,87.701724,370.6333,363.675,360.5583,366.5167,396.3083
2025-10-31 20:00:00,370.6333,368,120,0.0,12.19,89.614783,0.0,0.0,0.0,0.0,12.19,370.6333,368,-7.24169999999998,1.191599999999994,20,89.614783,366.3917,362.225,359.5714,364.625,400.25
2025-10-31 21:00:00,366.3917,364,120,0.0,12.19,92.533913,0.0,0.0,0.0,0.0,12.19,366.3917,364,-4.241600000000005,-14.79159999999996,21,92.533913,363.675,361.0417,349.843,356.2185,388.2
2025-10-31 22:00:00,363.675,363,120,0.0,12.19,92.251724,0.0,0.0,0.0,0.0,12.19,363.675,363,-2.716700000000003,-14.199999999999989,22,92.251724,362.225,360.5583,347.3445,354.0917,377.5
2025-10-31 23:00:00,362.225,361,120,0.0,12.19,92.830435,0.0,0.0,0.0,0.0,12.19,362.225,361,-1.4499999999999886,-8.408299999999997,23,92.830435,361.0417,359.5714,355.7667,353.275,371.1
2025-11-01 00:00:00,361.0417,361,120,0.0,12.19,95.139131,0.0,0.0,0.0,0.0,12.19,361.0417,361,-1.183300000000031,-5.350000000000023,0,95.139131,360.5583,349.843,362.0083,353.0917,367.7667
2025-11-01 01:00:00,360.5583,360,120,0.0,12.19,93.912931,0.0,0.0,0.0,0.0,12.19,360.5583,360,-0.48340000000001737,-3.116700000000037,1,93.912931,359.5714,347.3445,366.5167,353.75,363.8417
2025-11-01 02:00:00,359.5714,282,119,2.54,8.38,91.236521,2.54,2.54,2.54,2.54,8.38,359.5714,282,-0.9868999999999915,-2.65360000000004,2,91.236521,349.843,355.7667,364.625,354.3167,362.4833
2025-11-01 03:00:00,349.843,322,121,17.02,17.27,99.530769,17.02,19.56,19.56,19.56,17.27,349.843,322,-9.728399999999965,-11.198699999999974,3,99.530769,347.3445,362.0083,356.2185,358.6917,361.2917
2025-11-01 04:00:00,347.3445,341,119,12.7,17.27,100.0,12.7,32.26,32.26,32.26,17.27,347.3445,341,-2.4985000000000355,-13.213799999999992,4,100.0,355.7667,366.5167,354.0917,371.0924,361.1667
2025-11-01 05:00:00,355.7667,352,120,0.0,17.27,100.0,0.0,29.72,32.26,32.26,17.27,355.7667,352,8.422200000000032,-3.8046999999999684,5,100.0,362.0083,364.625,353.275,380.8083,373.05
2025-11-01 06:00:00,362.0083,359,120,0.0,17.02,99.106035,0.0,12.7,32.26,32.26,17.02,362.0083,359,6.241600000000005,12.165300000000002,6,99.106035,366.5167,356.2185,353.0917,386.4,388.1167
2025-11-01 07:00:00,366.5167,364,120,0.0,17.02,93.430173,0.0,0.0,32.26,32.26,17.02,366.5167,364,4.508399999999995,19.172200000000032,7,93.430173,364.625,354.0917,353.75,396.3083,399.5917
2025-11-01 08:00:00,364.625,359,120,0.0,17.02,83.750862,0.0,0.0,29.72,32.26,17.02,364.625,359,-1.8917000000000144,8.858299999999986,8,83.750862,356.2185,353.275,354.3167,400.25,405.4083
2025-11-01 09:00:00,356.2185,355,119,0.25,17.27,83.392242,0.25,0.25,12.95,32.51,17.27,356.2185,355,-8.406499999999994,-5.789800000000014,9,83.392242,354.0917,353.0917,358.6917,388.2,411.4083
2025-11-01 10:00:00,354.0917,353,120,0.25,17.27,78.04087,0.25,0.5,0.5,32.76,17.27,354.0917,353,-2.126800000000003,-12.425000000000011,10,78.04087,353.275,353.75,371.0924,377.5,412.9833
2025-11-01 11:00:00,353.275,353,120,0.0,17.27,76.252587,0.0,0.5,0.5,32.76,17.27,353.275,353,-0.8167000000000257,-11.350000000000023,11,76.252587,353.0917,354.3167,380.8083,371.1,398.9583
2025-11-01 12:00:00,353.0917,353,120,0.0,17.27,76.275652,0.0,0.25,0.5,32.76,17.27,353.0917,353,-0.18329999999997426,-3.126800000000003,12,76.275652,353.75,358.6917,386.4,367.7667,386.7167
2025-11-01 13:00:00,353.75,353,120,0.0,17.27,75.426724,0.0,0.0,0.5,32.76,17.27,353.75,353,0.658299999999997,-0.341700000000003,13,75.426724,354.3167,371.0924,396.3083,363.8417,377.65
2025-11-01 14:00:00,354.3167,353,120,0.0,17.27,72.490517,0.0,0.0,0.5,30.22,17.27,354.3167,353,0.5667000000000257,1.0417000000000485,14,72.490517,358.6917,380.8083,400.25,362.4833,372.1917
2025-11-01 15:00:00,358.6917,355,120,0.0,17.27,66.804348,0.0,0.0,0.25,13.2,17.27,358.6917,355,4.375,5.600000000000023,15,66.804348,371.0924,386.4,388.2,361.2917,368.35
2025-11-01 16:00:00,371.0924,366,119,0.0,17.27,75.977391,0.0,0.0,0.0,0.5,17.27,371.0924,366,12.400699999999972,17.342399999999998,16,75.977391,380.8083,396.3083,377.5,361.1667,365.958
2025-11-01 17:00:00,380.8083,376,120,0.0,17.27,80.937391,0.0,0.0,0.0,0.5,17.27,380.8083,376,9.715899999999976,26.49159999999995,17,80.937391,386.4,400.25,371.1,373.05,363.7083
2025-11-01 18:00:00,386.4,174,120,0.0,17.27,85.481897,0.0,0.0,0.0,0.5,17.27,386.4,174,5.591700000000003,27.70829999999995,18,85.481897,396.3083,388.2,367.7667,388.1167,362.5167
2025-11-01 19:00:00,396.3083,393,120,0.0,17.27,89.404348,0.0,0.0,0.0,0.5,17.27,396.3083,393,9.908299999999997,25.215899999999976,19,89.404348,400.25,377.5,363.8417,399.5917,361.4583
2025-11-01 20:00:00,400.25,395,120,0.0,17.27,86.436522,0.0,0.0,0.0,0.5,17.27,400.25,395,3.9417000000000257,19.441700000000026,20,86.436522,388.2,371.1,362.4833,405.4083,361.9917
2025-11-01 21:00:00,388.2,382,120,0.0,17.27,86.577586,0.0,0.0,0.0,0.25,17.27,388.2,382,-12.050000000000011,1.8000000000000114,21,86.577586,377.5,367.7667,361.2917,411.4083,361.8917
2025-11-01 22:00:00,377.5,374,120,0.0,17.27,87.964348,0.0,0.0,0.0,0.0,17.27,377.5,374,-10.699999999999989,-18.808299999999974,22,87.964348,371.1,363.8417,361.1667,412.9833,361.9083
2025-11-01 23:00:00,371.1,369,120,0.25,17.53,88.690517,0.25,0.25,0.25,0.25,17.53,371.1,369,-6.399999999999977,-29.149999999999977,23,88.690517,367.7667,362.4833,373.05,398.9583,361.3333
2025-11-02 00:00:00,367.7667,366,120,0.76,18.29,96.794017,0.76,1.01,1.01,1.01,18.29,367.7667,366,-3.3333000000000084,-20.433299999999974,0,96.794017,363.8417,361.2917,388.1167,386.7167,360.8151
2025-11-02 01:00:00,363.8417,314,120,0.51,18.29,97.374782,0.51,1.52,1.52,1.52,18.29,363.8417,314,-3.9250000000000114,-13.658299999999997,1,97.374782,362.4833,361.1667,399.5917,377.65,359.7417
2025-11-02 02:00:00,362.4833,362,120,0.0,18.29,99.157759,0.0,1.27,1.52,1.52,18.29,362.4833,362,-1.3584000000000174,-8.616700000000037,2,99.157759,361.2917,373.05,405.4083,372.1917,359.0
2025-11-02 03:00:00,361.2917,361,120,0.0,11.68,98.870085,0.0,0.51,1.52,1.52,11.68,361.2917,361,-1.191599999999994,-6.475000000000023,3,98.870085,361.1667,388.1167,411.4083,368.35,359.0
2025-11-02 04:00:00,361.1667,361,120,0.0,1.02,98.413913,0.0,0.0,1.52,1.52,1.02,361.1667,361,-0.125,-2.6750000000000114,4,98.413913,373.05,399.5917,412.9833,365.958,360.3833
2025-11-02 05:00:00,373.05,364,120,0.0,1.02,97.431034,0.0,0.0,1.27,1.52,1.02,373.05,364,11.88330000000002,10.566700000000026,5,97.431034,388.1167,405.4083,398.9583,363.7083,374.7833
2025-11-02 06:00:00,388.1167,381,120,0.0,1.02,85.556896,0.0,0.0,0.51,1.52,1.02,388.1167,381,15.066699999999969,26.82499999999999,6,85.556896,399.5917,411.4083,386.7167,362.5167,388.9
2025-11-02 07:00:00,399.5917,395,120,0.0,1.02,66.962931,0.0,0.0,0.0,1.52,1.02,399.5917,395,11.475000000000023,38.42500000000001,7,66.962931,405.4083,412.9833,377.65,361.4583,397.5
2025-11-02 08:00:00,405.4083,402,120,0.0,1.02,77.462069,0.0,0.0,0.0,1.52,1.02,405.4083,402,5.816599999999994,32.358299999999986,8,77.462069,411.4083,398.9583,372.1917,361.9917,404.6833
2025-11-02 09:00:00,411.4083,408,120,0.0,1.02,76.832174,0.0,0.0,0.0,1.52,1.02,411.4083,408,6.0,23.291600000000017,9,76.832174,412.9833,386.7167,368.35,361.8917,410.9167
2025-11-02 10:00:00,412.9833,406,120,0.0,0.76,71.910345,0.0,0.0,0.0,1.52,0.76,412.9833,406,1.5749999999999886,13.391599999999983,10,71.910345,398.9583,377.65,365.958,361.9083,408.325
2025-11-02 11:00:00,398.9583,393,120,0.0,0.76,68.260869,0.0,0.0,0.0,1.27,0.76,398.9583,393,-14.024999999999977,-6.449999999999989,11,68.260869,386.7167,372.1917,363.7083,361.3333,396.3667
2025-11-02 12:00:00,386.7167,381,120,0.0,0.76,73.681897,0.0,0.0,0.0,0.51,0.76,386.7167,381,-12.241600000000005,-24.691599999999994,12,73.681897,377.65,368.35,362.5167,360.8151,384.9667
2025-11-02 13:00:00,377.65,374,120,0.0,0.76,82.547826,0.0,0.0,0.0,0.0,0.76,377.65,374,-9.066700000000026,-35.33330000000001,13,82.547826,372.1917,365.958,361.4583,359.7417,369.4833
2025-11-02 14:00:00,372.1917,370,120,0.0,0.76,78.174138,0.0,0.0,0.0,0.0,0.76,372.1917,370,-5.4582999999999515,-26.766599999999983,14,78.174138,368.35,363.7083,361.9917,359.0,359.425
2025-11-02 15:00:00,368.35,367,120,0.0,0.76,78.164348,0.0,0.0,0.0,0.0,0.76,368.35,367,-3.841700000000003,-18.36669999999998,15,78.164348,365.958,362.5167,361.8917,359.0,355.2583
2025-11-02 16:00:00,365.958,365,119,0.0,0.76,74.861947,0.0,0.0,0.0,0.0,0.76,365.958,365,-2.391999999999996,-11.69199999999995,16,74.861947,363.7083,361.4583,361.9083,360.3833,354.7542
2025-11-02 17:00:00,363.7083,363,120,0.0,0.76,79.465517,0.0,0.0,0.0,0.0,0.76,363.7083,363,-2.2497000000000185,-8.483400000000017,17,79.465517,362.5167,361.9917,361.3333,374.7833,356.1167
2025-11-02 18:00:00,362.5167,362,120,0.0,0.76,85.05,0.0,0.0,0.0,0.0,0.76,362.5167,362,-1.191599999999994,-5.833300000000008,18,85.05,361.4583,361.8917,360.8151,388.9,359.3417
2025-11-02 19:00:00,361.4583,297,120,0.0,0.76,86.474783,0.0,0.0,0.0,0.0,0.76,361.4583,297,-1.058400000000006,-4.4997000000000185,19,86.474783,361.9917,361.9083,359.7417,397.5,363.3667
2025-11-02 20:00:00,361.9917,361,120,0.0,0.76,87.473913,0.0,0.0,0.0,0.0,0.76,361.9917,361,0.5333999999999719,-1.716600000000028,20,87.473913,361.8917,361.3333,359.0,404.6833,367.1933
2025-11-02 21:00:00,361.8917,361,120,0.0,0.76,89.734482,0.0,0.0,0.0,0.0,0.76,361.8917,361,-0.0999999999999659,-0.625,21,89.734482,361.9083,360.8151,359.0,410.9167,362.85
2025-11-02 22:00:00,361.9083,361,120,0.0,0.76,86.92931,0.0,0.0,0.0,0.0,0.76,361.9083,361,0.01659999999998263,0.44999999999998863,22,86.92931,361.3333,359.7417,360.3833,408.325,355.7333
2025-11-02 23:00:00,361.3333,361,120,0.0,0.76,88.465217,0.0,0.0,0.0,0.0,0.76,361.3333,361,-0.5749999999999886,-0.6583999999999719,23,88.465217,360.8151,359.0,374.7833,396.3667,353.1917
2025-11-03 00:00:00,360.8151,360,119,0.0,0.25,89.890518,0.0,0.0,0.0,0.0,0.25,360.8151,360,-0.5182000000000357,-1.0766000000000417,0,89.890518,359.7417,359.0,388.9,384.9667,352.0
2025-11-03 01:00:00,359.7417,359,120,0.0,0.0,91.82906,0.0,0.0,0.0,0.0,0.0,359.7417,359,-1.0733999999999924,-2.1666000000000167,1,91.82906,359.0,360.3833,397.5,369.4833,352.0
2025-11-03 02:00:00,359.0,359,120,0.0,0.0,91.212174,0.0,0.0,0.0,0.0,0.0,359.0,359,-0.7416999999999803,-2.3333000000000084,2,91.212174,359.0,374.7833,404.6833,359.425,352.6083
2025-11-03 03:00:00,359.0,359,120,0.0,0.0,90.550427,0.0,0.0,0.0,0.0,0.0,359.0,359,0.0,-1.8150999999999726,3,90.550427,360.3833,388.9,410.9167,355.2583,353.875
2025-11-03 04:00:00,360.3833,359,120,0.0,0.0,90.609483,0.0,0.0,0.0,0.0,0.0,360.3833,359,1.3833000000000197,0.6416000000000395,4,90.609483,374.7833,397.5,408.325,354.7542,366.3917
2025-11-03 05:00:00,374.7833,366,120,0.0,0.0,86.334483,0.0,0.0,0.0,0.0,0.0,374.7833,366,14.399999999999977,15.783299999999997,5,86.334483,388.9,404.6833,396.3667,356.1167,380.0667
2025-11-03 06:00:00,388.9,383,120,0.0,0.0,69.669828,0.0,0.0,0.0,0.0,0.0,388.9,383,14.11669999999998,29.899999999999977,6,69.669828,397.5,410.9167,384.9667,359.3417,392.4083
2025-11-03 07:00:00,397.5,394,120,0.0,0.0,67.76174,0.0,0.0,0.0,0.0,0.0,397.5,394,8.600000000000023,37.11669999999998,7,67.76174,404.6833,408.325,369.4833,363.3667,401.525
2025-11-03 08:00:00,404.6833,390,120,0.0,0.0,68.513793,0.0,0.0,0.0,0.0,0.0,404.6833,390,7.183299999999974,29.899999999999977,8,68.513793,410.9167,396.3667,359.425,367.1933,408.025
2025-11-03 09:00:00,410.9167,408,120,0.0,0.0,68.165517,0.0,0.0,0.0,0.0,0.0,410.9167,408,6.233400000000017,22.016700000000014,9,68.165517,408.325,384.9667,355.2583,362.85,411.5833
2025-11-03 10:00:00,408.325,400,120,0.0,0.0,67.893965,0.0,0.0,0.0,0.0,0.0,408.325,400,-2.591700000000003,10.824999999999989,10,67.893965,396.3667,369.4833,354.7542,355.7333,415.85
2025-11-03 11:00:00,396.3667,394,120,3.81,3.81,75.606896,3.81,3.81,3.81,3.81,3.81,396.3667,394,-11.958300000000008,-8.316599999999994,11,75.606896,384.9667,359.425,356.1167,353.1917,417.45
2025-11-03 12:00:00,384.9667,376,120,5.84,5.84,97.910434,5.84,9.65,9.65,9.65,5.84,384.9667,376,-11.399999999999977,-25.94999999999999,12,97.910434,369.4833,355.2583,359.3417,352.0,399.9083
2025-11-03 13:00:00,369.4833,364,120,2.03,5.84,95.332759,2.03,11.68,11.68,11.68,5.84,369.4833,364,-15.483400000000017,-38.8417,13,95.332759,359.425,354.7542,363.3667,352.0,386.975
2025-11-03 14:00:00,359.425,356,120,0.0,5.84,90.744348,0.0,7.869999999999999,11.68,11.68,5.84,359.425,356,-10.058299999999974,-36.94169999999997,14,90.744348,355.2583,356.1167,367.1933,352.6083,377.8
2025-11-03 15:00:00,355.2583,354,120,0.0,5.84,87.171552,0.0,2.03,11.68,11.68,5.84,355.2583,354,-4.166699999999992,-29.708399999999983,15,87.171552,354.7542,359.3417,362.85,353.875,371.7333
2025-11-03 16:00:00,354.7542,354,118,0.0,5.84,86.330973,0.0,0.0,11.68,11.68,5.84,354.7542,354,-0.504099999999994,-14.72909999999996,16,86.330973,356.1167,363.3667,355.7333,366.3917,367.2373
2025-11-03 17:00:00,356.1167,294,120,0.0,5.84,90.231035,0.0,0.0,7.869999999999999,11.68,5.84,356.1167,294,1.3624999999999545,-3.308300000000031,17,90.231035,359.3417,367.1933,353.1917,380.0667,364.1667
2025-11-03 18:00:00,359.3417,344,120,0.0,5.84,92.292174,0.0,0.0,2.03,11.68,5.84,359.3417,344,3.2250000000000227,4.083399999999983,18,92.292174,363.3667,362.85,352.0,392.4083,362.6
2025-11-03 19:00:00,363.3667,361,120,0.0,5.84,89.678261,0.0,0.0,0.0,11.68,5.84,363.3667,361,4.024999999999977,8.612499999999955,19,89.678261,367.1933,355.7333,352.0,401.525,360.9167
2025-11-03 20:00:00,367.1933,365,119,0.0,5.84,90.875,0.0,0.0,0.0,11.68,5.84,367.1933,365,3.8266000000000417,11.076600000000042,20,90.875,362.85,353.1917,352.6083,408.025,361.025
2025-11-03 21:00:00,362.85,358,120,0.0,5.84,92.480701,0.0,0.0,0.0,11.68,5.84,362.85,358,-4.343299999999999,3.5083000000000197,21,92.480701,355.7333,352.0,353.875,411.5833,361.0333
2025-11-03 22:00:00,355.7333,354,120,0.0,5.84,93.441379,0.0,0.0,0.0,11.68,5.84,355.7333,354,-7.116700000000037,-7.633399999999995,22,93.441379,353.1917,352.0,366.3917,415.85,361.0
2025-11-03 23:00:00,353.1917,352,120,0.0,5.84,92.997414,0.0,0.0,0.0,7.869999999999999,5.84,353.1917,352,-2.54159999999996,-14.001599999999996,23,92.997414,352.0,352.6083,380.0667,417.45,361.0
2025-11-04 00:00:00,352.0,352,120,0.0,5.84,93.526724,0.0,0.0,0.0,2.03,5.84,352.0,352,-1.1917000000000257,-10.850000000000023,0,93.526724,352.0,353.875,392.4083,399.9083,360.3333
2025-11-04 01:00:00,352.0,352,120,0.0,5.84,93.425,0.0,0.0,0.0,0.0,5.84,352.0,352,0.0,-3.7332999999999856,1,93.425,352.6083,366.3917,401.525,386.975,361.4333
2025-11-04 02:00:00,352.6083,352,120,0.0,5.84,94.725,0.0,0.0,0.0,0.0,5.84,352.6083,352,0.6082999999999856,-0.5834000000000401,2,94.725,353.875,380.0667,408.025,377.8,361.95
2025-11-04 03:00:00,353.875,353,120,0.0,5.84,94.93913,0.0,0.0,0.0,0.0,5.84,353.875,353,1.2667000000000144,1.875,3,94.93913,366.3917,392.4083,411.5833,371.7333,361.95
2025-11-04 04:00:00,366.3917,358,120,0.0,5.84,97.2,0.0,0.0,0.0,0.0,5.84,366.3917,358,12.516700000000014,14.391700000000014,4,97.2,380.0667,401.525,415.85,367.2373,362.4167
2025-11-04 05:00:00,380.0667,374,120,0.0,5.84,94.77931,0.0,0.0,0.0,0.0,5.84,380.0667,374,13.675000000000011,27.45840000000004,5,94.77931,392.4083,408.025,417.45,364.1667,375.875
2025-11-04 06:00:00,392.4083,386,120,0.0,5.84,82.828448,0.0,0.0,0.0,0.0,5.84,392.4083,386,12.341599999999971,38.5333,6,82.828448,401.525,411.5833,399.9083,362.6,391.225
2025-11-04 07:00:00,401.525,397,120,0.0,5.84,65.250435,0.0,0.0,0.0,0.0,5.84,401.525,397,9.11669999999998,35.13329999999996,7,65.250435,408.025,415.85,386.975,360.9167,404.1333
2025-11-04 08:00:00,408.025,405,120,0.0,5.84,68.129311,0.0,0.0,0.0,0.0,5.84,408.025,405,6.5,27.95829999999995,8,68.129311,411.5833,417.45,377.8,361.025,414.4833
2025-11-04 09:00:00,411.5833,411,120,0.0,5.84,71.242241,0.0,0.0,0.0,0.0,5.84,411.5833,411,3.558300000000031,19.17500000000001,9,71.242241,415.85,399.9083,371.7333,361.0333,420.2833
2025-11-04 10:00:00,415.85,413,120,0.25,6.1,74.258261,0.25,0.25,0.25,0.25,6.1,415.85,413,4.266700000000014,14.325000000000045,10,74.258261,417.45,386.975,367.2373,361.0,425.475
2025-11-04 11:00:00,417.45,409,120,0.25,6.1,67.388793,0.25,0.5,0.5,0.5,6.1,417.45,409,1.599999999999966,9.425000000000011,11,67.388793,399.9083,377.8,364.1667,361.0,429.0917
2025-11-04 12:00:00,399.9083,393,120,0.0,1.02,73.335652,0.0,0.5,0.5,0.5,1.02,399.9083,393,-17.54169999999999,-11.675000000000011,12,73.335652,386.975,371.7333,362.6,360.3333,414.5167
2025-11-04 13:00:00,386.975,382,120,0.0,0.25,78.137069,0.0,0.25,0.5,0.5,0.25,386.975,382,-12.933299999999974,-28.875,13,78.137069,377.8,367.2373,360.9167,361.4333,398.7167
2025-11-04 14:00:00,377.8,374,120,0.0,0.25,82.523478,0.0,0.0,0.5,0.5,0.25,377.8,374,-9.175000000000011,-39.64999999999998,14,82.523478,371.7333,364.1667,361.025,361.95,338.2
2025-11-04 15:00:00,371.7333,370,120,0.0,0.25,81.688793,0.0,0.0,0.5,0.5,0.25,371.7333,370,-6.066700000000026,-28.17500000000001,15,81.688793,367.2373,362.6,361.0333,361.95,294.6167
2025-11-04 16:00:00,367.2373,365,118,0.0,0.25,83.99469,0.0,0.0,0.25,0.5,0.25,367.2373,365,-4.495999999999981,-19.737700000000018,16,83.99469,364.1667,360.9167,361.0,362.4167,271.7227
2025-11-04 17:00:00,364.1667,363,120,0.0,0.25,86.334783,0.0,0.0,0.0,0.5,0.25,364.1667,363,-3.070600000000013,-13.63330000000002,17,86.334783,362.6,361.025,361.0,375.875,274.325
2025-11-04 18:00:00,362.6,362,120,0.0,0.25,88.594828,0.0,0.0,0.0,0.5,0.25,362.6,362,-1.566699999999969,-9.133299999999963,18,88.594828,360.9167,361.0333,360.3333,391.225,279.7
2025-11-04 19:00:00,360.9167,238,120,0.0,0.25,88.708696,0.0,0.0,0.0,0.5,0.25,360.9167,238,-1.683300000000031,-6.320600000000013,19,88.708696,361.025,361.0,361.4333,404.1333,285.175
2025-11-04 20:00:00,361.025,331,120,0.0,0.25,88.22069,0.0,0.0,0.0,0.5,0.25,361.025,331,0.10829999999998563,-3.1417000000000144,20,88.22069,361.0333,361.0,361.95,414.4833,289.4667
2025-11-04 21:00:00,361.0333,361,120,0.0,0.25,87.718261,0.0,0.0,0.0,0.5,0.25,361.0333,361,0.008300000000019736,-1.5667000000000257,21,87.718261,361.0,360.3333,361.95,420.2833,293.25
2025-11-04 22:00:00,361.0,361,120,0.0,0.25,87.431897,0.0,0.0,0.0,0.25,0.25,361.0,361,-0.033299999999997,0.08330000000000837,22,87.431897,361.0,361.4333,362.4167,425.475,295.1667
2025-11-04 23:00:00,361.0,361,120,0.0,0.25,88.841739,0.0,0.0,0.0,0.0,0.25,361.0,361,0.0,-0.024999999999977263,23,88.841739,360.3333,361.95,375.875,429.0917,294.225
2025-11-05 00:00:00,360.3333,268,120,0.0,0.25,91.605172,0.0,0.0,0.0,0.0,0.25,360.3333,268,-0.6666999999999916,-0.6999999999999886,0,91.605172,361.4333,361.95,391.225,414.5167,298.3043
2025-11-05 01:00:00,361.4333,361,120,0.0,0.25,92.102586,0.0,0.0,0.0,0.0,0.25,361.4333,361,1.099999999999966,0.43329999999997426,1,92.102586,361.95,362.4167,404.1333,398.7167,301.5833
2025-11-05 02:00:00,361.95,361,120,0.0,0.25,94.255172,0.0,0.0,0.0,0.0,0.25,361.95,361,0.5167000000000144,0.9499999999999886,2,94.255172,361.95,375.875,414.4833,338.2,305.3833
2025-11-05 03:00:00,361.95,356,120,0.0,0.25,94.442609,0.0,0.0,0.0,0.0,0.25,361.95,356,0.0,1.6166999999999803,3,94.442609,362.4167,391.225,420.2833,294.6167,309.2353
2025-11-05 04:00:00,362.4167,361,120,0.0,0.25,94.434483,0.0,0.0,0.0,0.0,0.25,362.4167,361,0.466700000000003,0.9834000000000174,4,94.434483,375.875,404.1333,425.475,271.7227,319.525
2025-11-05 05:00:00,375.875,367,120,0.0,0.25,93.895652,0.0,0.0,0.0,0.0,0.25,375.875,367,13.458300000000008,13.925000000000011,5,93.895652,391.225,414.4833,429.0917,274.325,322.9667
2025-11-05 06:00:00,391.225,384,120,0.0,0.25,88.50087,0.0,0.0,0.0,0.0,0.25,391.225,384,15.350000000000023,29.275000000000034,6,88.50087,404.1333,420.2833,414.5167,279.7,334.5333
2025-11-05 07:00:00,404.1333,398,120,0.0,0.25,74.507758,0.0,0.0,0.0,0.0,0.25,404.1333,398,12.908299999999997,41.71660000000003,7,74.507758,414.4833,425.475,398.7167,285.175,346.85
2025-11-05 08:00:00,414.4833,411,120,0.0,0.25,69.677586,0.0,0.0,0.0,0.0,0.25,414.4833,411,10.349999999999966,38.608299999999986,8,69.677586,420.2833,429.0917,338.2,289.4667,354.9333
2025-11-05 09:00:00,420.2833,417,120,0.0,0.25,72.16087,0.0,0.0,0.0,0.0,0.25,420.2833,417,5.800000000000011,29.058299999999974,9,72.16087,425.475,414.5167,294.6167,293.25,362.3083
2025-11-05 10:00:00,425.475,423,120,0.0,0.25,82.668103,0.0,0.0,0.0,0.0,0.25,425.475,423,5.191700000000026,21.341700000000003,10,82.668103,429.0917,398.7167,271.7227,295.1667,367.9917
2025-11-05 11:00:00,429.0917,423,120,0.0,0.0,85.890435,0.0,0.0,0.0,0.0,0.0,429.0917,423,3.6166999999999803,14.608400000000017,11,85.890435,414.5167,338.2,274.325,294.225,371.1333
2025-11-05 12:00:00,414.5167,408,120,0.0,0.0,84.05431,0.0,0.0,0.0,0.0,0.0,414.5167,408,-14.574999999999989,-5.766599999999983,12,84.05431,398.7167,294.6167,279.7,298.3043,375.6917
2025-11-05 13:00:00,398.7167,330,120,30.48,30.48,97.029825,30.48,30.48,30.48,30.48,30.48,398.7167,330,-15.800000000000011,-26.75830000000002,13,97.029825,338.2,271.7227,285.175,301.5833,378.7833
2025-11-05 14:00:00,338.2,319,120,32.26,36.07,100.0,32.26,62.739999999999995,62.739999999999995,62.739999999999995,36.07,338.2,319,-60.516700000000014,-90.89170000000001,14,100.0,294.6167,274.325,289.4667,305.3833,381.6417
2025-11-05 15:00:00,294.6167,275,120,25.4,61.72,100.0,25.4,88.14,88.14,88.14,61.72,294.6167,275,-43.58330000000001,-119.90000000000003,15,100.0,271.7227,279.7,293.25,309.2353,383.1304
2025-11-05 16:00:00,271.7227,269,119,25.4,72.14,100.0,25.4,83.06,113.53999999999999,113.53999999999999,72.14,271.7227,269,-22.894000000000005,-126.99400000000003,16,100.0,274.325,285.175,295.1667,319.525,385.9417
2025-11-05 17:00:00,274.325,271,120,10.67,74.68,100.0,10.67,61.470000000000006,124.21,124.21,74.68,274.325,271,2.602300000000014,-63.875,17,100.0,279.7,289.4667,294.225,322.9667,386.6167
2025-11-05 18:00:00,279.7,277,120,2.54,75.44,100.0,2.54,38.61000000000001,126.75,126.75,75.44,279.7,277,5.375,-14.916699999999992,18,100.0,285.175,293.25,298.3043,334.5333,386.5167
2025-11-05 19:00:00,285.175,283,120,0.76,75.69,100.0,0.76,13.970000000000008,97.03,127.51,75.69,285.175,283,5.475000000000023,13.452300000000037,19,100.0,289.4667,295.1667,301.5833,346.85,383.1167
2025-11-05 20:00:00,289.4667,288,120,0.25,75.69,100.0,0.25,3.550000000000007,65.02000000000001,127.76,75.69,289.4667,288,4.291699999999992,15.141700000000014,20,100.0,293.25,294.225,305.3833,354.9333,368.3917
2025-11-05 21:00:00,293.25,291,120,0.0,75.69,100.0,0.0,1.0100000000000071,39.620000000000005,127.76,75.69,293.25,291,3.783299999999997,13.550000000000011,21,100.0,295.1667,298.3043,309.2353,362.3083,358.7833
2025-11-05 22:00:00,295.1667,294,120,0.0,75.69,100.0,0.0,0.2500000000000071,14.220000000000008,127.76,75.69,295.1667,294,1.9166999999999916,9.99169999999998,22,100.0,294.225,301.5833,319.525,367.9917,354.2917
2025-11-05 23:00:00,294.225,198,120,0.0,75.69,100.0,0.0,0.0,3.550000000000007,127.76,75.69,294.225,198,-0.9416999999999689,4.75830000000002,23,100.0,298.3043,305.3833,322.9667,371.1333,352.2167
2025-11-06 00:00:00,298.3043,281,115,0.0,75.69,100.0,0.0,0.0,1.0100000000000071,127.76,75.69,298.3043,281,4.079299999999989,5.054300000000012,0,100.0,301.5833,309.2353,334.5333,375.6917,351.0667
2025-11-06 01:00:00,301.5833,278,120,0.0,75.69,100.0,0.0,0.0,0.2500000000000071,97.28,75.69,301.5833,278,3.2789999999999964,6.416600000000017,1,100.0,305.3833,319.525,346.85,378.7833,351.0084
2025-11-06 02:00:00,305.3833,304,120,0.0,75.69,100.0,0.0,0.0,0.0,65.02000000000001,75.69,305.3833,304,3.8000000000000114,11.158299999999997,2,100.0,309.2353,322.9667,354.9333,381.6417,350.9083
2025-11-06 03:00:00,309.2353,307,119,0.0,75.69,99.977193,0.0,0.0,0.0,39.620000000000005,75.69,309.2353,307,3.8519999999999754,10.930999999999983,3,99.977193,319.525,334.5333,362.3083,383.1304,352.4833
2025-11-06 05:00:00,319.525,315,120,0.0,75.69,100.0,0.0,0.0,0.0,14.220000000000008,75.69,319.525,315,10.289699999999982,17.94169999999997,5,100.0,322.9667,346.85,367.9917,385.9417,364.2833
2025-11-06 06:00:00,322.9667,321,120,0.0,75.69,99.683478,0.0,0.0,0.0,3.550000000000007,75.69,322.9667,321,3.4417000000000257,17.583399999999983,6,99.683478,334.5333,354.9333,371.1333,386.6167,381.125
2025-11-06 07:00:00,334.5333,325,120,0.0,75.69,84.226724,0.0,0.0,0.0,1.0100000000000071,75.69,334.5333,325,11.566599999999994,25.298000000000002,7,84.226724,346.85,362.3083,375.6917,386.5167,389.9167
2025-11-06 08:00:00,346.85,341,120,0.25,75.95,78.363793,0.25,0.2500000000000071,0.2500000000000071,0.5000000000000071,75.95,346.85,341,12.316700000000026,27.325000000000045,8,78.363793,354.9333,367.9917,378.7833,383.1167,395.7917
2025-11-06 09:00:00,354.9333,351,120,0.25,75.95,76.550877,0.25,0.5000000000000071,0.5000000000000071,0.5000000000000071,75.95,354.9333,351,8.083299999999952,31.96659999999997,9,76.550877,362.3083,371.1333,381.6417,368.3917,399.8083
2025-11-06 10:00:00,362.3083,358,120,0.0,75.95,65.487826,0.0,0.5000000000000071,0.5000000000000071,0.5000000000000071,75.95,362.3083,358,7.375,27.774999999999977,10,65.487826,367.9917,375.6917,383.1304,358.7833,390.0167
2025-11-06 11:00:00,367.9917,366,120,0.0,75.95,63.906034,0.0,0.2500000000000071,0.5000000000000071,0.5000000000000071,75.95,367.9917,366,5.683400000000006,21.141699999999958,11,63.906034,371.1333,378.7833,385.9417,354.2917,378.375
2025-11-06 12:00:00,371.1333,369,120,0.0,75.95,69.668103,0.0,0.0,0.5000000000000071,0.5000000000000071,75.95,371.1333,369,3.1416000000000395,16.200000000000045,12,69.668103,375.6917,381.6417,386.6167,352.2167,369.6583
2025-11-06 13:00:00,375.6917,374,120,0.0,75.95,68.453044,0.0,0.0,0.5000000000000071,0.5000000000000071,75.95,375.6917,374,4.558400000000006,13.383400000000051,13,68.453044,378.7833,383.1304,386.5167,351.0667,365.4417
2025-11-06 14:00:00,378.7833,377,120,0.0,44.96,68.530701,0.0,0.0,0.2500000000000071,0.5000000000000071,44.96,378.7833,377,3.0915999999999713,10.791600000000017,14,68.530701,381.6417,385.9417,383.1167,351.0084,363.175
2025-11-06 15:00:00,381.6417,380,120,0.0,39.12,71.076724,0.0,0.0,0.0,0.5000000000000071,39.12,381.6417,380,2.8584000000000174,10.508399999999995,15,71.076724,383.1304,386.6167,368.3917,350.9083,361.625
2025-11-06 16:00:00,383.1304,382,115,0.0,14.22,74.927027,0.0,0.0,0.0,0.5000000000000071,14.22,383.1304,382,1.4886999999999944,7.438699999999983,16,74.927027,385.9417,386.5167,358.7833,352.4833,369.1271
2025-11-06 17:00:00,385.9417,385,120,0.0,3.56,79.62,0.0,0.0,0.0,0.5000000000000071,3.56,385.9417,385,2.811300000000017,7.158400000000029,17,79.62,386.6167,383.1167,354.2917,364.2833,379.8833
2025-11-06 18:00:00,386.6167,321,120,0.0,1.02,82.193044,0.0,0.0,0.0,0.5000000000000071,1.02,386.6167,321,0.6749999999999545,4.974999999999966,18,82.193044,386.5167,368.3917,352.2167,381.125,381.425
2025-11-06 19:00:00,386.5167,386,120,0.25,0.51,94.662069,0.25,0.2500000000000071,0.2500000000000071,0.7500000000000071,0.51,386.5167,386,-0.0999999999999659,3.3863000000000056,19,94.662069,383.1167,358.7833,351.0667,389.9167,372.3583
2025-11-06 20:00:00,383.1167,376,120,0.25,0.51,94.342609,0.25,0.5000000000000071,0.5000000000000071,0.7500000000000071,0.51,383.1167,376,-3.400000000000034,-2.8250000000000455,20,94.342609,368.3917,354.2917,351.0084,395.7917,366.2417
2025-11-06 21:00:00,368.3917,363,120,0.25,0.76,95.314783,0.25,0.75,0.7500000000000071,0.7500000000000071,0.76,368.3917,363,-14.724999999999966,-18.224999999999966,21,95.314783,358.7833,352.2167,350.9083,399.8083,362.9
2025-11-06 22:00:00,358.7833,350,120,0.25,0.76,97.103448,0.25,0.75,1.000000000000007,1.000000000000007,0.76,358.7833,350,-9.608400000000017,-27.733400000000017,22,97.103448,354.2917,351.0667,352.4833,390.0167,361.0684
2025-11-06 23:00:00,354.2917,353,120,0.25,1.02,96.748695,0.25,0.75,1.250000000000007,1.250000000000007,1.02,354.2917,353,-4.491600000000005,-28.82499999999999,23,96.748695,352.2167,351.0084,364.2833,378.375,360.0
2025-11-07 00:00:00,352.2167,351,120,0.25,1.02,97.084483,0.25,0.75,1.5,1.500000000000007,1.02,352.2167,351,-2.0749999999999886,-16.17500000000001,0,97.084483,351.0667,350.9083,381.125,369.6583,359.1017
2025-11-07 01:00:00,351.0667,351,120,0.0,1.02,97.986206,0.0,0.5000000000000071,1.250000000000007,1.500000000000007,1.02,351.0667,351,-1.1499999999999773,-7.716599999999971,1,97.986206,351.0084,352.4833,389.9167,365.4417,358.1833
2025-11-07 02:00:00,351.0084,351,119,0.0,1.02,97.880172,0.0,0.2500000000000071,1.000000000000007,1.500000000000007,1.02,351.0084,351,-0.058300000000031105,-3.283299999999997,2,97.880172,350.9083,364.2833,395.7917,363.175,356.025
2025-11-07 03:00:00,350.9083,279,120,0.0,1.02,98.534483,0.0,0.0,0.7500000000000071,1.500000000000007,1.02,350.9083,279,-0.10009999999999764,-1.308400000000006,3,98.534483,352.4833,381.125,399.8083,361.625,354.5294
2025-11-07 04:00:00,352.4833,352,120,0.0,1.02,99.711207,0.0,0.0,0.5000000000000071,1.500000000000007,1.02,352.4833,352,1.5749999999999886,1.41659999999996,4,99.711207,364.2833,389.9167,390.0167,369.1271,354.9833
2025-11-07 05:00:00,364.2833,354,120,0.0,1.02,91.838793,0.0,0.0,0.2500000000000071,1.500000000000007,1.02,364.2833,354,11.800000000000011,13.274900000000002,5,91.838793,381.125,395.7917,378.375,379.8833,368.8087
2025-11-07 06:00:00,381.125,374,120,0.0,1.02,64.683621,0.0,0.0,0.0,1.500000000000007,1.02,381.125,374,16.841700000000003,30.216700000000003,6,64.683621,389.9167,399.8083,369.6583,381.425,382.1826
2025-11-07 07:00:00,389.9167,387,120,0.0,1.02,73.2,0.0,0.0,0.0,1.250000000000007,1.02,389.9167,387,8.791699999999992,37.433400000000006,7,73.2,395.7917,390.0167,365.4417,372.3583,394.075
2025-11-07 08:00:00,395.7917,393,120,0.0,1.02,75.42069,0.0,0.0,0.0,1.000000000000007,1.02,395.7917,393,5.875,31.508399999999995,8,75.42069,399.8083,378.375,363.175,366.2417,400.3583
2025-11-07 09:00:00,399.8083,397,120,0.0,0.76,77.040517,0.0,0.0,0.0,0.7500000000000071,0.76,399.8083,397,4.016599999999983,18.683299999999974,9,77.040517,390.0167,369.6583,361.625,362.9,403.1417
2025-11-07 10:00:00,390.0167,384,120,0.0,0.76,70.442609,0.0,0.0,0.0,0.5000000000000071,0.76,390.0167,384,-9.79159999999996,0.10000000000002274,10,70.442609,378.375,365.4417,369.1271,361.0684,405.775
2025-11-07 11:00:00,378.375,373,120,0.0,0.76,66.577586,0.0,0.0,0.0,0.2500000000000071,0.76,378.375,373,-11.641700000000014,-17.41669999999999,11,66.577586,369.6583,363.175,379.8833,360.0,410.6833
2025-11-07 12:00:00,369.6583,367,120,0.0,0.76,65.578261,0.0,0.0,0.0,0.0,0.76,369.6583,367,-8.716700000000003,-30.149999999999977,12,65.578261,365.4417,361.625,381.425,359.1017,413.5667
2025-11-07 13:00:00,365.4417,364,120,0.0,0.76,67.548276,0.0,0.0,0.0,0.0,0.76,365.4417,364,-4.216599999999971,-24.57499999999999,13,67.548276,363.175,369.1271,372.3583,358.1833,416.4417
2025-11-07 14:00:00,363.175,363,120,0.0,0.76,63.435652,0.0,0.0,0.0,0.0,0.76,363.175,363,-2.2667000000000144,-15.199999999999989,14,63.435652,361.625,379.8833,366.2417,356.025,416.6833
2025-11-07 15:00:00,361.625,361,120,0.0,0.76,63.046552,0.0,0.0,0.0,0.0,0.76,361.625,361,-1.5500000000000114,-8.033299999999997,15,63.046552,369.1271,381.425,362.9,354.5294,407.0333
2025-11-07 16:00:00,369.1271,361,118,0.76,1.78,81.122124,0.76,0.7600000000000071,0.7600000000000071,0.7600000000000071,1.78,369.1271,361,7.5020999999999844,3.6853999999999587,16,81.122124,379.8833,372.3583,361.0684,354.9833,403.4615
2025-11-07 17:00:00,379.8833,373,120,2.03,2.79,97.909483,2.03,2.790000000000007,2.790000000000007,2.790000000000007,2.79,379.8833,373,10.756200000000035,16.70830000000001,17,97.909483,381.425,366.2417,360.0,368.8087,391.2333
2025-11-07 18:00:00,381.425,233,120,1.02,2.79,96.906957,1.02,3.8100000000000067,3.8100000000000067,3.8100000000000067,2.79,381.425,233,1.5416999999999916,19.80000000000001,18,96.906957,372.3583,362.9,359.1017,382.1826,387.1083
2025-11-07 19:00:00,372.3583,369,120,0.0,2.79,94.316521,0.0,3.050000000000007,3.8100000000000067,3.8100000000000067,2.79,372.3583,369,-9.066700000000026,3.231200000000001,19,94.316521,366.2417,361.0684,358.1833,394.075,375.5833
2025-11-07 20:00:00,366.2417,364,120,0.0,2.54,93.791379,0.0,1.0200000000000067,3.8100000000000067,3.8100000000000067,2.54,366.2417,364,-6.116600000000005,-13.64160000000004,20,93.791379,362.9,360.0,356.025,400.3583,362.8083
2025-11-07 21:00:00,362.9,362,120,0.51,3.05,93.223478,0.51,0.5100000000000067,4.3200000000000065,4.3200000000000065,3.05,362.9,362,-3.341700000000003,-18.525000000000034,21,93.223478,361.0684,359.1017,354.5294,403.1417,357.2521
2025-11-07 22:00:00,361.0684,360,117,0.51,2.79,93.602655,0.51,1.0200000000000067,4.070000000000007,4.830000000000007,2.79,361.0684,360,-1.8315999999999804,-11.289899999999989,22,93.602655,360.0,358.1833,354.9833,405.775,354.3667
2025-11-07 23:00:00,360.0,360,120,0.0,2.79,95.87069,0.0,1.0200000000000067,2.0400000000000067,4.830000000000007,2.79,360.0,360,-1.068399999999997,-6.24169999999998,23,95.87069,359.1017,356.025,368.8087,410.6833,353.7851
2025-11-08 00:00:00,359.1017,359,118,0.0,2.54,97.325217,0.0,0.5100000000000067,1.0200000000000067,4.830000000000007,2.54,359.1017,359,-0.8983000000000061,-3.7982999999999834,0,97.325217,358.1833,354.5294,382.1826,413.5667,353.0083
2025-11-08 01:00:00,358.1833,358,120,0.0,2.54,96.791379,0.0,0.0,1.0200000000000067,4.830000000000007,2.54,358.1833,358,-0.9184000000000196,-2.8851000000000226,1,96.791379,356.025,354.9833,394.075,416.4417,352.3109
2025-11-08 02:00:00,356.025,296,120,0.0,2.54,98.780172,0.0,0.0,1.0200000000000067,4.830000000000007,2.54,356.025,296,-2.158299999999997,-3.9750000000000227,2,98.780172,354.5294,368.8087,400.3583,416.6833,350.8583
2025-11-08 03:00:00,354.5294,354,119,0.0,2.54,96.491305,0.0,0.0,0.5100000000000067,4.830000000000007,2.54,354.5294,354,-1.4955999999999676,-4.572299999999984,3,96.491305,354.9833,382.1826,403.1417,407.0333,349.3917
2025-11-08 04:00:00,354.9833,353,120,0.0,2.54,98.405263,0.0,0.0,0.0,4.070000000000007,2.54,354.9833,353,0.453899999999976,-3.1999999999999886,4,98.405263,368.8087,394.075,405.775,403.4615,349.3667
2025-11-08 05:00:00,368.8087,362,115,0.0,2.54,97.549549,0.0,0.0,0.0,2.0400000000000067,2.54,368.8087,362,13.825400000000002,12.78370000000001,5,97.549549,382.1826,400.3583,410.6833,391.2333,363.6083
2025-11-08 06:00:00,382.1826,376,115,0.0,2.54,83.562727,0.0,0.0,0.0,1.0200000000000067,2.54,382.1826,376,13.373899999999992,27.65319999999997,6,83.562727,394.075,403.1417,413.5667,387.1083,379.0833
2025-11-08 07:00:00,394.075,388,120,0.0,2.54,62.509483,0.0,0.0,0.0,1.0200000000000067,2.54,394.075,388,11.89240000000001,39.0917,7,62.509483,400.3583,405.775,416.4417,375.5833,390.4167
2025-11-08 08:00:00,400.3583,398,120,0.0,2.54,71.874783,0.0,0.0,0.0,1.0200000000000067,2.54,400.3583,398,6.283299999999997,31.549599999999998,8,71.874783,403.1417,410.6833,416.6833,362.8083,398.35
2025-11-08 09:00:00,403.1417,401,120,0.0,2.54,76.90171,0.0,0.0,0.0,0.5100000000000067,2.54,403.1417,401,2.7834000000000287,20.959100000000035,9,76.90171,405.775,413.5667,407.0333,357.2521,403.5083
2025-11-08 10:00:00,405.775,405,120,0.0,2.54,84.24,0.0,0.0,0.0,0.0,2.54,405.775,405,2.633299999999963,11.699999999999989,10,84.24,410.6833,416.4417,403.4615,354.3667,395.6667
2025-11-08 11:00:00,410.6833,408,120,0.0,2.54,77.922414,0.0,0.0,0.0,0.0,2.54,410.6833,408,4.908299999999997,10.324999999999989,11,77.922414,413.5667,416.6833,391.2333,353.7851,383.7083
2025-11-08 12:00:00,413.5667,413,120,0.0,2.54,73.994828,0.0,0.0,0.0,0.0,2.54,413.5667,413,2.8834000000000515,10.425000000000011,12,73.994828,416.4417,407.0333,387.1083,353.0083,376.2833
2025-11-08 13:00:00,416.4417,415,120,0.0,2.54,78.790435,0.0,0.0,0.0,0.0,2.54,416.4417,415,2.875,10.666700000000048,13,78.790435,416.6833,403.4615,375.5833,352.3109,355.8917
2025-11-08 14:00:00,416.6833,411,120,0.0,2.54,80.147008,0.0,0.0,0.0,0.0,2.54,416.6833,411,0.24159999999994852,6.0,14,80.147008,407.0333,391.2333,362.8083,350.8583,317.9083
2025-11-08 15:00:00,407.0333,355,120,7.62,10.41,85.720869,7.62,7.620000000000006,7.620000000000006,7.620000000000006,10.41,407.0333,355,-9.649999999999977,-6.533400000000029,15,85.720869,403.4615,387.1083,357.2521,349.3917,306.0667
2025-11-08 16:00:00,403.4615,395,117,14.48,17.78,99.99823,14.48,22.10000000000001,22.10000000000001,22.10000000000001,17.78,403.4615,395,-3.571799999999996,-12.980200000000025,16,99.99823,391.2333,375.5833,354.3667,349.3667,313.8898
2025-11-08 17:00:00,391.2333,388,120,7.37,17.02,100.0,7.37,29.470000000000006,29.470000000000006,29.470000000000006,17.02,391.2333,388,-12.228200000000015,-25.44999999999999,17,100.0,387.1083,362.8083,353.7851,363.6083,322.975
2025-11-08 18:00:00,387.1083,386,120,0.0,16.0,100.0,0.0,21.850000000000005,29.470000000000006,29.470000000000006,16.0,387.1083,386,-4.125,-19.92500000000001,18,100.0,375.5833,357.2521,353.0083,379.0833,331.5083
2025-11-08 19:00:00,375.5833,368,120,0.76,17.02,100.0,0.76,8.130000000000006,30.230000000000008,30.230000000000008,17.02,375.5833,368,-11.524999999999977,-27.878199999999993,19,100.0,362.8083,354.3667,352.3109,390.4167,339.5667
2025-11-08 20:00:00,362.8083,359,120,0.76,17.02,100.0,0.76,1.5200000000000053,30.990000000000006,30.990000000000006,17.02,362.8083,359,-12.775000000000034,-28.42500000000001,20,100.0,357.2521,353.7851,350.8583,398.35,347.1167
2025-11-08 21:00:00,357.2521,355,119,0.0,17.02,99.971304,0.0,1.5200000000000053,23.370000000000005,30.990000000000006,17.02,357.2521,355,-5.55619999999999,-29.8562,21,99.971304,354.3667,353.0083,349.3917,403.5083,354.0168
2025-11-08 22:00:00,354.3667,354,120,0.0,16.26,96.37931,0.0,0.7600000000000053,8.890000000000006,30.990000000000006,16.26,354.3667,354,-2.885400000000004,-21.216600000000028,22,96.37931,353.7851,352.3109,349.3667,395.6667,360.1917
2025-11-08 23:00:00,353.7851,353,121,0.0,16.26,92.214656,0.0,0.0,1.5200000000000053,30.990000000000006,16.26,353.7851,353,-0.5815999999999804,-9.023199999999974,23,92.214656,353.0083,350.8583,363.6083,383.7083,364.775
2025-11-09 00:00:00,353.0083,353,120,0.0,16.26,93.426724,0.0,0.0,1.5200000000000053,30.990000000000006,16.26,353.0083,353,-0.7767999999999802,-4.243799999999965,0,93.426724,352.3109,349.3917,379.0833,376.2833,364.6
2025-11-09 01:00:00,352.3109,351,119,0.0,16.26,96.937391,0.0,0.0,0.7600000000000053,30.990000000000006,16.26,352.3109,351,-0.697400000000016,-2.0557999999999765,1,96.937391,350.8583,349.3667,390.4167,355.8917,360.5083
2025-11-09 02:00:00,350.8583,350,120,0.0,16.26,97.882759,0.0,0.0,0.0,30.990000000000006,16.26,350.8583,350,-1.452600000000018,-2.9268000000000143,2,97.882759,349.3917,363.6083,398.35,317.9083,357.3667
2025-11-09 03:00:00,349.3917,349,120,0.0,16.26,98.176724,0.0,0.0,0.0,23.370000000000005,16.26,349.3917,349,-1.4665999999999713,-3.6166000000000054,3,98.176724,349.3667,379.0833,403.5083,306.0667,354.9667
2025-11-09 04:00:00,349.3667,348,120,0.0,16.26,99.428448,0.0,0.0,0.0,8.890000000000006,16.26,349.3667,348,-0.025000000000034106,-2.9442000000000235,4,99.428448,363.6083,390.4167,395.6667,313.8898,355.325
2025-11-09 05:00:00,363.6083,355,120,0.0,16.26,93.031035,0.0,0.0,0.0,1.5200000000000053,16.26,363.6083,355,14.241600000000005,12.75,5,93.031035,379.0833,398.35,383.7083,322.975,361.6667
2025-11-09 06:00:00,379.0833,372,120,0.0,16.26,77.888793,0.0,0.0,0.0,1.5200000000000053,16.26,379.0833,372,15.475000000000023,29.691599999999994,6,77.888793,390.4167,403.5083,376.2833,331.5083,369.325
2025-11-09 07:00:00,390.4167,386,120,0.0,16.26,66.057759,0.0,0.0,0.0,0.7600000000000053,16.26,390.4167,386,11.333399999999983,41.05000000000001,7,66.057759,398.35,395.6667,355.8917,339.5667,376.7
2025-11-09 08:00:00,398.35,395,120,0.0,16.26,66.338261,0.0,0.0,0.0,0.0,16.26,398.35,395,7.933300000000031,34.74170000000004,8,66.338261,403.5083,383.7083,317.9083,347.1167,384.6975
2025-11-09 09:00:00,403.5083,401,120,0.0,16.26,70.830172,0.0,0.0,0.0,0.0,16.26,403.5083,401,5.158299999999997,24.42500000000001,9,70.830172,395.6667,376.2833,306.0667,354.0168,390.1167
2025-11-09 10:00:00,395.6667,389,120,0.0,16.26,70.431304,0.0,0.0,0.0,0.0,16.26,395.6667,389,-7.841600000000028,5.25,10,70.431304,383.7083,355.8917,313.8898,360.1917,394.8167
2025-11-09 11:00:00,383.7083,378,120,0.0,16.26,67.396521,0.0,0.0,0.0,0.0,16.26,383.7083,378,-11.958399999999983,-14.641700000000014,11,67.396521,376.2833,317.9083,322.975,364.775,397.6167
2025-11-09 12:00:00,376.2833,269,120,4.06,20.57,83.271552,4.06,4.060000000000005,4.060000000000005,4.060000000000005,20.57,376.2833,269,-7.425000000000011,-27.225000000000023,12,83.271552,355.8917,306.0667,331.5083,364.6,399.85
2025-11-09 13:00:00,355.8917,251,120,30.99,52.32,99.037931,30.99,35.050000000000004,35.050000000000004,35.050000000000004,52.32,355.8917,251,-20.391599999999983,-39.77499999999998,13,99.037931,317.9083,313.8898,339.5667,360.5083,400.8667
2025-11-09 14:00:00,317.9083,305,120,30.73,67.06,100.0,30.73,65.78,65.78,65.78,67.06,317.9083,305,-37.98340000000002,-65.80000000000001,14,100.0,306.0667,322.975,347.1167,357.3667,401.3583
2025-11-09 15:00:00,306.0667,304,120,14.48,67.06,100.0,14.48,76.2,80.26,80.26,67.06,306.0667,304,-11.841599999999971,-70.21659999999997,15,100.0,313.8898,331.5083,354.0168,354.9667,376.475
2025-11-09 16:00:00,313.8898,309,118,0.0,57.4,100.0,0.0,45.21000000000001,80.26,80.26,57.4,313.8898,309,7.823099999999954,-42.001900000000035,16,100.0,322.975,339.5667,360.1917,355.325,284.5932
2025-11-09 17:00:00,322.975,307,120,0.0,51.56,100.0,0.0,14.480000000000008,80.26,80.26,51.56,322.975,307,9.085200000000043,5.066700000000026,17,100.0,331.5083,347.1167,364.775,361.6667,279.3583
2025-11-09 18:00:00,331.5083,328,120,0.0,51.56,100.0,0.0,0.0,76.2,80.26,51.56,331.5083,328,8.533299999999997,25.441599999999994,18,100.0,339.5667,354.0168,364.6,369.325,280.6583
2025-11-09 19:00:00,339.5667,336,120,0.0,51.56,100.0,0.0,0.0,45.21000000000001,80.26,51.56,339.5667,336,8.058400000000006,25.676900000000046,19,100.0,347.1167,360.1917,360.5083,376.7,278.95
2025-11-09 20:00:00,347.1167,343,120,0.0,50.55,100.0,0.0,0.0,14.480000000000008,80.26,50.55,347.1167,343,7.5499999999999545,24.141699999999958,20,100.0,354.0168,364.775,357.3667,384.6975,280.4583
2025-11-09 21:00:00,354.0168,351,119,0.0,50.55,100.0,0.0,0.0,0.0,80.26,50.55,354.0168,351,6.900100000000009,22.50849999999997,21,100.0,360.1917,364.6,354.9667,390.1167,283.8
2025-11-09 22:00:00,360.1917,357,120,1.02,51.82,100.0,1.02,1.0200000000000071,1.0200000000000071,81.28,51.82,360.1917,357,6.1749000000000365,20.625,22,100.0,364.775,360.5083,355.325,394.8167,285.2583
2025-11-09 23:00:00,364.775,363,120,1.02,51.82,100.0,1.02,2.040000000000007,2.040000000000007,82.30000000000001,51.82,364.775,363,4.5832999999999515,17.658299999999997,23,100.0,364.6,357.3667,361.6667,397.6167,287.1167
2025-11-10 00:00:00,364.6,363,120,0.0,51.82,100.0,0.0,2.040000000000007,2.040000000000007,78.24000000000001,51.82,364.6,363,-0.17499999999995453,10.583200000000033,0,100.0,360.5083,354.9667,369.325,399.85,292.7667
2025-11-10 01:00:00,360.5083,359,120,0.0,51.82,100.0,0.0,1.0200000000000071,2.040000000000007,47.25000000000001,51.82,360.5083,359,-4.091700000000003,0.316599999999994,1,100.0,357.3667,355.325,376.7,400.8667,293.9083
2025-11-10 02:00:00,357.3667,356,120,0.0,51.82,100.0,0.0,0.0,2.040000000000007,16.520000000000007,51.82,357.3667,356,-3.1416000000000395,-7.408299999999997,2,100.0,354.9667,361.6667,384.6975,401.3583,300.1917
2025-11-10 03:00:00,354.9667,354,120,0.0,51.82,100.0,0.0,0.0,2.040000000000007,2.040000000000007,51.82,354.9667,354,-2.3999999999999773,-9.63330000000002,3,100.0,355.325,369.325,390.1167,376.475,306.5917
2025-11-10 04:00:00,355.325,353,120,0.0,51.82,100.0,0.0,0.0,1.0200000000000071,2.040000000000007,51.82,355.325,353,0.35829999999998563,-5.183300000000031,4,100.0,361.6667,376.7,394.8167,284.5932,315.6167
2025-11-10 05:00:00,361.6667,358,120,0.0,51.82,100.0,0.0,0.0,0.0,2.040000000000007,51.82,361.6667,358,6.341700000000003,4.300000000000011,5,100.0,369.325,384.6975,397.6167,279.3583,327.45
2025-11-10 06:00:00,369.325,366,120,0.0,51.82,98.808621,0.0,0.0,0.0,2.040000000000007,51.82,369.325,366,7.658299999999997,14.358299999999986,6,98.808621,376.7,390.1167,399.85,280.6583,335.7583
2025-11-10 07:00:00,376.7,373,120,0.0,51.82,88.689565,0.0,0.0,0.0,2.040000000000007,51.82,376.7,373,7.375,21.375,7,88.689565,384.6975,394.8167,400.8667,278.95,342.9167
2025-11-10 08:00:00,384.6975,381,119,0.0,51.82,74.024561,0.0,0.0,0.0,2.040000000000007,51.82,384.6975,381,7.997500000000002,23.0308,8,74.024561,390.1167,397.6167,401.3583,280.4583,349.2083
2025-11-10 09:00:00,390.1167,388,120,0.0,51.82,75.223478,0.0,0.0,0.0,2.040000000000007,51.82,390.1167,388,5.419199999999989,20.79169999999999,9,75.223478,394.8167,399.85,376.475,283.8,354.5167
2025-11-10 10:00:00,394.8167,391,120,0.0,51.82,77.714655,0.0,0.0,0.0,1.0200000000000071,51.82,394.8167,391,4.7000000000000455,18.116700000000037,10,77.714655,397.6167,400.8667,284.5932,285.2583,358.1
2025-11-10 11:00:00,397.6167,397,120,0.0,51.82,77.658261,0.0,0.0,0.0,0.0,51.82,397.6167,397,2.7999999999999545,12.91919999999999,11,77.658261,399.85,401.3583,279.3583,287.1167,361.7417
2025-11-10 12:00:00,399.85,399,120,0.0,51.82,76.862069,0.0,0.0,0.0,0.0,51.82,399.85,399,2.2333000000000425,9.733300000000042,12,76.862069,400.8667,376.475,280.6583,292.7667,365.4833
2025-11-10 13:00:00,400.8667,400,120,0.0,42.67,82.662931,0.0,0.0,0.0,0.0,42.67,400.8667,400,1.0166999999999575,6.0499999999999545,13,82.662931,401.3583,284.5932,278.95,293.9083,368.575
2025-11-10 14:00:00,401.3583,400,120,4.32,13.46,91.739131,4.32,4.320000000000007,4.320000000000007,4.320000000000007,13.46,401.3583,400,0.49160000000000537,3.7416000000000054,14,91.739131,376.475,279.3583,280.4583,300.1917,371.725
2025-11-10 15:00:00,376.475,266,120,29.21,35.05,98.648276,29.21,33.53000000000001,33.53000000000001,33.53000000000001,35.05,376.475,266,-24.883299999999963,-23.375,15,98.648276,284.5932,280.6583,283.8,306.5917,374.9667
2025-11-10 16:00:00,284.5932,278,118,29.46,36.07,100.0,29.46,62.99000000000001,62.99000000000001,62.99000000000001,36.07,284.5932,278,-91.8818,-116.27349999999996,16,100.0,279.3583,278.95,285.2583,315.6167,376.7797
2025-11-10 17:00:00,279.3583,278,120,2.54,38.61,100.0,2.54,61.21000000000001,65.53000000000002,65.53000000000002,38.61,279.3583,278,-5.234900000000039,-122.0,17,100.0,280.6583,280.4583,287.1167,327.45,372.2
2025-11-10 18:00:00,280.6583,280,120,5.33,43.94,100.0,5.33,37.330000000000005,70.86000000000001,70.86000000000001,43.94,280.6583,280,1.3000000000000114,-95.81670000000003,18,100.0,278.95,283.8,292.7667,335.7583,368.8833
2025-11-10 19:00:00,278.95,278,120,7.37,48.77,100.0,7.37,15.240000000000007,78.23,78.23,48.77,278.95,278,-1.7083000000000084,-5.643200000000036,19,100.0,280.4583,285.2583,293.9083,342.9167,356.0417
2025-11-10 20:00:00,280.4583,279,120,4.32,50.8,100.0,4.32,17.020000000000007,78.23,82.55000000000001,50.8,280.4583,279,1.5083000000000197,1.1000000000000227,20,100.0,283.8,287.1167,300.1917,349.2083,340.6333
2025-11-10 21:00:00,283.8,272,120,2.03,51.56,100.0,2.03,13.720000000000008,51.05000000000001,84.58000000000001,51.56,283.8,272,3.341700000000003,3.1417000000000144,21,100.0,285.2583,292.7667,306.5917,354.5167,335.6667
2025-11-10 22:00:00,285.2583,174,120,0.51,51.56,100.0,0.51,6.860000000000007,22.10000000000001,85.09,51.56,285.2583,174,1.4583000000000084,6.308300000000031,22,100.0,287.1167,293.9083,315.6167,358.1,334.6167
2025-11-10 23:00:00,287.1167,171,120,0.0,50.29,100.0,0.0,2.540000000000007,19.56000000000001,85.09,50.29,287.1167,171,1.8583999999999605,6.658399999999972,23,100.0,292.7667,300.1917,327.45,361.7417,334.975
2025-11-11 00:00:00,292.7667,194,120,0.0,50.29,100.0,0.0,0.5100000000000071,14.230000000000006,85.09,50.29,292.7667,194,5.650000000000034,8.966700000000003,0,100.0,293.9083,306.5917,335.7583,365.4833,336.3333
2025-11-11 01:00:00,293.9083,216,120,0.0,50.29,100.0,0.0,0.0,6.860000000000007,85.09,50.29,293.9083,216,1.1415999999999826,8.649999999999977,1,100.0,300.1917,315.6167,342.9167,368.575,341.55
2025-11-11 02:00:00,300.1917,160,120,0.0,50.29,100.0,0.0,0.0,2.540000000000007,80.77000000000001,50.29,300.1917,160,6.283400000000029,13.075000000000045,2,100.0,306.5917,327.45,349.2083,371.725,345.5417
2025-11-11 03:00:00,306.5917,253,120,0.25,50.55,100.0,0.25,0.2500000000000071,0.7600000000000071,51.81000000000001,50.55,306.5917,253,6.399999999999977,13.824999999999989,3,100.0,315.6167,335.7583,354.5167,374.9667,348.5333
2025-11-11 04:00:00,315.6167,310,120,0.25,50.55,100.0,0.25,0.5000000000000071,0.5000000000000071,22.60000000000001,50.55,315.6167,310,9.024999999999977,21.708399999999983,4,100.0,327.45,342.9167,358.1,376.7797,356.1083
2025-11-11 05:00:00,327.45,323,120,0.0,50.55,100.0,0.0,0.5000000000000071,0.5000000000000071,20.06000000000001,50.55,327.45,323,11.833300000000008,27.258299999999963,5,100.0,335.7583,349.2083,361.7417,372.2,360.875
2025-11-11 06:00:00,335.7583,332,120,0.0,50.55,100.0,0.0,0.2500000000000071,0.5000000000000071,14.730000000000006,50.55,335.7583,332,8.308300000000031,29.166600000000017,6,100.0,342.9167,354.5167,365.4833,368.8833,365.8583
2025-11-11 07:00:00,342.9167,339,120,0.0,50.55,96.492174,0.0,0.0,0.5000000000000071,7.360000000000007,50.55,342.9167,339,7.158399999999972,27.30000000000001,7,96.492174,349.2083,358.1,368.575,356.0417,371.0167
2025-11-11 08:00:00,349.2083,346,120,0.0,50.55,82.358621,0.0,0.0,0.5000000000000071,3.040000000000007,50.55,349.2083,346,6.291600000000017,21.75830000000002,8,82.358621,354.5167,361.7417,371.725,340.6333,375.2583
2025-11-11 09:00:00,354.5167,352,120,0.0,50.55,75.570435,0.0,0.0,0.2500000000000071,1.0100000000000071,50.55,354.5167,352,5.308400000000006,18.758399999999995,9,75.570435,358.1,365.4833,374.9667,335.6667,378.9167
2025-11-11 10:00:00,358.1,356,120,0.0,50.55,70.83772,0.0,0.0,0.0,0.5000000000000071,50.55,358.1,356,3.5833000000000084,15.183300000000031,10,70.83772,361.7417,368.575,376.7797,334.6167,381.1167
2025-11-11 11:00:00,361.7417,359,120,0.0,50.55,69.059483,0.0,0.0,0.0,0.5000000000000071,50.55,361.7417,359,3.6416999999999575,12.533399999999972,11,69.059483,365.4833,371.725,372.2,334.975,383.4833
2025-11-11 12:00:00,365.4833,364,120,0.0,50.55,67.795652,0.0,0.0,0.0,0.5000000000000071,50.55,365.4833,364,3.7416000000000054,10.966599999999971,12,67.795652,368.575,374.9667,368.8833,336.3333,382.0917
2025-11-11 13:00:00,368.575,367,120,0.0,50.55,68.139655,0.0,0.0,0.0,0.5000000000000071,50.55,368.575,367,3.091700000000003,10.474999999999966,13,68.139655,371.725,376.7797,356.0417,341.55,369.5333
2025-11-11 14:00:00,371.725,370,120,0.0,50.55,74.754783,0.0,0.0,0.0,0.5000000000000071,50.55,371.725,370,3.150000000000034,9.983300000000042,14,74.754783,374.9667,372.2,340.6333,345.5417,362.5
2025-11-11 15:00:00,374.9667,373,120,0.0,45.97,74.122414,0.0,0.0,0.0,0.2500000000000071,45.97,374.9667,373,3.2416999999999803,9.483400000000017,15,74.122414,376.7797,368.8833,335.6667,348.5333,359.4833
2025-11-11 16:00:00,376.7797,376,118,0.0,16.26,89.128947,0.0,0.0,0.0,0.0,16.26,376.7797,376,1.8129999999999882,8.204700000000003,16,89.128947,372.2,356.0417,334.6167,356.1083,356.2203
2025-11-11 17:00:00,372.2,370,120,0.0,15.24,99.803478,0.0,0.0,0.0,0.0,15.24,372.2,370,-4.5797000000000025,0.4749999999999659,17,99.803478,368.8833,340.6333,334.975,360.875,359.4167
2025-11-11 18:00:00,368.8833,367,120,0.0,12.7,99.306956,0.0,0.0,0.0,0.0,12.7,368.8833,367,-3.316699999999969,-6.083399999999983,18,99.306956,356.0417,335.6667,336.3333,365.8583,339.3697
2025-11-11 19:00:00,356.0417,345,120,0.0,6.1,100.0,0.0,0.0,0.0,0.0,6.1,356.0417,345,-12.841600000000028,-20.738,19,100.0,340.6333,334.6167,341.55,371.0167,325.525
2025-11-11 20:00:00,340.6333,338,120,0.0,2.79,100.0,0.0,0.0,0.0,0.0,2.79,340.6333,338,-15.408399999999972,-31.56669999999997,20,100.0,335.6667,334.975,345.5417,375.2583,318.0417
2025-11-11 21:00:00,335.6667,307,120,0.0,0.76,100.0,0.0,0.0,0.0,0.0,0.76,335.6667,307,-4.966600000000028,-33.21660000000003,21,100.0,334.6167,336.3333,348.5333,378.9167,316.8333
2025-11-11 22:00:00,334.6167,296,120,0.0,0.25,100.0,0.0,0.0,0.0,0.0,0.25,334.6167,296,-1.0500000000000114,-21.42500000000001,22,100.0,334.975,341.55,356.1083,381.1167,314.825
2025-11-11 23:00:00,334.975,259,120,0.0,0.25,100.0,0.0,0.0,0.0,0.0,0.25,334.975,259,0.3583000000000425,-5.658299999999997,23,100.0,336.3333,345.5417,360.875,383.4833,311.0583
2025-11-12 00:00:00,336.3333,192,120,0.0,0.25,100.0,0.0,0.0,0.0,0.0,0.25,336.3333,192,1.3582999999999856,0.6666000000000167,0,100.0,341.55,348.5333,365.8583,382.0917,311.7833
2025-11-12 01:00:00,341.55,270,120,0.25,0.51,100.0,0.25,0.2500000000000071,0.2500000000000071,0.2500000000000071,0.51,341.55,270,5.216700000000003,6.933300000000031,1,100.0,345.5417,356.1083,371.0167,369.5333,313.0583
2025-11-12 02:00:00,345.5417,272,120,0.25,0.51,100.0,0.25,0.5000000000000071,0.5000000000000071,0.5000000000000071,0.51,345.5417,272,3.9916999999999803,10.566699999999969,2,100.0,348.5333,360.875,375.2583,362.5,324.2083
2025-11-12 03:00:00,348.5333,254,120,0.0,0.51,100.0,0.0,0.5000000000000071,0.5000000000000071,0.5000000000000071,0.51,348.5333,254,2.9916000000000054,12.199999999999989,3,100.0,356.1083,365.8583,378.9167,359.4833,331.55
2025-11-12 04:00:00,356.1083,354,120,0.0,0.25,100.0,0.0,0.2500000000000071,0.5000000000000071,0.5000000000000071,0.25,356.1083,354,7.574999999999989,14.558299999999974,4,100.0,360.875,371.0167,381.1167,356.2203,343.839
2025-11-12 05:00:00,360.875,358,120,0.0,0.25,100.0,0.0,0.0,0.5000000000000071,0.5000000000000071,0.25,360.875,358,4.766700000000014,15.333300000000008,5,100.0,365.8583,375.2583,383.4833,359.4167,352.453
2025-11-12 06:00:00,365.8583,364,120,0.0,0.25,99.109565,0.0,0.0,0.5000000000000071,0.5000000000000071,0.25,365.8583,364,4.983299999999986,17.32499999999999,6,99.109565,371.0167,378.9167,382.0917,339.3697,359.275
2025-11-12 07:00:00,371.0167,368,120,0.0,0.25,90.016379,0.0,0.0,0.2500000000000071,0.5000000000000071,0.25,371.0167,368,5.158400000000029,14.908400000000029,7,90.016379,375.2583,381.1167,369.5333,325.525,365.475
2025-11-12 08:00:00,375.2583,373,120,0.0,0.25,78.741739,0.0,0.0,0.0,0.5000000000000071,0.25,375.2583,373,4.241600000000005,14.38330000000002,8,78.741739,378.9167,383.4833,362.5,318.0417,369.9833
2025-11-12 09:00:00,378.9167,378,120,0.0,0.25,68.293043,0.0,0.0,0.0,0.5000000000000071,0.25,378.9167,378,3.658399999999972,13.058400000000006,9,68.293043,381.1167,382.0917,359.4833,316.8333,373.3583
2025-11-12 10:00:00,381.1167,380,120,0.0,0.25,68.262069,0.0,0.0,0.0,0.5000000000000071,0.25,381.1167,380,2.1999999999999886,10.099999999999966,10,68.262069,383.4833,369.5333,356.2203,314.825,376.9917
2025-11-12 11:00:00,383.4833,382,120,0.0,0.25,67.592174,0.0,0.0,0.0,0.5000000000000071,0.25,383.4833,382,2.3666000000000054,8.224999999999966,11,67.592174,382.0917,362.5,359.4167,311.0583,380.0
2025-11-12 12:00:00,382.0917,375,120,0.0,0.25,64.29386,0.0,0.0,0.0,0.5000000000000071,0.25,382.0917,375,-1.3915999999999826,3.1750000000000114,12,64.29386,369.5333,359.4833,339.3697,311.7833,382.0603
2025-11-12 13:00:00,369.5333,365,120,0.0,0.25,70.089655,0.0,0.0,0.0,0.2500000000000071,0.25,369.5333,365,-12.558400000000006,-11.583399999999983,13,70.089655,362.5,356.2203,325.525,313.0583,384.0508
2025-11-12 14:00:00,362.5,361,120,40.89,41.15,78.212069,40.89,40.89000000000001,40.89000000000001,40.89000000000001,41.15,362.5,361,-7.033299999999997,-20.983299999999986,14,78.212069,359.4833,359.4167,318.0417,324.2083,384.6441
2025-11-12 15:00:00,359.4833,358,120,40.89,41.15,72.075652,40.89,81.78,81.78,81.78,41.15,359.4833,358,-3.0167000000000144,-22.608400000000017,15,72.075652,356.2203,339.3697,316.8333,331.55,385.6864
2025-11-12 16:00:00,356.2203,355,118,0.0,41.15,81.779824,0.0,81.78,81.78,81.78,41.15,356.2203,355,-3.262999999999977,-13.312999999999988,16,81.779824,359.4167,325.525,314.825,343.839,386.188
2025-11-12 17:00:00,359.4167,351,120,14.22,55.63,97.106087,14.22,55.11000000000001,96.00000000000001,96.00000000000001,55.63,359.4167,351,3.196399999999983,-3.0833000000000084,17,97.106087,339.3697,318.0417,311.0583,352.453,386.7583
2025-11-12 18:00:00,339.3697,263,119,14.99,57.4,100.0,14.99,29.210000000000008,110.99000000000001,110.99000000000001,57.4,339.3697,263,-20.04699999999997,-20.113599999999963,18,100.0,325.525,316.8333,311.7833,359.275,387.25
2025-11-12 19:00:00,325.525,317,120,2.29,59.69,100.0,2.29,31.500000000000007,113.28000000000002,113.28000000000002,59.69,325.525,317,-13.844700000000046,-30.69530000000003,19,100.0,318.0417,314.825,313.0583,365.475,388.05
2025-11-12 20:00:00,318.0417,317,120,2.03,60.2,100.0,2.03,19.31000000000001,74.42,115.31,60.2,318.0417,317,-7.483299999999986,-41.375,20,100.0,316.8333,311.0583,324.2083,369.9833,389.0
2025-11-12 21:00:00,316.8333,305,120,0.51,60.2,100.0,0.51,4.830000000000007,34.040000000000006,115.82000000000001,60.2,316.8333,305,-1.2083999999999833,-22.536400000000015,21,100.0,314.825,311.7833,331.55,373.3583,389.9333
2025-11-12 22:00:00,314.825,275,120,0.0,60.2,100.0,0.0,2.540000000000007,34.040000000000006,115.82000000000001,60.2,314.825,275,-2.0083000000000197,-10.699999999999989,22,100.0,311.0583,313.0583,343.839,376.9917,390.4425
2025-11-12 23:00:00,311.0583,311,120,0.0,60.2,100.0,0.0,0.5100000000000071,19.820000000000007,115.82000000000001,60.2,311.0583,311,-3.7667000000000144,-6.983400000000017,23,100.0,311.7833,324.2083,352.453,380.0,391.9244
2025-11-13 00:00:00,311.7833,311,120,0.0,60.2,100.0,0.0,0.0,4.830000000000007,115.82000000000001,60.2,311.7833,311,0.7250000000000227,-5.050000000000011,0,100.0,313.0583,331.55,359.275,382.0603,392.9231
2025-11-13 01:00:00,313.0583,241,120,0.0,60.2,100.0,0.0,0.0,2.540000000000007,115.82000000000001,60.2,313.0583,241,1.2749999999999773,-1.7667000000000144,1,100.0,324.2083,343.839,365.475,384.0508,393.6441
2025-11-13 02:00:00,324.2083,286,120,0.0,59.94,100.0,0.0,0.0,0.5100000000000071,74.93,59.94,324.2083,286,11.150000000000034,13.150000000000034,2,100.0,331.55,352.453,369.9833,384.6441,394.0085
2025-11-13 03:00:00,331.55,233,120,0.0,59.94,100.0,0.0,0.0,0.0,34.040000000000006,59.94,331.55,233,7.341700000000003,19.766700000000014,3,100.0,343.839,359.275,373.3583,385.6864,394.2833
2025-11-13 04:00:00,343.839,266,118,0.0,59.94,100.0,0.0,0.0,0.0,34.040000000000006,59.94,343.839,266,12.288999999999987,30.780700000000024,4,100.0,352.453,365.475,376.9917,386.188,393.7
2025-11-13 05:00:00,352.453,349,117,0.25,60.2,100.0,0.25,0.2500000000000071,0.2500000000000071,20.070000000000007,60.2,352.453,349,8.613999999999976,28.244699999999966,5,100.0,359.275,369.9833,380.0,386.7583,392.0833
2025-11-13 06:00:00,359.275,356,120,0.25,60.2,99.219298,0.25,0.5000000000000071,0.5000000000000071,5.330000000000007,60.2,359.275,356,6.822000000000003,27.724999999999966,6,99.219298,365.475,373.3583,382.0603,387.25,391.7815
2025-11-13 07:00:00,365.475,362,120,0.0,60.2,91.522414,0.0,0.5000000000000071,0.5000000000000071,3.040000000000007,60.2,365.475,362,6.2000000000000455,21.636000000000024,7,91.522414,369.9833,376.9917,384.0508,388.05,391.7417
2025-11-13 08:00:00,369.9833,368,120,0.0,60.2,81.777586,0.0,0.2500000000000071,0.5000000000000071,1.0100000000000071,60.2,369.9833,368,4.508299999999963,17.53030000000001,8,81.777586,373.3583,380.0,384.6441,389.0,390.8083
2025-11-13 09:00:00,373.3583,372,120,0.0,60.2,77.029565,0.0,0.0,0.5000000000000071,0.5000000000000071,60.2,373.3583,372,3.375,14.083300000000008,9,77.029565,376.9917,382.0603,385.6864,389.9333,388.2941
2025-11-13 10:00:00,376.9917,375,120,0.0,60.2,68.391379,0.0,0.0,0.5000000000000071,0.5000000000000071,60.2,376.9917,375,3.6333999999999946,11.516699999999958,10,68.391379,380.0,384.0508,386.188,390.4425,386.4583
2025-11-13 11:00:00,380.0,379,116,0.0,60.2,61.455856,0.0,0.0,0.2500000000000071,0.5000000000000071,60.2,380.0,379,3.0083000000000197,10.016700000000014,11,61.455856,382.0603,384.6441,386.7583,391.9244,381.225
2025-11-13 12:00:00,382.0603,380,116,0.0,60.2,54.082456,0.0,0.0,0.0,0.5000000000000071,60.2,382.0603,380,2.060299999999984,8.701999999999998,12,54.082456,384.0508,385.6864,387.25,392.9231,368.1167
2025-11-13 13:00:00,384.0508,383,118,0.0,60.2,56.044144,0.0,0.0,0.0,0.5000000000000071,60.2,384.0508,383,1.9904999999999973,7.059100000000001,13,56.044144,384.6441,386.188,388.05,393.6441,360.1583
2025-11-13 14:00:00,384.6441,384,118,0.0,60.2,60.196364,0.0,0.0,0.0,0.5000000000000071,60.2,384.6441,384,0.5932999999999993,4.64409999999998,14,60.196364,385.6864,386.7583,389.0,394.0085,367.925
2025-11-13 15:00:00,385.6864,384,118,0.0,19.05,63.439091,0.0,0.0,0.0,0.5000000000000071,19.05,385.6864,384,1.0423000000000116,3.626100000000008,15,63.439091,386.188,387.25,389.9333,394.2833,375.0667
2025-11-13 16:00:00,386.188,385,117,0.0,19.05,74.848624,0.0,0.0,0.0,0.5000000000000071,19.05,386.188,385,0.5015999999999963,2.137200000000007,16,74.848624,386.7583,388.05,390.4425,393.7,379.5667
2025-11-13 17:00:00,386.7583,386,120,1.02,19.05,94.829565,1.02,1.0200000000000071,1.0200000000000071,1.2700000000000071,19.05,386.7583,386,0.5703000000000316,2.1142000000000394,17,94.829565,387.25,389.0,391.9244,392.0833,382.5917
2025-11-13 18:00:00,387.25,387,120,1.02,5.33,97.217241,1.02,2.040000000000007,2.040000000000007,2.040000000000007,5.33,387.25,387,0.49169999999998026,1.563600000000008,18,97.217241,388.05,389.9333,392.9231,391.7815,383.9328
2025-11-13 19:00:00,388.05,376,120,0.0,4.06,94.703478,0.0,2.040000000000007,2.040000000000007,2.040000000000007,4.06,388.05,376,0.8000000000000114,1.8620000000000232,19,94.703478,389.0,390.4425,393.6441,391.7417,379.3333
2025-11-13 20:00:00,389.0,389,120,0.0,2.03,92.704348,0.0,1.0200000000000071,2.040000000000007,2.040000000000007,2.03,389.0,389,0.9499999999999886,2.2416999999999803,20,92.704348,389.9333,391.9244,394.0085,390.8083,371.85
2025-11-13 21:00:00,389.9333,389,120,0.0,1.27,93.601724,0.0,0.0,2.040000000000007,2.040000000000007,1.27,389.9333,389,0.9332999999999743,2.6832999999999743,21,93.601724,390.4425,392.9231,394.2833,388.2941,366.0833
2025-11-13 22:00:00,390.4425,354,113,0.0,1.27,95.084112,0.0,0.0,2.040000000000007,2.040000000000007,1.27,390.4425,354,0.5092000000000212,2.392499999999984,22,95.084112,391.9244,393.6441,393.7,386.4583,362.6583
2025-11-13 23:00:00,391.9244,391,119,0.0,1.27,94.602609,0.0,0.0,1.0200000000000071,2.040000000000007,1.27,391.9244,391,1.481899999999996,2.9243999999999915,23,94.602609,392.9231,394.0085,392.0833,381.225,361.8083
2025-11-14 00:00:00,392.9231,392,117,0.0,1.27,93.710619,0.0,0.0,0.0,2.040000000000007,1.27,392.9231,392,0.9986999999999853,2.9898000000000025,0,93.710619,393.6441,394.2833,391.7815,368.1167,362.5333
2025-11-14 01:00:00,393.6441,384,118,0.0,1.27,93.28125,0.0,0.0,0.0,2.040000000000007,1.27,393.6441,384,0.7210000000000036,3.201599999999985,1,93.28125,394.0085,393.7,391.7417,360.1583,364.2917
2025-11-14 02:00:00,394.0085,394,118,0.0,1.27,92.42807,0.0,0.0,0.0,2.040000000000007,1.27,394.0085,394,0.364400000000046,2.084100000000035,2,92.42807,394.2833,392.0833,390.8083,367.925,366.1167
2025-11-14 03:00:00,394.2833,370,120,0.0,1.27,91.048696,0.0,0.0,0.0,2.040000000000007,1.27,394.2833,370,0.2747999999999706,1.3602000000000203,3,91.048696,393.7,391.7815,388.2941,375.0667,369.45
2025-11-14 04:00:00,393.7,393,120,0.0,1.27,92.975214,0.0,0.0,0.0,2.040000000000007,1.27,393.7,393,-0.5833000000000084,0.055900000000008276,4,92.975214,392.0833,391.7417,386.4583,379.5667,372.4333
2025-11-14 05:00:00,392.0833,391,120,0.0,1.27,91.377586,0.0,0.0,0.0,1.0200000000000071,1.27,392.0833,391,-1.6166999999999803,-1.925200000000018,5,91.377586,391.7815,390.8083,381.225,382.5917,374.6
2025-11-14 06:00:00,391.7815,391,119,0.0,1.02,85.30177,0.0,0.0,0.0,0.0,1.02,391.7815,391,-0.3018000000000143,-2.501800000000003,6,85.30177,391.7417,388.2941,368.1167,383.9328,377.1333
2025-11-14 07:00:00,391.7417,391,120,0.0,1.02,79.018103,0.0,0.0,0.0,0.0,1.02,391.7417,391,-0.039800000000013824,-1.9583000000000084,7,79.018103,390.8083,386.4583,360.1583,379.3333,379.9917
2025-11-14 08:00:00,390.8083,389,120,0.0,1.02,74.726087,0.0,0.0,0.0,0.0,1.02,390.8083,389,-0.933400000000006,-1.275000000000034,8,74.726087,388.2941,381.225,367.925,371.85,383.1
2025-11-14 09:00:00,388.2941,387,119,0.0,1.02,71.066379,0.0,0.0,0.0,0.0,1.02,388.2941,387,-2.51419999999996,-3.4873999999999796,9,71.066379,386.4583,368.1167,375.0667,366.0833,383.0333
2025-11-14 10:00:00,386.4583,385,120,0.0,1.02,65.822608,0.0,0.0,0.0,0.0,1.02,386.4583,385,-1.835800000000006,-5.283399999999972,10,65.822608,381.225,360.1583,379.5667,362.6583,381.9
2025-11-14 11:00:00,381.225,374,120,0.0,1.02,66.529565,0.0,0.0,0.0,0.0,1.02,381.225,374,-5.233299999999986,-9.583299999999952,11,66.529565,368.1167,367.925,382.5917,361.8083,382.4417
2025-11-14 12:00:00,368.1167,362,120,0.0,1.02,61.82193,0.0,0.0,0.0,0.0,1.02,368.1167,362,-13.108300000000042,-20.177400000000034,12,61.82193,360.1583,375.0667,383.9328,362.5333,384.4083
2025-11-14 13:00:00,360.1583,358,120,0.0,1.02,66.333043,0.0,0.0,0.0,0.0,1.02,360.1583,358,-7.958399999999983,-26.30000000000001,13,66.333043,367.925,379.5667,379.3333,364.2917,386.2667
2025-11-14 14:00:00,367.925,363,120,0.0,1.02,72.112931,0.0,0.0,0.0,0.0,1.02,367.925,363,7.766700000000014,-13.300000000000011,14,72.112931,375.0667,382.5917,371.85,366.1167,386.2083
2025-11-14 15:00:00,375.0667,372,120,0.0,1.02,74.738261,0.0,0.0,0.0,0.0,1.02,375.0667,372,7.141700000000014,6.9500000000000455,15,74.738261,379.5667,383.9328,366.0833,369.45,387.2917
2025-11-14 16:00:00,379.5667,378,120,0.0,1.02,77.3,0.0,0.0,0.0,0.0,1.02,379.5667,378,4.5,19.40840000000003,16,77.3,382.5917,379.3333,362.6583,372.4333,388.0333
2025-11-14 17:00:00,382.5917,381,120,0.0,1.02,82.130172,0.0,0.0,0.0,0.0,1.02,382.5917,381,3.0249999999999773,14.666699999999992,17,82.130172,383.9328,371.85,361.8083,374.6,387.8487
2025-11-14 18:00:00,383.9328,308,119,5.59,5.59,87.72807,5.59,5.590000000000007,5.590000000000007,5.590000000000007,5.59,383.9328,308,1.341099999999983,8.86609999999996,18,87.72807,379.3333,366.0833,362.5333,377.1333,390.125
2025-11-14 19:00:00,379.3333,375,120,6.35,6.86,100.0,6.35,11.940000000000007,11.940000000000007,11.940000000000007,6.86,379.3333,375,-4.599499999999978,-0.23340000000001737,19,100.0,371.85,362.6583,364.2917,379.9917,391.225
2025-11-14 20:00:00,371.85,369,120,1.27,7.62,100.0,1.27,13.210000000000006,13.210000000000006,13.210000000000006,7.62,371.85,369,-7.483299999999986,-10.74169999999998,20,100.0,366.0833,361.8083,366.1167,383.1,391.0167
2025-11-14 21:00:00,366.0833,364,120,0.76,7.87,100.0,0.76,8.380000000000006,13.970000000000006,13.970000000000006,7.87,366.0833,364,-5.766700000000014,-17.849499999999978,21,100.0,362.6583,362.5333,369.45,383.0333,393.525
2025-11-14 22:00:00,362.6583,362,120,0.25,8.38,100.0,0.25,2.2800000000000074,14.220000000000006,14.220000000000006,8.38,362.6583,362,-3.4250000000000114,-16.67500000000001,22,100.0,361.8083,364.2917,372.4333,381.9,395.6167
2025-11-14 23:00:00,361.8083,340,120,0.25,8.38,100.0,0.25,1.2600000000000071,14.470000000000006,14.470000000000006,8.38,361.8083,340,-0.8500000000000227,-10.041700000000048,23,100.0,362.5333,366.1167,374.6,382.4417,398.3917
2025-11-15 00:00:00,362.5333,362,120,0.0,8.38,100.0,0.0,0.5000000000000071,8.880000000000006,14.470000000000006,8.38,362.5333,362,0.7250000000000227,-3.5500000000000114,0,100.0,364.2917,369.45,377.1333,384.4083,401.4083
2025-11-15 01:00:00,364.2917,363,120,0.0,8.38,99.99913,0.0,0.2500000000000071,2.5300000000000074,14.470000000000006,8.38,364.2917,363,1.7583999999999946,1.6333999999999946,1,99.99913,366.1167,372.4333,379.9917,386.2667,406.6417
2025-11-15 02:00:00,366.1167,365,120,0.0,8.38,99.982759,0.0,0.0,1.2600000000000071,14.470000000000006,8.38,366.1167,365,1.8249999999999886,4.308400000000006,2,99.982759,369.45,374.6,383.1,386.2083,411.6667
2025-11-15 03:00:00,369.45,368,120,0.0,8.38,99.54386,0.0,0.0,0.5000000000000071,14.470000000000006,8.38,369.45,368,3.3333000000000084,6.916699999999992,3,99.54386,372.4333,377.1333,383.0333,387.2917,417.7667
2025-11-15 04:00:00,372.4333,371,120,0.0,8.38,99.768966,0.0,0.0,0.2500000000000071,14.470000000000006,8.38,372.4333,371,2.9832999999999856,8.141599999999983,4,99.768966,374.6,379.9917,381.9,388.0333,425.3167
2025-11-15 05:00:00,374.6,374,120,0.0,8.38,99.056897,0.0,0.0,0.0,14.470000000000006,8.38,374.6,374,2.1667000000000485,8.483300000000042,5,99.056897,377.1333,383.1,382.4417,387.8487,435.625
2025-11-15 06:00:00,377.1333,376,120,0.0,8.38,91.334783,0.0,0.0,0.0,8.880000000000006,8.38,377.1333,376,2.533299999999997,7.683300000000031,6,91.334783,379.9917,383.0333,384.4083,390.125,445.5339
2025-11-15 07:00:00,379.9917,378,120,0.0,8.38,81.387826,0.0,0.0,0.0,2.5300000000000074,8.38,379.9917,378,2.8583999999999605,7.558400000000006,7,81.387826,383.1,381.9,386.2667,391.225,455.4583
2025-11-15 08:00:00,383.1,382,120,0.0,8.38,70.544828,0.0,0.0,0.0,1.2600000000000071,8.38,383.1,382,3.1083000000000425,8.5,8,70.544828,383.0333,382.4417,386.2083,391.0167,458.925
2025-11-15 09:00:00,383.0333,382,120,0.0,8.38,78.306897,0.0,0.0,0.0,0.5000000000000071,8.38,383.0333,382,-0.06670000000002574,5.899999999999977,9,78.306897,381.9,384.4083,387.2917,393.525,453.15
2025-11-15 10:00:00,381.9,381,120,1.02,9.4,90.082609,1.02,1.0200000000000071,1.0200000000000071,1.2700000000000071,9.4,381.9,381,-1.1333000000000197,1.908299999999997,10,90.082609,382.4417,386.2667,388.0333,395.6167,441.3833
2025-11-15 11:00:00,382.4417,382,120,1.02,9.4,95.67069,1.02,2.040000000000007,2.040000000000007,2.040000000000007,9.4,382.4417,382,0.5417000000000485,-0.658299999999997,11,95.67069,384.4083,386.2083,387.8487,398.3917,429.3833
2025-11-15 12:00:00,384.4083,383,120,0.25,9.65,81.113913,0.25,2.290000000000007,2.290000000000007,2.290000000000007,9.65,384.4083,383,1.9665999999999713,1.375,12,81.113913,386.2667,387.2917,390.125,401.4083,417.25
2025-11-15 13:00:00,386.2667,385,120,0.25,9.65,76.627826,0.25,1.5200000000000071,2.540000000000007,2.540000000000007,9.65,386.2667,385,1.8584000000000174,4.366700000000037,13,76.627826,386.2083,388.0333,391.225,406.6417,407.125
2025-11-15 14:00:00,386.2083,385,120,0.0,9.65,82.656035,0.0,0.5000000000000071,2.540000000000007,2.540000000000007,9.65,386.2083,385,-0.058400000000006,3.7665999999999826,14,82.656035,387.2917,387.8487,391.0167,411.6667,399.3083
2025-11-15 15:00:00,387.2917,387,120,0.0,9.65,83.01913,0.0,0.2500000000000071,2.540000000000007,2.540000000000007,9.65,387.2917,387,1.0833999999999833,2.8833999999999946,15,83.01913,388.0333,390.125,393.525,417.7667,391.8167
2025-11-15 16:00:00,388.0333,387,120,0.0,9.65,79.486956,0.0,0.0,1.5200000000000071,2.540000000000007,9.65,388.0333,387,0.7416000000000054,1.7665999999999826,16,79.486956,387.8487,391.225,395.6167,425.3167,385.9667
2025-11-15 17:00:00,387.8487,255,119,0.0,9.65,79.727586,0.0,0.0,0.5000000000000071,2.540000000000007,9.65,387.8487,255,-0.184599999999989,1.6403999999999996,17,79.727586,390.125,391.0167,398.3917,435.625,381.6583
2025-11-15 18:00:00,390.125,390,120,0.0,9.65,77.987719,0.0,0.0,0.2500000000000071,2.540000000000007,9.65,390.125,390,2.276299999999992,2.8333000000000084,18,77.987719,391.225,393.525,401.4083,445.5339,391.0083
2025-11-15 19:00:00,391.225,391,120,0.0,3.81,85.193104,0.0,0.0,0.0,2.540000000000007,3.81,391.225,391,1.1000000000000227,3.1917000000000257,19,85.193104,391.0167,395.6167,406.6417,455.4583,405.175
2025-11-15 20:00:00,391.0167,244,120,0.0,2.54,89.827826,0.0,0.0,0.0,2.540000000000007,2.54,391.0167,244,-0.20830000000000837,3.1680000000000064,20,89.827826,393.525,398.3917,411.6667,458.925,415.5385
2025-11-15 21:00:00,393.525,393,120,0.0,1.78,90.690435,0.0,0.0,0.0,2.540000000000007,1.78,393.525,393,2.508299999999963,3.3999999999999773,21,90.690435,395.6167,401.4083,417.7667,453.15,406.7934
2025-11-15 22:00:00,395.6167,395,120,0.0,1.78,90.202586,0.0,0.0,0.0,1.5200000000000071,1.78,395.6167,395,2.091700000000003,4.3916999999999575,22,90.202586,398.3917,406.6417,425.3167,441.3833,396.0504
2025-11-15 23:00:00,398.3917,397,120,0.0,1.27,89.733043,0.0,0.0,0.0,0.5000000000000071,1.27,398.3917,397,2.775000000000034,7.375,23,89.733043,401.4083,411.6667,435.625,429.3833,388.0992
2025-11-16 00:00:00,401.4083,311,120,0.0,1.27,92.535897,0.0,0.0,0.0,0.2500000000000071,1.27,401.4083,311,3.0165999999999826,7.88330000000002,0,92.535897,406.6417,417.7667,445.5339,417.25,382.05
2025-11-16 01:00:00,406.6417,404,120,0.0,1.27,91.69138,0.0,0.0,0.0,0.0,1.27,406.6417,404,5.233400000000017,11.025000000000034,1,91.69138,411.6667,425.3167,455.4583,407.125,377.7311
2025-11-16 02:00:00,411.6667,409,120,0.0,1.27,89.977391,0.0,0.0,0.0,0.0,1.27,411.6667,409,5.024999999999977,13.274999999999977,2,89.977391,417.7667,435.625,458.925,399.3083,374.8667
2025-11-16 03:00:00,417.7667,415,120,0.0,1.27,92.681197,0.0,0.0,0.0,0.0,1.27,417.7667,415,6.100000000000023,16.358400000000017,3,92.681197,425.3167,445.5339,453.15,391.8167,372.6833
2025-11-16 04:00:00,425.3167,420,120,0.0,1.27,94.013044,0.0,0.0,0.0,0.0,1.27,425.3167,420,7.550000000000011,18.67500000000001,4,94.013044,435.625,455.4583,441.3833,385.9667,371.2333
2025-11-16 05:00:00,435.625,430,120,0.0,1.27,92.362069,0.0,0.0,0.0,0.0,1.27,435.625,430,10.308299999999974,23.95830000000001,5,92.362069,445.5339,458.925,429.3833,381.6583,380.5083
2025-11-16 06:00:00,445.5339,441,118,0.0,1.27,86.087719,0.0,0.0,0.0,0.0,1.27,445.5339,441,9.908900000000017,27.767200000000003,6,86.087719,455.4583,453.15,417.25,391.0083,396.2203
2025-11-16 07:00:00,455.4583,450,120,0.0,1.27,74.55431,0.0,0.0,0.0,0.0,1.27,455.4583,450,9.924399999999991,30.141599999999983,7,74.55431,458.925,441.3833,407.125,405.175,408.2417
2025-11-16 08:00:00,458.925,457,120,0.0,1.27,70.47913,0.0,0.0,0.0,0.0,1.27,458.925,457,3.466700000000003,23.30000000000001,8,70.47913,453.15,429.3833,399.3083,415.5385,415.5833
2025-11-16 09:00:00,453.15,448,120,0.0,1.27,71.811207,0.0,0.0,0.0,0.0,1.27,453.15,448,-5.775000000000034,7.61609999999996,9,71.811207,441.3833,417.25,391.8167,406.7934,405.0583
2025-11-16 10:00:00,441.3833,435,120,0.0,1.27,70.492174,0.0,0.0,0.0,0.0,1.27,441.3833,435,-11.766699999999958,-14.074999999999989,10,70.492174,429.3833,407.125,385.9667,396.0504,394.4167
2025-11-16 11:00:00,429.3833,423,120,0.0,0.25,68.310435,0.0,0.0,0.0,0.0,0.25,429.3833,423,-12.0,-29.54169999999999,11,68.310435,417.25,399.3083,381.6583,388.0992,386.3667
2025-11-16 12:00:00,417.25,411,120,0.0,0.25,69.75913,0.0,0.0,0.0,0.0,0.25,417.25,411,-12.13330000000002,-35.89999999999998,12,69.75913,407.125,391.8167,391.0083,382.05,380.7833
2025-11-16 13:00:00,407.125,403,120,0.0,0.0,66.468103,0.0,0.0,0.0,0.0,0.0,407.125,403,-10.125,-34.25830000000002,13,66.468103,399.3083,385.9667,405.175,377.7311,375.6667
2025-11-16 14:00:00,399.3083,395,120,0.0,0.0,64.042609,0.0,0.0,0.0,0.0,0.0,399.3083,395,-7.816700000000026,-30.075000000000045,14,64.042609,391.8167,381.6583,415.5385,374.8667,374.0083
2025-11-16 15:00:00,391.8167,389,120,0.0,0.0,70.887931,0.0,0.0,0.0,0.0,0.0,391.8167,389,-7.4915999999999485,-25.433299999999974,15,70.887931,385.9667,391.0083,406.7934,372.6833,373.1
2025-11-16 16:00:00,385.9667,383,120,0.0,0.0,74.981739,0.0,0.0,0.0,0.0,0.0,385.9667,383,-5.850000000000023,-21.158299999999997,16,74.981739,381.6583,405.175,396.0504,371.2333,373.0
2025-11-16 17:00:00,381.6583,380,120,0.0,0.0,77.924348,0.0,0.0,0.0,0.0,0.0,381.6583,380,-4.308400000000006,-17.649999999999977,17,77.924348,391.0083,415.5385,388.0992,380.5083,382.0672
2025-11-16 18:00:00,391.0083,381,120,0.0,0.0,84.360345,0.0,0.0,0.0,0.0,0.0,391.0083,381,9.350000000000023,-0.808400000000006,18,84.360345,405.175,406.7934,382.05,396.2203,397.1667
2025-11-16 19:00:00,405.175,322,120,2.03,2.03,94.305217,2.03,2.030000000000007,2.030000000000007,2.030000000000007,2.03,405.175,322,14.166699999999992,19.20830000000001,19,94.305217,415.5385,396.0504,377.7311,408.2417,397.8833
2025-11-16 20:00:00,415.5385,412,117,2.03,2.03,98.310345,2.03,4.060000000000007,4.060000000000007,4.060000000000007,2.03,415.5385,412,10.363499999999988,33.8802,20,98.310345,406.7934,388.0992,374.8667,415.5833,393.8235
2025-11-16 21:00:00,406.7934,401,121,0.0,2.03,97.27931,0.0,4.060000000000007,4.060000000000007,4.060000000000007,2.03,406.7934,401,-8.74509999999998,15.7851,21,97.27931,396.0504,382.05,372.6833,405.0583,387.2417
2025-11-16 22:00:00,396.0504,392,119,0.0,2.03,92.432174,0.0,2.030000000000007,4.060000000000007,4.060000000000007,2.03,396.0504,392,-10.742999999999995,-9.124599999999987,22,92.432174,388.0992,377.7311,371.2333,394.4167,381.6667
2025-11-16 23:00:00,388.0992,385,121,0.0,2.03,87.772414,0.0,0.0,4.060000000000007,4.060000000000007,2.03,388.0992,385,-7.9512000000000285,-27.439300000000003,23,87.772414,382.05,374.8667,380.5083,386.3667,380.0917
2025-11-17 00:00:00,382.05,380,120,0.0,2.03,92.019827,0.0,0.0,4.060000000000007,4.060000000000007,2.03,382.05,380,-6.049199999999985,-24.74340000000001,0,92.019827,377.7311,372.6833,396.2203,380.7833,381.4
2025-11-17 01:00:00,377.7311,376,119,0.0,2.03,92.573043,0.0,0.0,2.030000000000007,4.060000000000007,2.03,377.7311,376,-4.318899999999985,-18.3193,1,92.573043,374.8667,371.2333,408.2417,375.6667,383.85
2025-11-17 02:00:00,374.8667,373,120,0.0,2.03,90.912931,0.0,0.0,0.0,4.060000000000007,2.03,374.8667,373,-2.864400000000046,-13.232500000000016,2,90.912931,372.6833,380.5083,415.5833,374.0083,388.5083
2025-11-17 03:00:00,372.6833,372,120,0.0,2.03,91.057759,0.0,0.0,0.0,4.060000000000007,2.03,372.6833,372,-2.183400000000006,-9.366700000000037,3,91.057759,371.2333,396.2203,405.0583,373.1,393.4333
2025-11-17 04:00:00,371.2333,370,120,0.0,2.03,90.916379,0.0,0.0,0.0,4.060000000000007,2.03,371.2333,370,-1.4499999999999886,-6.497800000000041,4,90.916379,380.5083,408.2417,394.4167,373.0,398.9917
2025-11-17 05:00:00,380.5083,370,120,0.0,2.03,90.265517,0.0,0.0,0.0,4.060000000000007,2.03,380.5083,370,9.275000000000034,5.6416000000000395,5,90.265517,396.2203,415.5833,386.3667,382.0672,405.2083
2025-11-17 06:00:00,396.2203,389,118,0.0,2.03,87.205263,0.0,0.0,0.0,4.060000000000007,2.03,396.2203,389,15.711999999999989,23.537000000000035,6,87.205263,408.2417,405.0583,380.7833,397.1667,412.7563
2025-11-17 07:00:00,408.2417,403,120,0.0,2.03,78.669565,0.0,0.0,0.0,2.030000000000007,2.03,408.2417,403,12.021399999999971,37.008399999999995,7,78.669565,415.5833,394.4167,375.6667,397.8833,421.575
2025-11-17 08:00:00,415.5833,412,120,0.0,2.03,74.375,0.0,0.0,0.0,0.0,2.03,415.5833,412,7.341600000000028,35.07499999999999,8,74.375,405.0583,386.3667,374.0083,393.8235,432.1417
2025-11-17 09:00:00,405.0583,400,120,0.0,2.03,72.459483,0.0,0.0,0.0,0.0,2.03,405.0583,400,-10.525000000000034,8.837999999999965,9,72.459483,394.4167,380.7833,373.1,387.2417,437.4083
2025-11-17 10:00:00,394.4167,390,120,0.0,2.03,71.149565,0.0,0.0,0.0,0.0,2.03,394.4167,390,-10.641599999999983,-13.824999999999989,10,71.149565,386.3667,375.6667,373.0,381.6667,436.75
2025-11-17 11:00:00,386.3667,384,120,0.0,2.03,68.631034,0.0,0.0,0.0,0.0,2.03,386.3667,384,-8.050000000000011,-29.216600000000028,11,68.631034,380.7833,374.0083,382.0672,380.0917,440.7059
2025-11-17 12:00:00,380.7833,378,120,0.0,2.03,72.038261,0.0,0.0,0.0,0.0,2.03,380.7833,378,-5.583399999999983,-24.274999999999977,12,72.038261,375.6667,373.1,397.1667,381.4,452.0
2025-11-17 13:00:00,375.6667,374,120,0.0,2.03,75.515518,0.0,0.0,0.0,0.0,2.03,375.6667,374,-5.116600000000005,-18.75,13,75.515518,374.0083,373.0,397.8833,383.85,458.3167
2025-11-17 14:00:00,374.0083,374,120,0.0,2.03,72.209483,0.0,0.0,0.0,0.0,2.03,374.0083,374,-1.658399999999972,-12.35839999999996,14,72.209483,373.1,382.0672,393.8235,388.5083,460.575
2025-11-17 15:00:00,373.1,373,120,0.0,2.03,77.843478,0.0,0.0,0.0,0.0,2.03,373.1,373,-0.908299999999997,-7.683299999999974,15,77.843478,373.0,397.1667,387.2417,393.4333,455.1667
2025-11-17 16:00:00,373.0,373,120,0.0,2.03,79.86638,0.0,0.0,0.0,0.0,2.03,373.0,373,-0.10000000000002274,-2.6666999999999916,16,79.86638,382.0672,397.8833,381.6667,398.9917,456.8333
2025-11-17 17:00:00,382.0672,284,119,1.78,3.81,85.696521,1.78,1.7800000000000071,1.7800000000000071,1.7800000000000071,3.81,382.0672,284,9.067200000000014,8.058899999999994,17,85.696521,397.1667,393.8235,380.0917,405.2083,451.35
2025-11-17 18:00:00,397.1667,357,120,13.46,15.75,99.910435,13.46,15.240000000000007,15.240000000000007,15.240000000000007,15.75,397.1667,357,15.099499999999978,24.06669999999997,18,99.910435,397.8833,387.2417,381.4,412.7563,459.8833
2025-11-17 19:00:00,397.8833,334,120,11.68,16.0,100.0,11.68,26.92000000000001,26.92000000000001,26.92000000000001,16.0,397.8833,334,0.7166000000000281,24.88330000000002,19,100.0,393.8235,381.6667,383.85,421.575,446.95
2025-11-17 20:00:00,393.8235,391,119,0.25,13.97,100.0,0.25,25.390000000000008,27.17000000000001,27.17000000000001,13.97,393.8235,391,-4.059799999999996,11.75630000000001,20,100.0,387.2417,380.0917,388.5083,432.1417,444.0083
2025-11-17 21:00:00,387.2417,384,120,1.27,15.49,100.0,1.27,13.200000000000006,28.44000000000001,28.44000000000001,15.49,387.2417,384,-6.581800000000044,-9.925000000000011,21,100.0,381.6667,381.4,393.4333,437.4083,408.3167
2025-11-17 22:00:00,381.6667,341,120,1.78,15.75,100.0,1.78,3.300000000000007,30.220000000000006,30.220000000000006,15.75,381.6667,341,-5.574999999999989,-16.216600000000028,22,100.0,380.0917,383.85,398.9917,436.75,383.5417
2025-11-17 23:00:00,380.0917,380,120,0.25,15.75,99.993103,0.25,3.300000000000007,28.690000000000005,30.470000000000006,15.75,380.0917,380,-1.5749999999999886,-13.731800000000021,23,99.993103,381.4,388.5083,405.2083,440.7059,371.125
2025-11-18 00:00:00,381.4,380,120,0.0,15.75,100.0,0.0,2.0300000000000074,15.230000000000008,30.470000000000006,15.75,381.4,380,1.3082999999999743,-5.841700000000003,0,100.0,383.85,393.4333,412.7563,452.0,365.0083
2025-11-18 01:00:00,383.85,333,120,0.0,15.75,100.0,0.0,0.2500000000000071,3.550000000000007,30.470000000000006,15.75,383.85,333,2.4500000000000455,2.183300000000031,1,100.0,388.5083,398.9917,421.575,458.3167,364.0
2025-11-18 02:00:00,388.5083,386,120,0.0,15.75,100.0,0.0,0.0,3.300000000000007,30.470000000000006,15.75,388.5083,386,4.658299999999997,8.416600000000017,2,100.0,393.4333,405.2083,432.1417,460.575,362.9
2025-11-18 03:00:00,393.4333,391,120,0.0,15.75,99.993913,0.0,0.0,2.0300000000000074,30.470000000000006,15.75,393.4333,391,4.9249999999999545,12.033299999999997,3,99.993913,398.9917,412.7563,437.4083,455.1667,363.9167
2025-11-18 04:00:00,398.9917,396,120,0.0,15.75,100.0,0.0,0.0,0.2500000000000071,30.470000000000006,15.75,398.9917,396,5.558400000000006,15.141699999999958,4,100.0,405.2083,421.575,436.75,456.8333,370.7167
2025-11-18 05:00:00,405.2083,402,120,0.0,15.75,100.0,0.0,0.0,0.0,28.690000000000005,15.75,405.2083,402,6.216600000000028,16.69999999999999,5,100.0,412.7563,432.1417,440.7059,451.35,376.5667
2025-11-18 06:00:00,412.7563,409,119,0.0,15.75,97.862281,0.0,0.0,0.0,15.230000000000008,15.75,412.7563,409,7.548000000000002,19.323000000000036,6,97.862281,421.575,437.4083,452.0,459.8833,380.9915
2025-11-18 07:00:00,421.575,417,120,0.0,15.75,81.906086,0.0,0.0,0.0,3.550000000000007,15.75,421.575,417,8.818699999999978,22.58330000000001,7,81.906086,432.1417,436.75,458.3167,446.95,392.425
2025-11-18 08:00:00,432.1417,427,120,0.0,15.75,71.634483,0.0,0.0,0.0,3.300000000000007,15.75,432.1417,427,10.566700000000026,26.933400000000006,8,71.634483,437.4083,440.7059,460.575,444.0083,398.9667
2025-11-18 09:00:00,437.4083,435,120,0.0,15.75,72.18087,0.0,0.0,0.0,2.0300000000000074,15.75,437.4083,435,5.266599999999983,24.651999999999987,9,72.18087,436.75,452.0,455.1667,408.3167,400.3333
2025-11-18 10:00:00,436.75,432,120,0.0,15.75,70.041379,0.0,0.0,0.0,0.2500000000000071,15.75,436.75,432,-0.658299999999997,15.175000000000011,10,70.041379,440.7059,458.3167,456.8333,383.5417,391.3
2025-11-18 11:00:00,440.7059,432,119,0.0,15.75,69.666956,0.0,0.0,0.0,0.0,15.75,440.7059,432,3.9558999999999855,8.564199999999971,11,69.666956,452.0,460.575,451.35,371.125,401.075
2025-11-18 12:00:00,452.0,449,120,0.0,15.75,66.887069,0.0,0.0,0.0,0.0,15.75,452.0,449,11.294100000000014,14.591700000000003,12,66.887069,458.3167,455.1667,459.8833,365.0083,414.0833
2025-11-18 13:00:00,458.3167,455,120,0.25,16.0,81.451304,0.25,0.2500000000000071,0.2500000000000071,0.2500000000000071,16.0,458.3167,455,6.316700000000026,21.566700000000026,13,81.451304,460.575,456.8333,446.95,364.0,409.0167
2025-11-18 14:00:00,460.575,456,120,0.25,16.0,75.060345,0.25,0.5000000000000071,0.5000000000000071,0.5000000000000071,16.0,460.575,456,2.258299999999963,19.869100000000003,14,75.060345,455.1667,451.35,444.0083,362.9,397.7417
2025-11-18 15:00:00,455.1667,450,120,0.0,16.0,73.847826,0.0,0.5000000000000071,0.5000000000000071,0.5000000000000071,16.0,455.1667,450,-5.408299999999997,3.1666999999999916,15,73.847826,456.8333,459.8833,408.3167,363.9167,405.075
2025-11-18 16:00:00,456.8333,450,120,0.25,16.26,78.777391,0.25,0.5000000000000071,0.7500000000000071,0.7500000000000071,16.26,456.8333,450,1.6666000000000167,-1.4834000000000174,16,78.777391,451.35,446.95,383.5417,370.7167,418.4667
2025-11-18 17:00:00,451.35,277,120,0.25,16.26,83.947414,0.25,0.5000000000000071,1.000000000000007,1.000000000000007,16.26,451.35,277,-5.483299999999986,-9.224999999999966,17,83.947414,459.8833,444.0083,371.125,376.5667,430.6917
2025-11-18 18:00:00,459.8833,453,120,5.33,13.72,98.416521,5.33,5.830000000000007,6.330000000000007,6.330000000000007,13.72,459.8833,453,8.533299999999997,4.716600000000028,18,98.416521,446.95,408.3167,365.0083,380.9915,442.55
2025-11-18 19:00:00,446.95,378,120,5.33,8.64,100.0,5.33,10.910000000000007,11.410000000000007,11.660000000000007,8.64,446.95,378,-12.933300000000031,-9.88330000000002,19,100.0,444.0083,383.5417,364.0,392.425,452.8167
2025-11-18 20:00:00,444.0083,345,120,18.54,26.92,100.0,18.54,29.200000000000006,29.700000000000006,30.200000000000006,26.92,444.0083,345,-2.941699999999969,-7.341700000000003,20,100.0,408.3167,371.125,362.9,398.9667,455.3833
2025-11-18 21:00:00,408.3167,393,120,19.05,29.97,100.0,19.05,42.92,48.75000000000001,49.25000000000001,29.97,408.3167,393,-35.691599999999994,-51.566599999999994,21,100.0,383.5417,365.0083,363.9167,400.3333,444.3667
2025-11-18 22:00:00,383.5417,376,120,4.06,30.48,100.0,4.06,41.650000000000006,52.56000000000001,53.31000000000001,30.48,383.5417,376,-24.775000000000034,-63.4083,22,100.0,371.125,364.0,370.7167,391.3,434.7917
2025-11-18 23:00:00,371.125,368,120,0.76,30.48,100.0,0.76,23.870000000000008,53.07000000000001,54.07000000000001,30.48,371.125,368,-12.416699999999992,-72.88330000000002,23,100.0,365.0083,362.9,376.5667,401.075,426.0417
2025-11-19 00:00:00,365.0083,297,120,0.0,30.48,100.0,0.0,4.8200000000000065,47.74000000000001,54.07000000000001,30.48,365.0083,297,-6.11669999999998,-43.308400000000006,0,100.0,364.0,363.9167,380.9915,414.0833,418.2
2025-11-19 01:00:00,364.0,364,120,0.0,30.48,100.0,0.0,0.7600000000000071,42.41000000000001,53.82000000000001,30.48,364.0,364,-1.0083000000000197,-19.54169999999999,1,100.0,362.9,370.7167,392.425,409.0167,410.7563
2025-11-19 02:00:00,362.9,285,120,0.0,30.48,100.0,0.0,0.0,23.870000000000008,53.57000000000001,30.48,362.9,285,-1.1000000000000227,-8.225000000000023,2,100.0,363.9167,376.5667,398.9667,397.7417,403.925
2025-11-19 03:00:00,363.9167,188,120,0.0,30.48,100.0,0.0,0.0,4.8200000000000065,53.57000000000001,30.48,363.9167,188,1.0167000000000144,-1.091600000000028,3,100.0,370.7167,380.9915,400.3333,405.075,401.7
2025-11-19 04:00:00,370.7167,347,120,0.0,30.48,100.0,0.0,0.0,0.7600000000000071,53.32000000000001,30.48,370.7167,347,6.800000000000011,6.716700000000003,4,100.0,376.5667,392.425,391.3,418.4667,417.9083
2025-11-19 05:00:00,376.5667,374,120,0.0,30.48,100.0,0.0,0.0,0.0,53.07000000000001,30.48,376.5667,374,5.850000000000023,13.666700000000048,5,100.0,380.9915,398.9667,401.075,430.6917,435.725
2025-11-19 06:00:00,380.9915,380,118,0.0,30.48,99.7,0.0,0.0,0.0,47.74000000000001,30.48,380.9915,380,4.424799999999948,17.074799999999982,6,99.7,392.425,400.3333,414.0833,442.55,452.6387
2025-11-19 07:00:00,392.425,387,120,0.0,30.48,80.852174,0.0,0.0,0.0,42.41000000000001,30.48,392.425,387,11.433500000000038,21.70830000000001,7,80.852174,398.9667,391.3,409.0167,452.8167,450.7167
2025-11-19 08:00:00,398.9667,396,120,0.25,30.73,68.300877,0.25,0.2500000000000071,0.2500000000000071,24.120000000000008,30.73,398.9667,396,6.541699999999992,22.399999999999977,8,68.300877,400.3333,401.075,397.7417,455.3833,446.7667
2025-11-19 09:00:00,400.3333,393,120,0.25,30.73,73.766087,0.25,0.5000000000000071,0.5000000000000071,5.3200000000000065,30.73,400.3333,393,1.3666000000000054,19.341800000000035,9,73.766087,391.3,414.0833,405.075,444.3667,460.8833
2025-11-19 10:00:00,391.3,388,120,0.25,30.99,78.173276,0.25,0.75,0.7500000000000071,1.5100000000000071,30.99,391.3,388,-9.033299999999997,-1.125,10,78.173276,401.075,409.0167,418.4667,434.7917,460.2667
2025-11-19 11:00:00,401.075,394,120,0.25,30.99,75.330701,0.25,0.75,1.000000000000007,1.000000000000007,30.99,401.075,394,9.774999999999977,2.1082999999999856,11,75.330701,414.0833,397.7417,430.6917,426.0417,450.725
2025-11-19 12:00:00,414.0833,408,120,0.0,30.99,63.387069,0.0,0.5000000000000071,1.000000000000007,1.000000000000007,30.99,414.0833,408,13.00830000000002,13.75,12,63.387069,409.0167,405.075,442.55,418.2,442.4417
2025-11-19 13:00:00,409.0167,402,120,0.0,30.99,62.798261,0.0,0.2500000000000071,1.000000000000007,1.000000000000007,30.99,409.0167,402,-5.066599999999994,17.716700000000003,13,62.798261,397.7417,418.4667,452.8167,410.7563,434.1917
2025-11-19 14:00:00,397.7417,394,120,0.0,30.73,65.668103,0.0,0.0,0.7500000000000071,1.000000000000007,30.73,397.7417,394,-11.275000000000034,-3.3333000000000084,14,65.668103,405.075,430.6917,455.3833,403.925,428.325
2025-11-19 15:00:00,405.075,398,120,0.0,30.73,72.173913,0.0,0.0,0.5000000000000071,1.000000000000007,30.73,405.075,398,7.333300000000008,-9.00830000000002,15,72.173913,418.4667,442.55,444.3667,401.7,440.7833
2025-11-19 16:00:00,418.4667,412,120,0.0,30.73,76.24,0.0,0.0,0.2500000000000071,1.000000000000007,30.73,418.4667,412,13.391700000000014,9.449999999999989,16,76.24,430.6917,452.8167,434.7917,417.9083,447.7
2025-11-19 17:00:00,430.6917,422,120,0.76,31.5,92.517391,0.76,0.7600000000000071,0.7600000000000071,1.7600000000000071,31.5,430.6917,422,12.225000000000023,32.950000000000045,17,92.517391,442.55,455.3833,426.0417,435.725,436.4083
2025-11-19 18:00:00,442.55,437,120,0.76,31.5,95.341228,0.76,1.5200000000000071,1.5200000000000071,2.520000000000007,31.5,442.55,437,11.858299999999986,37.47500000000002,18,95.341228,452.8167,444.3667,418.2,452.6387,442.0
2025-11-19 19:00:00,452.8167,372,120,0.0,25.91,95.370434,0.0,1.5200000000000071,1.5200000000000071,2.520000000000007,25.91,452.8167,372,10.266700000000014,34.35000000000002,19,95.370434,455.3833,434.7917,410.7563,450.7167,449.4167
2025-11-19 20:00:00,455.3833,450,120,0.0,24.89,96.025862,0.0,0.7600000000000071,1.5200000000000071,2.270000000000007,24.89,455.3833,450,2.566599999999994,24.691599999999994,20,96.025862,444.3667,426.0417,403.925,446.7667,453.2
2025-11-19 21:00:00,444.3667,439,120,0.0,5.59,95.346087,0.0,0.0,1.5200000000000071,2.020000000000007,5.59,444.3667,439,-11.01660000000004,1.816699999999969,21,95.346087,434.7917,418.2,401.7,460.8833,456.8833
2025-11-19 22:00:00,434.7917,430,120,0.0,2.29,93.485087,0.0,0.0,1.5200000000000071,1.7700000000000071,2.29,434.7917,430,-9.574999999999989,-18.025000000000034,22,93.485087,426.0417,410.7563,417.9083,460.2667,458.35
2025-11-19 23:00:00,426.0417,422,120,0.0,1.27,95.053913,0.0,0.0,0.7600000000000071,1.5200000000000071,1.27,426.0417,422,-8.75,-29.341600000000028,23,95.053913,418.2,403.925,435.725,450.725,457.3667
2025-11-20 00:00:00,418.2,414,120,0.0,1.27,96.826087,0.0,0.0,0.0,1.5200000000000071,1.27,418.2,414,-7.841700000000003,-26.16669999999999,0,96.826087,410.7563,401.7,452.6387,442.4417,442.7
2025-11-20 01:00:00,410.7563,407,119,0.0,1.27,95.756897,0.0,0.0,0.0,1.5200000000000071,1.27,410.7563,407,-7.4436999999999784,-24.03539999999998,1,95.756897,403.925,417.9083,450.7167,434.1917,430.4167
2025-11-20 02:00:00,403.925,401,120,0.0,1.27,96.697391,0.0,0.0,0.0,1.5200000000000071,1.27,403.925,401,-6.831299999999999,-22.11669999999998,2,96.697391,401.7,435.725,446.7667,428.325,418.6667
2025-11-20 03:00:00,401.7,398,120,0.0,1.27,97.998261,0.0,0.0,0.0,1.5200000000000071,1.27,401.7,398,-2.2250000000000227,-16.5,3,97.998261,417.9083,452.6387,460.8833,440.7833,407.6583
2025-11-20 04:00:00,417.9083,409,120,0.0,1.27,98.010345,0.0,0.0,0.0,1.5200000000000071,1.27,417.9083,409,16.20830000000001,7.151999999999987,4,98.010345,435.725,450.7167,460.2667,447.7,398.175
2025-11-20 05:00:00,435.725,427,120,0.0,1.27,95.173043,0.0,0.0,0.0,0.7600000000000071,1.27,435.725,427,17.816700000000026,31.80000000000001,5,95.173043,452.6387,446.7667,450.725,436.4083,394.6667
2025-11-20 06:00:00,452.6387,445,119,0.0,1.27,88.113157,0.0,0.0,0.0,0.0,1.27,452.6387,445,16.91369999999995,50.93869999999998,6,88.113157,450.7167,460.8833,442.4417,442.0,403.7881
2025-11-20 07:00:00,450.7167,447,120,0.0,1.27,81.776522,0.0,0.0,0.0,0.0,1.27,450.7167,447,-1.9219999999999686,32.808400000000006,7,81.776522,446.7667,460.2667,434.1917,449.4167,396.7167
2025-11-20 08:00:00,446.7667,443,120,0.0,1.27,70.391305,0.0,0.0,0.0,0.0,1.27,446.7667,443,-3.9499999999999886,11.041699999999992,8,70.391305,460.8833,450.725,428.325,453.2,389.9
2025-11-20 09:00:00,460.8833,454,120,0.0,1.02,68.191304,0.0,0.0,0.0,0.0,1.02,460.8833,454,14.116600000000005,8.244600000000048,9,68.191304,460.2667,442.4417,440.7833,456.8833,386.1
2025-11-20 10:00:00,460.2667,455,120,0.0,1.02,69.191379,0.0,0.0,0.0,0.0,1.02,460.2667,455,-0.6166000000000054,9.550000000000011,10,69.191379,450.725,434.1917,447.7,458.35,382.3833
2025-11-20 11:00:00,450.725,447,120,0.0,0.76,67.849565,0.0,0.0,0.0,0.0,0.76,450.725,447,-9.541699999999992,3.9583000000000084,11,67.849565,442.4417,428.325,436.4083,457.3667,378.825
2025-11-20 12:00:00,442.4417,438,120,0.0,0.76,66.544348,0.0,0.0,0.0,0.0,0.76,442.4417,438,-8.283299999999997,-18.441599999999994,12,66.544348,434.1917,440.7833,442.0,442.7,376.6167
2025-11-20 13:00:00,434.1917,430,120,0.0,0.76,65.022609,0.0,0.0,0.0,0.0,0.76,434.1917,430,-8.25,-26.07499999999999,13,65.022609,428.325,447.7,449.4167,430.4167,376.0667
2025-11-20 14:00:00,428.325,425,120,0.0,0.76,69.362069,0.0,0.0,0.0,0.0,0.76,428.325,425,-5.866700000000037,-22.400000000000034,14,69.362069,440.7833,436.4083,453.2,418.6667,375.8833
2025-11-20 15:00:00,440.7833,432,120,0.0,0.76,70.112174,0.0,0.0,0.0,0.0,0.76,440.7833,432,12.458300000000008,-1.6584000000000287,15,70.112174,447.7,442.0,456.8833,407.6583,375.3083
2025-11-20 16:00:00,447.7,442,120,0.0,0.76,72.431305,0.0,0.0,0.0,0.0,0.76,447.7,442,6.916699999999992,13.508299999999963,16,72.431305,436.4083,449.4167,458.35,398.175,379.0833
2025-11-20 17:00:00,436.4083,332,120,0.0,0.76,78.808621,0.0,0.0,0.0,0.0,0.76,436.4083,332,-11.291699999999992,8.083300000000008,17,78.808621,442.0,453.2,457.3667,394.6667,375.0833
2025-11-20 18:00:00,442.0,372,120,0.0,0.0,82.73421,0.0,0.0,0.0,0.0,0.0,442.0,372,5.591700000000003,1.216700000000003,18,82.73421,449.4167,456.8833,442.7,403.7881,325.525
2025-11-20 19:00:00,449.4167,444,120,0.0,0.0,82.424348,0.0,0.0,0.0,0.0,0.0,449.4167,444,7.416699999999992,1.716700000000003,19,82.424348,453.2,458.35,430.4167,396.7167,308.2
2025-11-20 20:00:00,453.2,444,120,0.0,0.0,87.715652,0.0,0.0,0.0,0.0,0.0,453.2,444,3.783299999999997,16.79169999999999,20,87.715652,456.8833,457.3667,418.6667,389.9,306.0333
2025-11-20 21:00:00,456.8833,412,120,0.0,0.0,85.785218,0.0,0.0,0.0,0.0,0.0,456.8833,412,3.683300000000031,14.88330000000002,21,85.785218,458.35,442.7,407.6583,386.1,308.05
2025-11-20 22:00:00,458.35,454,120,0.0,0.0,83.876724,0.0,0.0,0.0,0.0,0.0,458.35,454,1.466700000000003,8.933300000000031,22,83.876724,457.3667,430.4167,398.175,382.3833,312.6833
2025-11-20 23:00:00,457.3667,449,120,0.0,0.0,83.93913,0.0,0.0,0.0,0.0,0.0,457.3667,449,-0.9833000000000425,4.166699999999992,23,83.93913,442.7,418.6667,394.6667,378.825,317.9583
2025-11-21 00:00:00,442.7,436,120,0.0,0.0,84.237069,0.0,0.0,0.0,0.0,0.0,442.7,436,-14.666699999999992,-14.183300000000031,0,84.237069,430.4167,407.6583,403.7881,376.6167,313.9417
2025-11-21 01:00:00,430.4167,424,120,0.0,0.0,84.601739,0.0,0.0,0.0,0.0,0.0,430.4167,424,-12.283299999999997,-27.93330000000003,1,84.601739,418.6667,398.175,396.7167,376.0667,290.15
2025-11-21 02:00:00,418.6667,413,120,0.0,0.0,88.906897,0.0,0.0,0.0,0.0,0.0,418.6667,413,-11.75,-38.69999999999999,2,88.906897,407.6583,394.6667,389.9,375.8833,292.525
2025-11-21 03:00:00,407.6583,403,120,0.0,0.0,90.80431,0.0,0.0,0.0,0.0,0.0,407.6583,403,-11.008399999999995,-35.04169999999999,3,90.80431,398.175,403.7881,386.1,375.3083,308.3333
2025-11-21 04:00:00,398.175,394,120,0.0,0.0,92.153913,0.0,0.0,0.0,0.0,0.0,398.175,394,-9.483299999999986,-32.24169999999998,4,92.153913,394.6667,396.7167,382.3833,379.0833,340.0667
2025-11-21 05:00:00,394.6667,391,120,0.0,0.0,90.181035,0.0,0.0,0.0,0.0,0.0,394.6667,391,-3.5083000000000197,-24.0,5,90.181035,403.7881,389.9,378.825,375.0833,355.5583
2025-11-21 06:00:00,403.7881,401,118,0.0,0.0,81.792036,0.0,0.0,0.0,0.0,0.0,403.7881,401,9.121399999999994,-3.870200000000011,6,81.792036,396.7167,386.1,376.6167,325.525,360.7227
2025-11-21 07:00:00,396.7167,393,120,0.0,0.0,73.46,0.0,0.0,0.0,0.0,0.0,396.7167,393,-7.071399999999983,-1.4583000000000084,7,73.46,389.9,382.3833,376.0667,308.2,361.0
2025-11-21 08:00:00,389.9,387,120,0.0,0.0,68.725862,0.0,0.0,0.0,0.0,0.0,389.9,387,-6.816700000000026,-4.766700000000014,8,68.725862,386.1,378.825,375.8833,306.0333,361.0
2025-11-21 09:00:00,386.1,384,120,0.0,0.0,66.075652,0.0,0.0,0.0,0.0,0.0,386.1,384,-3.7999999999999545,-17.688099999999963,9,66.075652,382.3833,376.6167,375.3083,308.05,361.0
2025-11-21 10:00:00,382.3833,380,120,0.0,0.0,64.04087,0.0,0.0,0.0,0.0,0.0,382.3833,380,-3.716700000000003,-14.333399999999983,10,64.04087,378.825,376.0667,379.0833,312.6833,361.0
2025-11-21 11:00:00,378.825,378,120,0.0,0.0,62.414783,0.0,0.0,0.0,0.0,0.0,378.825,378,-3.558300000000031,-11.074999999999989,11,62.414783,376.6167,375.8833,375.0833,317.9583,361.0
2025-11-21 12:00:00,376.6167,376,120,0.0,0.0,66.426956,0.0,0.0,0.0,0.0,0.0,376.6167,376,-2.2083000000000084,-9.483300000000042,12,66.426956,376.0667,375.3083,325.525,313.9417,364.9
2025-11-21 13:00:00,376.0667,375,120,0.0,0.0,64.676522,0.0,0.0,0.0,0.0,0.0,376.0667,375,-0.5499999999999545,-6.316599999999994,13,64.676522,375.8833,379.0833,308.2,290.15,401.9333
2025-11-21 14:00:00,375.8833,375,120,0.0,0.0,65.310435,0.0,0.0,0.0,0.0,0.0,375.8833,375,-0.183400000000006,-2.941699999999969,14,65.310435,375.3083,375.0833,306.0333,292.525,401.9
2025-11-21 15:00:00,375.3083,375,120,0.0,0.0,73.956035,0.0,0.0,0.0,0.0,0.0,375.3083,375,-0.5750000000000455,-1.308400000000006,15,73.956035,379.0833,325.525,308.05,308.3333,378.275
2025-11-21 16:00:00,379.0833,375,120,0.0,0.0,80.766087,0.0,0.0,0.0,0.0,0.0,379.0833,375,3.775000000000034,3.0165999999999826,16,80.766087,375.0833,308.2,312.6833,340.0667,349.425
2025-11-21 17:00:00,375.0833,340,120,21.84,21.84,98.775652,21.84,21.840000000000007,21.840000000000007,21.840000000000007,21.84,375.0833,340,-4.0,-0.8000000000000114,17,98.775652,325.525,306.0333,317.9583,355.5583,342.85
2025-11-21 18:00:00,325.525,313,120,24.13,25.4,100.0,24.13,45.970000000000006,45.970000000000006,45.970000000000006,25.4,325.525,313,-49.55830000000003,-49.7833,18,100.0,308.2,308.05,313.9417,360.7227,341.15
2025-11-21 19:00:00,308.2,306,120,3.05,25.4,100.0,3.05,49.02,49.02,49.02,25.4,308.2,306,-17.32499999999999,-70.88330000000002,19,100.0,306.0333,312.6833,290.15,361.0,351.2833
2025-11-21 20:00:00,306.0333,306,120,0.76,26.16,100.0,0.76,27.940000000000005,49.78000000000001,49.78000000000001,26.16,306.0333,306,-2.1666999999999916,-69.05000000000001,20,100.0,308.05,317.9583,292.525,361.0,357.9917
2025-11-21 21:00:00,308.05,277,120,0.76,26.16,100.0,0.76,4.570000000000007,50.540000000000006,50.540000000000006,26.16,308.05,277,2.0167000000000144,-17.474999999999966,21,100.0,312.6833,313.9417,308.3333,361.0,363.25
2025-11-21 22:00:00,312.6833,310,120,0.25,26.67,100.0,0.25,1.7700000000000071,50.790000000000006,50.790000000000006,26.67,312.6833,310,4.633299999999963,4.483299999999986,22,100.0,317.9583,290.15,340.0667,361.0,369.9667
2025-11-21 23:00:00,317.9583,315,120,0.25,26.67,100.0,0.25,1.2600000000000071,29.200000000000006,51.040000000000006,26.67,317.9583,315,5.275000000000034,11.925000000000011,23,100.0,313.9417,292.525,355.5583,361.0,373.2
2025-11-22 00:00:00,313.9417,154,120,0.0,26.67,100.0,0.0,0.5000000000000071,5.070000000000007,51.040000000000006,26.67,313.9417,154,-4.016599999999983,5.891700000000014,0,100.0,290.15,308.3333,360.7227,364.9,379.5333
2025-11-22 01:00:00,290.15,172,120,0.0,26.67,100.0,0.0,0.2500000000000071,2.020000000000007,51.040000000000006,26.67,290.15,172,-23.79170000000005,-22.533299999999997,1,100.0,292.525,340.0667,361.0,401.9333,383.575
2025-11-22 02:00:00,292.525,177,120,0.0,26.67,100.0,0.0,0.0,1.2600000000000071,51.040000000000006,26.67,292.525,177,2.375,-25.43330000000003,2,100.0,308.3333,355.5583,361.0,401.9,386.9917
2025-11-22 03:00:00,308.3333,184,120,0.0,26.67,100.0,0.0,0.0,0.5000000000000071,51.040000000000006,26.67,308.3333,184,15.808300000000031,-5.608400000000017,3,100.0,340.0667,360.7227,361.0,378.275,389.6583
2025-11-22 04:00:00,340.0667,222,120,0.0,26.67,100.0,0.0,0.0,0.2500000000000071,51.040000000000006,26.67,340.0667,222,31.733400000000017,49.91670000000005,4,100.0,355.5583,361.0,361.0,349.425,394.1167
2025-11-22 05:00:00,355.5583,352,120,0.0,26.67,100.0,0.0,0.0,0.0,29.200000000000006,26.67,355.5583,352,15.491599999999949,63.0333,5,100.0,360.7227,361.0,361.0,342.85,397.725
2025-11-22 06:00:00,360.7227,359,119,0.0,26.67,99.952632,0.0,0.0,0.0,5.070000000000007,26.67,360.7227,359,5.1644000000000005,52.389399999999966,6,99.952632,361.0,361.0,364.9,341.15,402.7647
2025-11-22 07:00:00,361.0,361,120,0.0,26.67,91.826087,0.0,0.0,0.0,2.020000000000007,26.67,361.0,361,0.2773000000000252,20.933299999999974,7,91.826087,361.0,361.0,401.9333,351.2833,408.8333
2025-11-22 08:00:00,361.0,361,120,0.0,26.67,73.019999,0.0,0.0,0.0,1.2600000000000071,26.67,361.0,361,0.0,5.441700000000026,8,73.019999,361.0,361.0,401.9,357.9917,415.775
2025-11-22 09:00:00,361.0,361,120,0.0,26.67,67.760345,0.0,0.0,0.0,0.5000000000000071,26.67,361.0,361,0.0,0.2773000000000252,9,67.760345,361.0,364.9,378.275,363.25,420.375
2025-11-22 10:00:00,361.0,361,120,0.0,26.67,77.046902,0.0,0.0,0.0,0.2500000000000071,26.67,361.0,361,0.0,0.0,10,77.046902,361.0,401.9333,349.425,369.9667,425.6083
2025-11-22 11:00:00,361.0,361,120,0.0,26.67,74.854783,0.0,0.0,0.0,0.0,26.67,361.0,361,0.0,0.0,11,74.854783,364.9,401.9,342.85,373.2,427.1417
2025-11-22 12:00:00,364.9,361,120,0.0,26.67,71.273913,0.0,0.0,0.0,0.0,26.67,364.9,361,3.8999999999999773,3.8999999999999773,12,71.273913,401.9333,378.275,341.15,379.5333,432.225
2025-11-22 13:00:00,401.9333,400,120,3.05,29.97,76.93913,3.05,3.050000000000007,3.050000000000007,3.050000000000007,29.97,401.9333,400,37.0333,40.933299999999974,13,76.93913,401.9,349.425,351.2833,383.575,438.1
2025-11-22 14:00:00,401.9,385,120,3.05,30.99,92.060345,3.05,6.100000000000007,6.100000000000007,6.100000000000007,30.99,401.9,385,-0.033299999999997,40.89999999999998,14,92.060345,378.275,342.85,357.9917,386.9917,431.2167
2025-11-22 15:00:00,378.275,283,120,21.08,51.05,99.794783,21.08,27.180000000000007,27.180000000000007,27.180000000000007,51.05,378.275,283,-23.625,13.375,15,99.794783,349.425,341.15,363.25,389.6583,419.2667
2025-11-22 16:00:00,349.425,345,120,20.07,51.05,99.90087,20.07,44.2,47.25000000000001,47.25000000000001,51.05,349.425,345,-28.849999999999966,-52.50829999999996,16,99.90087,342.85,351.2833,369.9667,394.1167,408.05
2025-11-22 17:00:00,342.85,224,120,0.0,51.05,99.92,0.0,41.150000000000006,47.25000000000001,47.25000000000001,51.05,342.85,224,-6.574999999999989,-59.049999999999955,17,99.92,341.15,357.9917,373.2,397.725,400.6167
2025-11-22 18:00:00,341.15,210,120,0.0,27.18,100.0,0.0,20.07000000000001,47.25000000000001,47.25000000000001,27.18,341.15,210,-1.7000000000000455,-37.125,18,100.0,351.2833,363.25,379.5333,402.7647,411.1583
2025-11-22 19:00:00,351.2833,250,120,0.0,25.65,100.0,0.0,0.0,44.20000000000001,47.25000000000001,25.65,351.2833,250,10.13330000000002,1.8582999999999856,19,100.0,357.9917,369.9667,383.575,408.8333,418.175
2025-11-22 20:00:00,357.9917,342,120,0.0,25.65,100.0,0.0,0.0,41.150000000000006,47.25000000000001,25.65,357.9917,342,6.708399999999983,15.141699999999958,20,100.0,363.25,373.2,386.9917,415.775,423.0167
2025-11-22 21:00:00,363.25,315,120,0.0,24.89,100.0,0.0,0.0,20.070000000000007,47.25000000000001,24.89,363.25,315,5.25830000000002,22.100000000000023,21,100.0,369.9667,379.5333,389.6583,420.375,358.8083
2025-11-22 22:00:00,369.9667,367,120,0.51,25.4,99.965217,0.51,0.5100000000000107,0.5100000000000071,47.760000000000005,25.4,369.9667,367,6.716700000000003,18.683400000000006,22,99.965217,373.2,383.575,394.1167,425.6083,303.7083
2025-11-22 23:00:00,373.2,254,120,0.51,25.15,100.0,0.51,1.0200000000000107,1.0200000000000071,48.27000000000001,25.15,373.2,254,3.2332999999999856,15.208300000000008,23,100.0,379.5333,386.9917,397.725,427.1417,294.9583
2025-11-23 00:00:00,379.5333,377,120,0.51,25.65,100.0,0.51,1.53,1.5300000000000071,48.78000000000001,25.65,379.5333,377,6.333300000000008,16.283299999999997,0,100.0,383.575,389.6583,402.7647,432.225,295.9333
2025-11-23 01:00:00,383.575,345,120,2.03,27.43,100.0,2.03,3.0500000000000105,3.5600000000000067,47.76000000000001,27.43,383.575,345,4.041699999999992,13.608299999999986,1,100.0,386.9917,394.1167,408.8333,438.1,297.7333
2025-11-23 02:00:00,386.9917,385,120,1.78,28.19,100.0,1.78,4.320000000000011,5.340000000000007,46.49,28.19,386.9917,385,3.4166999999999916,13.791699999999992,2,100.0,389.6583,397.725,415.775,431.2167,296.9333
2025-11-23 03:00:00,389.6583,312,120,0.51,28.19,100.0,0.51,4.320000000000011,5.850000000000007,25.92000000000001,28.19,389.6583,312,2.6666000000000167,10.125,3,100.0,394.1167,402.7647,420.375,419.2667,300.3109
2025-11-23 04:00:00,394.1167,392,120,0.0,28.19,100.0,0.0,2.2900000000000107,5.340000000000007,5.850000000000007,28.19,394.1167,392,4.458399999999983,10.541699999999992,4,100.0,397.725,408.8333,425.6083,408.05,303.3667
2025-11-23 05:00:00,397.725,396,120,0.0,28.19,100.0,0.0,0.5100000000000107,4.830000000000007,5.850000000000007,28.19,397.725,396,3.6083000000000425,10.733300000000042,5,100.0,402.7647,415.775,427.1417,400.6167,305.0
2025-11-23 06:00:00,402.7647,400,119,0.25,28.45,99.99913,0.25,0.25000000000001066,4.570000000000007,6.100000000000007,28.45,402.7647,400,5.039699999999982,13.106400000000008,6,99.99913,408.8333,420.375,432.225,411.1583,305.0
2025-11-23 07:00:00,408.8333,405,120,0.25,28.45,95.97913,0.25,0.5000000000000107,2.7900000000000076,6.350000000000007,28.45,408.8333,405,6.0686000000000035,14.716600000000028,7,95.97913,415.775,425.6083,438.1,418.175,305.0
2025-11-23 08:00:00,415.775,412,120,0.0,28.45,75.516522,0.0,0.5000000000000107,1.0100000000000076,6.350000000000007,28.45,415.775,412,6.941699999999969,18.049999999999955,8,75.516522,420.375,427.1417,431.2167,423.0167,305.0
2025-11-23 09:00:00,420.375,418,120,0.0,28.45,77.513913,0.0,0.25000000000001066,0.5000000000000075,6.350000000000007,28.45,420.375,418,4.600000000000023,17.610299999999995,9,77.513913,425.6083,432.225,419.2667,358.8083,305.0
2025-11-23 10:00:00,425.6083,423,120,0.0,28.45,77.138793,0.0,0.0,0.5000000000000075,5.840000000000007,28.45,425.6083,423,5.233299999999986,16.774999999999977,10,77.138793,427.1417,438.1,408.05,303.7083,305.0
2025-11-23 11:00:00,427.1417,423,120,0.0,28.45,76.509565,0.0,0.0,0.5000000000000075,5.330000000000007,28.45,427.1417,423,1.5334000000000287,11.366700000000037,11,76.509565,432.225,431.2167,400.6167,294.9583,332.3083
2025-11-23 12:00:00,432.225,428,120,0.0,28.45,79.748696,0.0,0.0,0.25000000000000755,4.8200000000000065,28.45,432.225,428,5.083300000000008,11.850000000000023,12,79.748696,438.1,419.2667,411.1583,295.9333,365.6417
2025-11-23 13:00:00,438.1,432,120,0.0,28.45,79.805218,0.0,0.0,0.0,2.790000000000007,28.45,438.1,432,5.875,12.491700000000037,13,79.805218,431.2167,408.05,418.175,297.7333,369.5167
2025-11-23 14:00:00,431.2167,425,120,0.0,25.15,71.954386,0.0,0.0,0.0,1.0100000000000071,25.15,431.2167,425,-6.88330000000002,4.074999999999989,14,71.954386,419.2667,400.6167,423.0167,296.9333,374.8487
2025-11-23 15:00:00,419.2667,413,120,0.0,23.62,65.012174,0.0,0.0,0.0,0.5000000000000071,23.62,419.2667,413,-11.949999999999989,-12.958300000000008,15,65.012174,408.05,411.1583,358.8083,300.3109,378.9917
2025-11-23 16:00:00,408.05,402,120,0.0,3.81,69.138261,0.0,0.0,0.0,0.5000000000000071,3.81,408.05,402,-11.216700000000003,-30.05000000000001,16,69.138261,400.6167,418.175,303.7083,303.3667,382.2167
2025-11-23 17:00:00,400.6167,397,120,0.0,3.81,75.952174,0.0,0.0,0.0,0.5000000000000071,3.81,400.6167,397,-7.433300000000031,-30.600000000000023,17,75.952174,411.1583,423.0167,294.9583,305.0,384.4833
2025-11-23 18:00:00,411.1583,344,120,0.0,3.81,86.313913,0.0,0.0,0.0,0.2500000000000071,3.81,411.1583,344,10.541600000000017,-8.108400000000017,18,86.313913,418.175,358.8083,295.9333,305.0,388.1933
2025-11-23 19:00:00,418.175,394,120,0.0,3.81,87.114783,0.0,0.0,0.0,0.0,3.81,418.175,394,7.016700000000014,10.125,19,87.114783,423.0167,303.7083,297.7333,305.0,390.275
2025-11-23 20:00:00,423.0167,347,120,16.0,20.07,96.993913,16.0,16.00000000000001,16.000000000000007,16.000000000000007,20.07,423.0167,347,4.841700000000003,22.400000000000034,20,96.993913,358.8083,294.9583,296.9333,305.0,391.823
2025-11-23 21:00:00,358.8083,317,120,34.29,39.12,100.0,34.29,50.290000000000006,50.290000000000006,50.290000000000006,39.12,358.8083,317,-64.20840000000004,-52.35000000000002,21,100.0,303.7083,295.9333,300.3109,305.0,394.2203
2025-11-23 22:00:00,303.7083,297,120,19.3,40.13,100.0,19.3,69.59000000000002,69.59,69.59,40.13,303.7083,297,-55.099999999999966,-114.4667,22,100.0,294.9583,297.7333,303.3667,305.0,396.05
2025-11-23 23:00:00,294.9583,218,120,1.27,40.64,100.0,1.27,54.860000000000014,70.86000000000001,70.86000000000001,40.64,294.9583,218,-8.75,-128.0584,23,100.0,295.9333,296.9333,305.0,332.3083,397.661
2025-11-24 00:00:00,295.9333,211,120,0.51,40.64,100.0,0.51,21.080000000000016,71.37,71.37,40.64,295.9333,211,0.9749999999999659,-62.875,0,100.0,297.7333,300.3109,305.0,365.6417,400.6667
2025-11-24 01:00:00,297.7333,240,120,0.0,40.13,100.0,0.0,1.7800000000000142,71.37,71.37,40.13,297.7333,240,1.8000000000000114,-5.975000000000023,1,100.0,296.9333,303.3667,305.0,369.5167,403.1092
2025-11-24 02:00:00,296.9333,186,120,0.0,38.35,100.0,0.0,0.5100000000000142,55.370000000000005,71.37,38.35,296.9333,186,-0.8000000000000114,1.974999999999966,2,100.0,300.3109,305.0,305.0,374.8487,405.4167
2025-11-24 03:00:00,300.3109,263,119,0.0,37.59,100.0,0.0,0.0,21.08000000000001,71.37,37.59,300.3109,263,3.3776000000000295,4.3776000000000295,3,100.0,303.3667,305.0,305.0,378.9917,407.3417
2025-11-24 04:00:00,303.3667,261,120,0.0,37.59,100.0,0.0,0.0,1.7800000000000071,71.37,37.59,303.3667,261,3.0557999999999765,5.633399999999995,4,100.0,305.0,305.0,305.0,382.2167,409.5417
2025-11-24 05:00:00,305.0,305,120,0.0,37.59,100.0,0.0,0.0,0.5100000000000071,71.37,37.59,305.0,305,1.6333000000000197,8.066700000000026,5,100.0,305.0,305.0,332.3083,384.4833,412.225
2025-11-24 06:00:00,305.0,305,119,0.0,37.59,99.522807,0.0,0.0,0.0,71.37,37.59,305.0,305,0.0,4.689099999999996,6,99.522807,305.0,305.0,365.6417,388.1933,417.8151
2025-11-24 07:00:00,305.0,305,120,0.0,37.34,85.930172,0.0,0.0,0.0,71.37,37.34,305.0,305,0.0,1.6333000000000197,7,85.930172,305.0,305.0,369.5167,390.275,421.65
2025-11-24 08:00:00,305.0,305,120,0.0,37.34,78.37913,0.0,0.0,0.0,55.370000000000005,37.34,305.0,305,0.0,0.0,8,78.37913,305.0,332.3083,374.8487,391.823,424.4667
2025-11-24 09:00:00,305.0,305,120,0.0,37.34,78.33913,0.0,0.0,0.0,21.08000000000001,37.34,305.0,305,0.0,0.0,9,78.33913,305.0,365.6417,378.9917,394.2203,426.2417
2025-11-24 10:00:00,305.0,305,120,0.0,37.34,76.595652,0.0,0.0,0.0,1.7800000000000071,37.34,305.0,305,0.0,0.0,10,76.595652,332.3083,369.5167,382.2167,396.05,426.85
2025-11-24 11:00:00,332.3083,305,120,0.0,37.34,73.543103,0.0,0.0,0.0,0.5100000000000071,37.34,332.3083,305,27.308299999999974,27.308299999999974,11,73.543103,365.6417,374.8487,384.4833,397.661,425.9833
2025-11-24 12:00:00,365.6417,362,120,0.0,37.34,72.776522,0.0,0.0,0.0,0.0,37.34,365.6417,362,33.33340000000004,60.641700000000014,12,72.776522,369.5167,378.9917,388.1933,400.6667,420.275
2025-11-24 13:00:00,369.5167,367,120,0.0,37.34,75.212174,0.0,0.0,0.0,0.0,37.34,369.5167,367,3.875,64.51670000000001,13,75.212174,374.8487,382.2167,390.275,403.1092,406.0333
2025-11-24 14:00:00,374.8487,372,119,0.0,37.34,71.494783,0.0,0.0,0.0,0.0,37.34,374.8487,372,5.331999999999994,42.540400000000034,14,71.494783,378.9917,384.4833,391.823,405.4167,395.35
2025-11-24 15:00:00,378.9917,377,120,0.25,37.59,82.623478,0.25,0.2500000000000142,0.2500000000000071,0.2500000000000071,37.59,378.9917,377,4.142999999999972,13.349999999999966,15,82.623478,382.2167,388.1933,394.2203,407.3417,399.7167
2025-11-24 16:00:00,382.2167,380,120,0.51,38.35,96.267241,0.51,0.7600000000000142,0.7600000000000071,0.7600000000000071,38.35,382.2167,380,3.2250000000000227,12.699999999999989,16,96.267241,384.4833,390.275,396.05,409.5417,405.9583
2025-11-24 17:00:00,384.4833,277,120,0.51,38.86,98.04386,0.51,1.2700000000000142,1.2700000000000071,1.2700000000000071,38.86,384.4833,277,2.2665999999999826,9.634599999999978,17,98.04386,388.1933,391.823,397.661,412.225,411.7333
2025-11-24 18:00:00,388.1933,386,119,0.51,39.12,99.167826,0.51,1.53,1.7800000000000071,1.7800000000000071,39.12,388.1933,386,3.7100000000000364,9.201600000000042,18,99.167826,390.275,394.2203,400.6667,417.8151,418.1092
2025-11-24 19:00:00,390.275,389,120,1.02,40.13,96.888597,1.02,2.0400000000000142,2.800000000000007,2.800000000000007,40.13,390.275,389,2.0816999999999553,8.058299999999974,19,96.888597,391.823,396.05,403.1092,421.65,401.7417
2025-11-24 20:00:00,391.823,391,113,0.76,40.13,92.576147,0.76,2.2900000000000142,3.560000000000007,3.560000000000007,40.13,391.823,391,1.5480000000000018,7.3396999999999935,20,92.576147,394.2203,397.661,405.4167,424.4667,406.5833
2025-11-24 21:00:00,394.2203,393,118,0.0,20.83,92.478761,0.0,1.7800000000000142,3.310000000000007,3.560000000000007,20.83,394.2203,393,2.3973000000000297,6.026999999999987,21,92.478761,396.05,400.6667,407.3417,426.2417,394.4583
2025-11-24 22:00:00,396.05,395,120,0.0,4.32,98.004348,0.0,0.7600000000000142,2.800000000000007,3.560000000000007,4.32,396.05,395,1.8297000000000025,5.775000000000034,22,98.004348,397.661,403.1092,409.5417,426.85,372.8833
2025-11-24 23:00:00,397.661,339,118,0.0,3.05,99.535714,0.0,0.0,2.290000000000007,3.560000000000007,3.05,397.661,339,1.61099999999999,5.838000000000022,23,99.535714,400.6667,405.4167,412.225,425.9833,360.4083
2025-11-25 00:00:00,400.6667,399,120,0.0,2.54,99.994828,0.0,0.0,1.7800000000000071,3.560000000000007,2.54,400.6667,399,3.0056999999999903,6.446399999999983,0,99.994828,403.1092,407.3417,417.8151,420.275,355.0
2025-11-25 01:00:00,403.1092,402,119,0.0,2.54,100.0,0.0,0.0,0.7600000000000071,3.560000000000007,2.54,403.1092,402,2.4424999999999955,7.059199999999976,1,100.0,405.4167,409.5417,421.65,406.0333,353.0
2025-11-25 02:00:00,405.4167,404,120,0.0,2.54,100.0,0.0,0.0,0.0,3.560000000000007,2.54,405.4167,404,2.3075000000000045,7.75569999999999,2,100.0,407.3417,412.225,424.4667,395.35,353.0
2025-11-25 03:00:00,407.3417,406,120,0.0,2.54,100.0,0.0,0.0,0.0,3.310000000000007,2.54,407.3417,406,1.9250000000000114,6.675000000000011,3,100.0,409.5417,417.8151,426.2417,399.7167,354.7917
2025-11-25 04:00:00,409.5417,408,120,0.0,2.54,100.0,0.0,0.0,0.0,2.800000000000007,2.54,409.5417,408,2.1999999999999886,6.4325000000000045,4,100.0,412.225,421.65,426.85,405.9583,368.6333
2025-11-25 05:00:00,412.225,410,120,0.0,2.54,98.676522,0.0,0.0,0.0,2.290000000000007,2.54,412.225,410,2.683300000000031,6.808300000000031,5,98.676522,417.8151,424.4667,425.9833,411.7333,380.3
2025-11-25 06:00:00,417.8151,414,119,0.0,2.54,81.13362,0.0,0.0,0.0,1.7800000000000071,2.54,417.8151,414,5.59009999999995,10.47339999999997,6,81.13362,421.65,426.2417,420.275,418.1092,389.3613
2025-11-25 07:00:00,421.65,420,120,0.0,2.54,70.095652,0.0,0.0,0.0,0.7600000000000071,2.54,421.65,420,3.8349000000000046,12.108299999999986,7,70.095652,424.4667,426.85,406.0333,401.7417,398.15
2025-11-25 08:00:00,424.4667,423,120,0.0,2.54,56.884348,0.0,0.0,0.0,0.0,2.54,424.4667,423,2.8167000000000257,12.24169999999998,8,56.884348,426.2417,425.9833,395.35,406.5833,406.95
2025-11-25 09:00:00,426.2417,425,120,0.0,2.54,60.584483,0.0,0.0,0.0,0.0,2.54,426.2417,425,1.7749999999999773,8.426600000000008,9,60.584483,426.85,420.275,399.7167,394.4583,415.1333
2025-11-25 10:00:00,426.85,426,120,0.0,2.54,54.803478,0.0,0.0,0.0,0.0,2.54,426.85,426,0.6083000000000425,5.2000000000000455,10,54.803478,425.9833,406.0333,405.9583,372.8833,422.7
2025-11-25 11:00:00,425.9833,425,120,0.0,2.54,68.23772,0.0,0.0,0.0,0.0,2.54,425.9833,425,-0.8667000000000371,1.5165999999999826,11,68.23772,420.275,395.35,411.7333,360.4083,428.2833
2025-11-25 12:00:00,420.275,412,120,0.0,2.54,70.333334,0.0,0.0,0.0,0.0,2.54,420.275,412,-5.708300000000008,-5.966700000000003,12,70.333334,406.0333,399.7167,418.1092,355.0,430.9
2025-11-25 13:00:00,406.0333,400,120,0.0,2.54,66.950862,0.0,0.0,0.0,0.0,2.54,406.0333,400,-14.24169999999998,-20.816700000000026,13,66.950862,395.35,405.9583,401.7417,353.0,440.1667
2025-11-25 14:00:00,395.35,391,120,0.0,2.54,64.775653,0.0,0.0,0.0,0.0,2.54,395.35,391,-10.683299999999974,-30.633299999999963,14,64.775653,399.7167,411.7333,406.5833,353.0,440.45
2025-11-25 15:00:00,399.7167,395,120,0.0,2.54,66.44386,0.0,0.0,0.0,0.0,2.54,399.7167,395,4.36669999999998,-20.558299999999974,15,66.44386,405.9583,418.1092,394.4583,354.7917,409.2917
2025-11-25 16:00:00,405.9583,401,120,0.0,2.29,71.450862,0.0,0.0,0.0,0.0,2.29,405.9583,401,6.241600000000005,-0.07499999999998863,16,71.450862,411.7333,401.7417,372.8833,368.6333,354.9083
2025-11-25 17:00:00,411.7333,304,120,0.0,1.78,74.998246,0.0,0.0,0.0,0.0,1.78,411.7333,304,5.774999999999977,16.383299999999963,17,74.998246,418.1092,406.5833,360.4083,380.3,332.8833
2025-11-25 18:00:00,418.1092,414,119,4.57,5.59,98.174783,4.57,4.5700000000000145,4.570000000000007,4.570000000000007,5.59,418.1092,414,6.3759000000000015,18.392499999999984,18,98.174783,401.7417,394.4583,355.0,389.3613,305.2833
2025-11-25 19:00:00,401.7417,222,120,4.57,5.59,100.0,4.57,9.140000000000015,9.140000000000008,9.140000000000008,5.59,401.7417,222,-16.367500000000007,-4.216600000000028,19,100.0,406.5833,372.8833,353.0,398.15,329.0083
2025-11-25 20:00:00,406.5833,314,120,0.0,4.57,99.904386,0.0,9.140000000000015,9.140000000000008,9.140000000000008,4.57,406.5833,314,4.841600000000028,-5.149999999999977,20,99.904386,394.4583,360.4083,353.0,406.95,337.85
2025-11-25 21:00:00,394.4583,383,120,0.0,4.57,100.0,0.0,4.5700000000000145,9.140000000000008,9.140000000000008,4.57,394.4583,383,-12.125,-23.65089999999998,21,100.0,372.8833,355.0,354.7917,415.1333,339.8
2025-11-25 22:00:00,372.8833,365,120,0.0,4.57,100.0,0.0,0.0,9.140000000000008,9.140000000000008,4.57,372.8833,365,-21.57499999999999,-28.85839999999996,22,100.0,360.4083,353.0,368.6333,422.7,349.3167
2025-11-25 23:00:00,360.4083,357,120,0.0,4.57,100.0,0.0,0.0,9.140000000000008,9.140000000000008,4.57,360.4083,357,-12.475000000000023,-46.17500000000001,23,100.0,355.0,353.0,380.3,428.2833,356.7667
2025-11-26 00:00:00,355.0,348,120,0.0,4.57,99.944348,0.0,0.0,4.570000000000007,9.140000000000008,4.57,355.0,348,-5.408299999999997,-39.45830000000001,0,99.944348,353.0,354.7917,389.3613,430.9,362.9167
2025-11-26 01:00:00,353.0,352,120,0.0,4.57,99.812069,0.0,0.0,0.0,9.140000000000008,4.57,353.0,352,-2.0,-19.88330000000002,1,99.812069,353.0,368.6333,398.15,440.1667,367.7333
2025-11-26 02:00:00,353.0,353,120,0.0,4.57,99.955172,0.0,0.0,0.0,9.140000000000008,4.57,353.0,353,0.0,-7.408299999999997,2,99.955172,354.7917,380.3,406.95,440.45,372.175
2025-11-26 03:00:00,354.7917,353,120,0.0,4.57,99.505217,0.0,0.0,0.0,9.140000000000008,4.57,354.7917,353,1.7916999999999916,-0.20830000000000837,3,99.505217,368.6333,389.3613,415.1333,409.2917,375.975
2025-11-26 04:00:00,368.6333,361,120,0.0,4.57,99.974138,0.0,0.0,0.0,9.140000000000008,4.57,368.6333,361,13.841600000000028,15.63330000000002,4,99.974138,380.3,398.15,422.7,354.9083,378.0
2025-11-26 05:00:00,380.3,375,120,0.0,4.57,97.562609,0.0,0.0,0.0,9.140000000000008,4.57,380.3,375,11.666699999999992,27.30000000000001,5,97.562609,389.3613,406.95,428.2833,332.8833,381.9417
2025-11-26 06:00:00,389.3613,385,119,0.0,4.57,86.047826,0.0,0.0,0.0,4.570000000000007,4.57,389.3613,385,9.061300000000017,34.56960000000004,6,86.047826,398.15,415.1333,430.9,305.2833,388.084
2025-11-26 07:00:00,398.15,394,120,0.0,4.57,78.272173,0.0,0.0,0.0,0.0,4.57,398.15,394,8.788699999999949,29.516699999999958,7,78.272173,406.95,422.7,440.1667,329.0083,392.2667
2025-11-26 08:00:00,406.95,402,120,0.0,4.57,74.186956,0.0,0.0,0.0,0.0,4.57,406.95,402,8.800000000000011,26.649999999999977,8,74.186956,415.1333,428.2833,440.45,337.85,395.6833
2025-11-26 09:00:00,415.1333,412,120,0.0,4.57,75.315517,0.0,0.0,0.0,0.0,4.57,415.1333,412,8.183300000000031,25.77199999999999,9,75.315517,422.7,430.9,409.2917,339.8,399.7417
2025-11-26 10:00:00,422.7,419,120,0.0,4.57,65.004348,0.0,0.0,0.0,0.0,4.57,422.7,419,7.566699999999969,24.55000000000001,10,65.004348,428.2833,440.1667,354.9083,349.3167,402.8167
2025-11-26 11:00:00,428.2833,425,120,0.0,4.57,58.216522,0.0,0.0,0.0,0.0,4.57,428.2833,425,5.583300000000008,21.33330000000001,11,58.216522,430.9,440.45,332.8833,356.7667,404.3917
2025-11-26 12:00:00,430.9,424,120,0.0,4.57,54.303478,0.0,0.0,0.0,0.0,4.57,430.9,424,2.6166999999999803,15.766699999999958,12,54.303478,440.1667,409.2917,305.2833,362.9167,391.6417
2025-11-26 13:00:00,440.1667,435,120,0.0,4.57,57.370175,0.0,0.0,0.0,0.0,4.57,440.1667,435,9.266700000000014,17.466700000000003,13,57.370175,440.45,354.9083,329.0083,367.7333,380.3833
2025-11-26 14:00:00,440.45,436,120,0.0,4.57,61.919828,0.0,0.0,0.0,0.0,4.57,440.45,436,0.283299999999997,12.166699999999992,14,61.919828,409.2917,332.8833,337.85,372.175,386.325
2025-11-26 15:00:00,409.2917,261,120,28.96,33.78,94.992174,28.96,28.960000000000015,28.960000000000008,28.960000000000008,33.78,409.2917,261,-31.158299999999997,-21.608299999999986,15,94.992174,354.9083,305.2833,339.8,375.975,394.4083
2025-11-26 16:00:00,354.9083,344,120,28.96,33.78,100.0,28.96,57.920000000000016,57.92000000000001,57.92000000000001,33.78,354.9083,344,-54.383399999999995,-85.2584,16,100.0,332.8833,329.0083,349.3167,378.0,398.7417
2025-11-26 17:00:00,332.8833,218,120,0.0,33.78,100.0,0.0,57.920000000000016,57.92000000000001,57.92000000000001,33.78,332.8833,218,-22.024999999999977,-107.56669999999997,17,100.0,305.2833,337.85,356.7667,381.9417,400.4667
2025-11-26 18:00:00,305.2833,172,120,0.0,33.53,99.959131,0.0,28.960000000000015,57.92000000000001,57.92000000000001,33.53,305.2833,172,-27.600000000000023,-104.0084,18,99.959131,329.0083,339.8,362.9167,388.084,403.1
2025-11-26 19:00:00,329.0083,202,120,0.0,28.96,96.408696,0.0,0.0,57.92000000000001,57.92000000000001,28.96,329.0083,202,23.725000000000023,-25.899999999999977,19,96.408696,337.85,349.3167,367.7333,392.2667,404.1417
2025-11-26 20:00:00,337.85,214,120,0.0,28.96,94.108696,0.0,0.0,57.92000000000001,57.92000000000001,28.96,337.85,214,8.841700000000003,4.966700000000003,20,94.108696,339.8,356.7667,372.175,395.6833,408.2583
2025-11-26 21:00:00,339.8,210,120,0.0,28.96,97.878261,0.0,0.0,28.960000000000008,57.92000000000001,28.96,339.8,210,1.9499999999999886,34.516700000000014,21,97.878261,349.3167,362.9167,375.975,399.7417,411.6833
2025-11-26 22:00:00,349.3167,173,120,0.0,28.96,91.461062,0.0,0.0,0.0,57.92000000000001,28.96,349.3167,173,9.516700000000014,20.308400000000006,22,91.461062,356.7667,367.7333,378.0,402.8167,415.2583
2025-11-26 23:00:00,356.7667,270,120,0.0,28.96,94.080172,0.0,0.0,0.0,57.92000000000001,28.96,356.7667,270,7.449999999999989,18.91669999999999,23,94.080172,362.9167,372.175,381.9417,404.3917,418.975
2025-11-27 00:00:00,362.9167,329,120,0.0,28.96,93.215652,0.0,0.0,0.0,57.92000000000001,28.96,362.9167,329,6.149999999999977,23.11669999999998,0,93.215652,367.7333,375.975,388.084,391.6417,421.7667
2025-11-27 01:00:00,367.7333,318,120,0.0,28.96,91.349565,0.0,0.0,0.0,57.92000000000001,28.96,367.7333,318,4.816599999999994,18.41659999999996,1,91.349565,372.175,378.0,392.2667,380.3833,426.775
2025-11-27 02:00:00,372.175,361,120,0.0,28.96,95.531897,0.0,0.0,0.0,57.92000000000001,28.96,372.175,361,4.441700000000026,15.408299999999997,2,95.531897,375.975,381.9417,395.6833,386.325,430.2917
2025-11-27 03:00:00,375.975,374,120,0.0,28.96,98.450862,0.0,0.0,0.0,28.960000000000008,28.96,375.975,374,3.8000000000000114,13.058300000000031,3,98.450862,378.0,388.084,399.7417,394.4083,432.35
2025-11-27 04:00:00,378.0,214,120,0.0,28.96,99.755653,0.0,0.0,0.0,0.0,28.96,378.0,214,2.0249999999999773,10.266700000000014,4,99.755653,381.9417,392.2667,402.8167,398.7417,434.3583
2025-11-27 05:00:00,381.9417,381,120,0.0,28.96,96.343966,0.0,0.0,0.0,0.0,28.96,381.9417,381,3.9417000000000257,9.766700000000014,5,96.343966,388.084,395.6833,404.3917,400.4667,438.875
2025-11-27 06:00:00,388.084,382,119,0.0,28.96,84.140351,0.0,0.0,0.0,0.0,28.96,388.084,382,6.1422999999999774,12.10899999999998,6,84.140351,392.2667,399.7417,391.6417,403.1,437.2689
2025-11-27 07:00:00,392.2667,390,120,0.0,28.96,78.131305,0.0,0.0,0.0,0.0,28.96,392.2667,390,4.182700000000011,14.266700000000014,7,78.131305,395.6833,402.8167,380.3833,404.1417,446.5917
2025-11-27 08:00:00,395.6833,393,120,0.0,28.96,75.110345,0.0,0.0,0.0,0.0,28.96,395.6833,393,3.41659999999996,13.741599999999949,8,75.110345,399.7417,404.3917,386.325,408.2583,451.9167
2025-11-27 09:00:00,399.7417,398,120,0.0,28.96,71.257895,0.0,0.0,0.0,0.0,28.96,399.7417,398,4.058400000000006,11.657699999999977,9,71.257895,402.8167,391.6417,394.4083,411.6833,459.05
2025-11-27 10:00:00,402.8167,401,120,0.0,28.96,69.246552,0.0,0.0,0.0,0.0,28.96,402.8167,401,3.0750000000000455,10.550000000000011,10,69.246552,404.3917,380.3833,398.7417,415.2583,453.9083
2025-11-27 11:00:00,404.3917,400,120,0.0,28.96,72.194737,0.0,0.0,0.0,0.0,28.96,404.3917,400,1.5749999999999886,8.70840000000004,11,72.194737,391.6417,386.325,400.4667,418.975,443.8833
2025-11-27 12:00:00,391.6417,385,120,0.0,28.96,73.818261,0.0,0.0,0.0,0.0,28.96,391.6417,385,-12.75,-8.099999999999966,12,73.818261,380.3833,394.4083,403.1,421.7667,450.5917
2025-11-27 13:00:00,380.3833,377,120,0.0,28.96,74.687931,0.0,0.0,0.0,0.0,28.96,380.3833,377,-11.258399999999995,-22.433400000000006,13,74.687931,386.325,398.7417,404.1417,426.775,436.8833
2025-11-27 14:00:00,386.325,380,120,0.0,28.96,70.935088,0.0,0.0,0.0,0.0,28.96,386.325,380,5.941699999999969,-18.066700000000026,14,70.935088,394.4083,400.4667,408.2583,430.2917,422.0917
2025-11-27 15:00:00,394.4083,391,120,0.0,28.96,65.706087,0.0,0.0,0.0,0.0,28.96,394.4083,391,8.083300000000008,2.7665999999999826,15,65.706087,398.7417,403.1,411.6833,432.35,415.6667
2025-11-27 16:00:00,398.7417,397,120,0.0,0.0,69.147826,0.0,0.0,0.0,0.0,0.0,398.7417,397,4.333399999999983,18.35839999999996,16,69.147826,400.4667,404.1417,415.2583,434.3583,424.275
2025-11-27 17:00:00,400.4667,372,120,0.0,0.0,78.22,0.0,0.0,0.0,0.0,0.0,400.4667,372,1.7250000000000227,14.141700000000014,17,78.22,403.1,408.2583,418.975,438.875,431.0917
2025-11-27 18:00:00,403.1,379,120,0.0,0.0,82.72,0.0,0.0,0.0,0.0,0.0,403.1,379,2.6333000000000197,8.691700000000026,18,82.72,404.1417,411.6833,421.7667,437.2689,439.7034
2025-11-27 19:00:00,404.1417,301,120,0.0,0.0,80.713274,0.0,0.0,0.0,0.0,0.0,404.1417,301,1.0416999999999916,5.400000000000034,19,80.713274,408.2583,415.2583,426.775,446.5917,440.9076
2025-11-27 20:00:00,408.2583,406,120,0.25,0.25,79.979825,0.25,0.2500000000000142,0.2500000000000071,0.2500000000000071,0.25,408.2583,406,4.116600000000005,7.791600000000017,20,79.979825,411.6833,418.975,430.2917,451.9167,444.775
2025-11-27 21:00:00,411.6833,365,120,0.25,0.25,84.357895,0.25,0.5000000000000142,0.5000000000000071,0.5000000000000071,0.25,411.6833,365,3.4249999999999545,8.583299999999952,21,84.357895,415.2583,421.7667,432.35,459.05,451.1833
2025-11-27 22:00:00,415.2583,414,120,0.0,0.25,88.461739,0.0,0.5000000000000142,0.5000000000000071,0.5000000000000071,0.25,415.2583,414,3.5750000000000455,11.116600000000005,22,88.461739,418.975,426.775,434.3583,453.9083,437.95
2025-11-27 23:00:00,418.975,417,120,0.0,0.25,89.600869,0.0,0.2500000000000142,0.5000000000000071,0.5000000000000071,0.25,418.975,417,3.716700000000003,10.716700000000003,23,89.600869,421.7667,430.2917,438.875,443.8833,409.5083
2025-11-28 00:00:00,421.7667,290,120,0.0,0.25,91.043478,0.0,0.0,0.5000000000000071,0.5000000000000071,0.25,421.7667,290,2.7916999999999916,10.08340000000004,0,91.043478,426.775,432.35,437.2689,450.5917,398.7167
2025-11-28 01:00:00,426.775,425,120,0.0,0.25,92.276724,0.0,0.0,0.5000000000000071,0.5000000000000071,0.25,426.775,425,5.008299999999963,11.516699999999958,1,92.276724,430.2917,434.3583,446.5917,436.8833,388.9333
2025-11-28 02:00:00,430.2917,428,120,0.0,0.25,91.256522,0.0,0.0,0.2500000000000071,0.5000000000000071,0.25,430.2917,428,3.5167000000000144,11.316699999999969,2,91.256522,432.35,438.875,451.9167,422.0917,400.375
2025-11-28 03:00:00,432.35,399,120,0.0,0.25,91.410345,0.0,0.0,0.0,0.5000000000000071,0.25,432.35,399,2.058300000000031,10.583300000000008,3,91.410345,434.3583,437.2689,459.05,415.6667,413.0
2025-11-28 04:00:00,434.3583,434,120,0.0,0.25,89.95431,0.0,0.0,0.0,0.5000000000000071,0.25,434.3583,434,2.008299999999963,7.583300000000008,4,89.95431,438.875,446.5917,453.9083,424.275,424.875
2025-11-28 05:00:00,438.875,436,120,0.0,0.25,87.433913,0.0,0.0,0.0,0.5000000000000071,0.25,438.875,436,4.516700000000014,8.583300000000008,5,87.433913,437.2689,451.9167,443.8833,431.0917,437.2437
2025-11-28 06:00:00,437.2689,433,119,0.0,0.25,78.071552,0.0,0.0,0.0,0.5000000000000071,0.25,437.2689,433,-1.6061000000000263,4.918899999999951,6,78.071552,446.5917,459.05,450.5917,439.7034,449.5167
2025-11-28 07:00:00,446.5917,442,120,0.0,0.25,65.816667,0.0,0.0,0.0,0.5000000000000071,0.25,446.5917,442,9.32280000000003,12.233400000000017,7,65.816667,451.9167,453.9083,436.8833,440.9076,457.9583
2025-11-28 08:00:00,451.9167,448,120,0.0,0.25,68.430172,0.0,0.0,0.0,0.2500000000000071,0.25,451.9167,448,5.324999999999989,13.041699999999992,8,68.430172,459.05,443.8833,422.0917,444.775,444.4
2025-11-28 09:00:00,459.05,456,120,0.0,0.25,69.398245,0.0,0.0,0.0,0.0,0.25,459.05,456,7.13330000000002,21.781100000000038,9,69.398245,453.9083,450.5917,415.6667,451.1833,430.0917
2025-11-28 10:00:00,453.9083,444,120,0.0,0.25,69.685088,0.0,0.0,0.0,0.0,0.25,453.9083,444,-5.141700000000014,7.316599999999994,10,69.685088,443.8833,436.8833,424.275,437.95,416.45
2025-11-28 11:00:00,443.8833,439,120,0.0,0.25,68.149565,0.0,0.0,0.0,0.0,0.25,443.8833,439,-10.024999999999977,-8.033399999999972,11,68.149565,450.5917,422.0917,431.0917,409.5083,403.625
2025-11-28 12:00:00,450.5917,445,120,0.0,0.25,66.924347,0.0,0.0,0.0,0.0,0.25,450.5917,445,6.708399999999983,-8.458300000000008,12,66.924347,436.8833,415.6667,439.7034,398.7167,394.1833
2025-11-28 13:00:00,436.8833,429,120,0.0,0.25,68.194783,0.0,0.0,0.0,0.0,0.25,436.8833,429,-13.708399999999983,-17.024999999999977,13,68.194783,422.0917,424.275,440.9076,388.9333,402.475
2025-11-28 14:00:00,422.0917,415,120,0.0,0.25,66.453043,0.0,0.0,0.0,0.0,0.25,422.0917,415,-14.791600000000017,-21.791600000000017,14,66.453043,415.6667,431.0917,444.775,400.375,412.075
2025-11-28 15:00:00,415.6667,412,120,0.0,0.25,71.284348,0.0,0.0,0.0,0.0,0.25,415.6667,412,-6.425000000000011,-34.92500000000001,15,71.284348,424.275,439.7034,451.1833,413.0,420.1333
2025-11-28 16:00:00,424.275,420,120,0.0,0.25,74.526087,0.0,0.0,0.0,0.0,0.25,424.275,420,8.608299999999986,-12.608300000000042,16,74.526087,431.0917,440.9076,437.95,424.875,414.05
2025-11-28 17:00:00,431.0917,376,120,0.0,0.25,76.022608,0.0,0.0,0.0,0.0,0.25,431.0917,376,6.816700000000026,9.0,17,76.022608,439.7034,444.775,409.5083,437.2437,404.075
2025-11-28 18:00:00,439.7034,436,118,0.0,0.25,76.64386,0.0,0.0,0.0,0.0,0.25,439.7034,436,8.611699999999985,24.036699999999996,18,76.64386,440.9076,451.1833,398.7167,449.5167,419.775
2025-11-28 19:00:00,440.9076,435,119,0.0,0.25,77.092105,0.0,0.0,0.0,0.0,0.25,440.9076,435,1.2042000000000144,16.632600000000025,19,77.092105,444.775,437.95,388.9333,457.9583,370.5042
2025-11-28 20:00:00,444.775,439,120,0.0,0.25,77.583186,0.0,0.0,0.0,0.0,0.25,444.775,439,3.867399999999975,13.683299999999974,20,77.583186,451.1833,409.5083,400.375,444.4,358.0
2025-11-28 21:00:00,451.1833,336,120,0.0,0.0,78.435965,0.0,0.0,0.0,0.0,0.0,451.1833,336,6.408299999999997,11.479899999999986,21,78.435965,437.95,398.7167,413.0,430.0917,358.0
2025-11-28 22:00:00,437.95,430,120,0.0,0.0,80.462931,0.0,0.0,0.0,0.0,0.0,437.95,430,-13.233299999999986,-2.9576000000000136,22,80.462931,409.5083,388.9333,424.875,416.45,358.0
2025-11-29 00:00:00,409.5083,404,120,0.0,0.0,84.41579,0.0,0.0,0.0,0.0,0.0,409.5083,404,-28.44169999999997,-35.26669999999996,0,84.41579,398.7167,400.375,437.2437,403.625,401.375
2025-11-29 01:00:00,398.7167,394,120,0.0,0.0,82.933913,0.0,0.0,0.0,0.0,0.0,398.7167,394,-10.791600000000017,-52.46659999999997,1,82.933913,388.9333,413.0,449.5167,394.1833,412.0167
2025-11-29 02:00:00,388.9333,216,120,0.0,0.0,83.056522,0.0,0.0,0.0,0.0,0.0,388.9333,216,-9.783400000000029,-49.016700000000014,2,83.056522,400.375,424.875,457.9583,402.475,406.05
2025-11-29 03:00:00,400.375,393,120,0.0,0.0,87.411207,0.0,0.0,0.0,0.0,0.0,400.375,393,11.441700000000026,-9.13330000000002,3,87.411207,413.0,437.2437,444.4,412.075,403.2667
2025-11-29 04:00:00,413.0,407,120,0.0,0.0,86.958261,0.0,0.0,0.0,0.0,0.0,413.0,407,12.625,14.283299999999997,4,86.958261,424.875,449.5167,430.0917,420.1333,397.4667
2025-11-29 05:00:00,424.875,419,120,0.0,0.0,85.989655,0.0,0.0,0.0,0.0,0.0,424.875,419,11.875,35.941700000000026,5,85.989655,437.2437,457.9583,416.45,414.05,394.375
2025-11-29 06:00:00,437.2437,431,119,0.0,0.0,83.030435,0.0,0.0,0.0,0.0,0.0,437.2437,431,12.36869999999999,36.86869999999999,6,83.030435,449.5167,444.4,403.625,404.075,392.916
2025-11-29 07:00:00,449.5167,443,120,0.0,0.0,71.362609,0.0,0.0,0.0,0.0,0.0,449.5167,443,12.273000000000025,36.516700000000014,7,71.362609,457.9583,430.0917,394.1833,419.775,393.0
2025-11-29 08:00:00,457.9583,453,120,0.0,0.0,66.068696,0.0,0.0,0.0,0.0,0.0,457.9583,453,8.441599999999994,33.08330000000001,8,66.068696,444.4,416.45,402.475,370.5042,393.0
2025-11-29 09:00:00,444.4,437,120,0.0,0.0,71.793043,0.0,0.0,0.0,0.0,0.0,444.4,437,-13.558300000000031,7.1562999999999874,9,71.793043,430.0917,403.625,412.075,358.0,393.0
2025-11-29 10:00:00,430.0917,423,120,0.0,0.0,68.429565,0.0,0.0,0.0,0.0,0.0,430.0917,423,-14.308299999999974,-19.42500000000001,10,68.429565,416.45,394.1833,420.1333,358.0,393.0
2025-11-29 11:00:00,416.45,410,120,0.0,0.0,65.606087,0.0,0.0,0.0,0.0,0.0,416.45,410,-13.641700000000014,-41.50830000000002,11,65.606087,403.625,402.475,414.05,358.0,393.0
2025-11-29 12:00:00,403.625,398,120,0.25,0.25,66.993043,0.25,0.2500000000000142,0.2500000000000071,0.2500000000000071,0.25,403.625,398,-12.824999999999989,-40.77499999999998,12,66.993043,394.1833,412.075,404.075,401.375,393.0
2025-11-29 13:00:00,394.1833,391,120,3.81,3.81,92.41913,3.81,4.060000000000015,4.060000000000008,4.060000000000008,3.81,394.1833,391,-9.441700000000026,-35.90840000000003,13,92.41913,402.475,420.1333,419.775,412.0167,393.0
2025-11-29 14:00:00,402.475,397,120,3.56,3.81,92.153913,3.56,7.620000000000014,7.620000000000007,7.620000000000007,3.81,402.475,397,8.291700000000048,-13.974999999999966,14,92.153913,412.075,414.05,370.5042,406.05,393.0
2025-11-29 15:00:00,412.075,408,120,1.02,5.08,95.797391,1.02,8.390000000000015,8.640000000000008,8.640000000000008,5.08,412.075,408,9.599999999999966,8.449999999999989,15,95.797391,420.1333,404.075,358.0,403.2667,393.0
2025-11-29 16:00:00,420.1333,416,120,1.02,5.08,92.866957,1.02,5.600000000000014,9.660000000000007,9.660000000000007,5.08,420.1333,416,8.058300000000031,25.950000000000045,16,92.866957,414.05,419.775,358.0,397.4667,393.0
2025-11-29 17:00:00,414.05,251,120,0.0,5.08,94.370435,0.0,2.0400000000000142,9.660000000000007,9.660000000000007,5.08,414.05,251,-6.083300000000008,11.574999999999989,17,94.370435,404.075,370.5042,358.0,394.375,393.0
2025-11-29 18:00:00,404.075,242,120,0.0,5.08,95.485218,0.0,1.0200000000000142,9.410000000000007,9.660000000000007,5.08,404.075,242,-9.975000000000023,-8.0,18,95.485218,419.775,358.0,401.375,392.916,393.0
2025-11-29 19:00:00,419.775,257,120,0.0,5.08,94.171053,0.0,0.0,5.600000000000007,9.660000000000007,5.08,419.775,257,15.699999999999989,-0.3583000000000425,19,94.171053,370.5042,358.0,412.0167,393.0,393.0
2025-11-29 20:00:00,370.5042,295,119,0.0,5.08,94.732174,0.0,0.0,2.040000000000007,9.660000000000007,5.08,370.5042,295,-49.27079999999995,-43.545799999999986,20,94.732174,358.0,358.0,406.05,393.0,393.0
2025-11-29 21:00:00,358.0,358,120,0.0,5.08,92.066667,0.0,0.0,1.0200000000000071,9.660000000000007,5.08,358.0,358,-12.504200000000026,-46.07499999999999,21,92.066667,358.0,401.375,403.2667,393.0,393.0
2025-11-29 22:00:00,358.0,358,120,0.0,5.08,94.796522,0.0,0.0,0.0,9.660000000000007,5.08,358.0,358,0.0,-61.77499999999998,22,94.796522,358.0,412.0167,397.4667,393.0,393.0
2025-11-29 23:00:00,358.0,358,120,0.0,5.08,97.311207,0.0,0.0,0.0,9.660000000000007,5.08,358.0,358,0.0,-12.504200000000026,23,97.311207,401.375,406.05,394.375,393.0,393.0
2025-11-30 00:00:00,401.375,358,120,0.0,5.08,96.311304,0.0,0.0,0.0,9.410000000000007,5.08,401.375,358,43.375,43.375,0,96.311304,412.0167,403.2667,392.916,393.0,393.0
2025-11-30 01:00:00,412.0167,250,120,0.0,5.08,95.509483,0.0,0.0,0.0,5.600000000000007,5.08,412.0167,250,10.641700000000014,54.016700000000014,1,95.509483,406.05,397.4667,393.0,393.0,393.0
2025-11-30 02:00:00,406.05,282,120,0.0,5.08,95.228696,0.0,0.0,0.0,2.040000000000007,5.08,406.05,282,-5.966700000000003,48.05000000000001,2,95.228696,403.2667,394.375,393.0,393.0,393.0
2025-11-30 03:00:00,403.2667,295,120,0.0,5.08,94.336207,0.0,0.0,0.0,1.0200000000000071,5.08,403.2667,295,-2.783299999999997,1.8917000000000144,3,94.336207,397.4667,392.916,393.0,393.0,393.0
2025-11-30 04:00:00,397.4667,303,120,0.0,5.08,95.1,0.0,0.0,0.0,0.0,5.08,397.4667,303,-5.800000000000011,-14.550000000000011,4,95.1,394.375,393.0,393.0,393.0,393.0
2025-11-30 05:00:00,394.375,393,120,0.0,5.08,94.186087,0.0,0.0,0.0,0.0,5.08,394.375,393,-3.091700000000003,-11.675000000000011,5,94.186087,392.916,393.0,393.0,393.0,393.0
2025-11-30 06:00:00,392.916,392,119,0.0,5.08,78.850435,0.0,0.0,0.0,0.0,5.08,392.916,392,-1.4590000000000032,-10.350700000000018,6,78.850435,393.0,393.0,393.0,393.0,393.0
2025-11-30 07:00:00,393.0,393,120,0.0,5.08,71.023478,0.0,0.0,0.0,0.0,5.08,393.0,393,0.08400000000000318,-4.466700000000003,7,71.023478,393.0,393.0,393.0,393.0,393.0
2025-11-30 08:00:00,393.0,393,120,0.0,5.08,71.984348,0.0,0.0,0.0,0.0,5.08,393.0,393,0.0,-1.375,8,71.984348,393.0,393.0,393.0,393.0,393.0
2025-11-30 09:00:00,393.0,393,120,0.0,5.08,74.382609,0.0,0.0,0.0,0.0,5.08,393.0,393,0.0,0.08400000000000318,9,74.382609,393.0,393.0,393.0,393.0,393.0
2025-11-30 10:00:00,393.0,393,120,0.0,5.08,74.558261,0.0,0.0,0.0,0.0,5.08,393.0,393,0.0,0.0,10,74.558261,393.0,393.0,393.0,393.0,394.9167
2025-11-30 11:00:00,393.0,393,120,0.0,5.08,74.971304,0.0,0.0,0.0,0.0,5.08,393.0,393,0.0,0.0,11,74.971304,393.0,393.0,393.0,393.0,398.6
2025-11-30 12:00:00,393.0,393,120,0.0,5.08,69.748246,0.0,0.0,0.0,0.0,5.08,393.0,393,0.0,0.0,12,69.748246,393.0,393.0,393.0,393.0,388.4917
2025-11-30 13:00:00,393.0,393,120,0.0,4.57,71.265218,0.0,0.0,0.0,0.0,4.57,393.0,393,0.0,0.0,13,71.265218,393.0,393.0,393.0,393.0,378.8167
2025-11-30 14:00:00,393.0,393,120,0.0,1.02,72.047826,0.0,0.0,0.0,0.0,1.02,393.0,393,0.0,0.0,14,72.047826,393.0,393.0,393.0,393.0,373.0083
2025-11-30 15:00:00,393.0,393,120,0.0,1.02,71.543478,0.0,0.0,0.0,0.0,1.02,393.0,393,0.0,0.0,15,71.543478,393.0,393.0,393.0,393.0,368.9583
2025-11-30 16:00:00,393.0,393,120,0.0,0.0,79.595652,0.0,0.0,0.0,0.0,0.0,393.0,393,0.0,0.0,16,79.595652,393.0,393.0,393.0,393.0,365.7667
2025-11-30 17:00:00,393.0,393,120,0.0,0.0,83.10087,0.0,0.0,0.0,0.0,0.0,393.0,393,0.0,0.0,17,83.10087,393.0,393.0,393.0,393.0,350.1667
2025-11-30 18:00:00,393.0,393,120,0.0,0.0,84.617699,0.0,0.0,0.0,0.0,0.0,393.0,393,0.0,0.0,18,84.617699,393.0,393.0,393.0,393.0,327.2833
2025-11-30 19:00:00,393.0,393,120,0.0,0.0,83.615652,0.0,0.0,0.0,0.0,0.0,393.0,393,0.0,0.0,19,83.615652,393.0,393.0,393.0,393.0,373.6333
2025-11-30 20:00:00,393.0,393,120,0.0,0.0,83.142105,0.0,0.0,0.0,0.0,0.0,393.0,393,0.0,0.0,20,83.142105,393.0,393.0,393.0,393.0,386.8083
2025-11-30 21:00:00,393.0,393,120,0.0,0.0,81.086956,0.0,0.0,0.0,0.0,0.0,393.0,393,0.0,0.0,21,81.086956,393.0,393.0,393.0,393.0,390.9583
2025-11-30 22:00:00,393.0,393,120,0.0,0.0,82.185965,0.0,0.0,0.0,0.0,0.0,393.0,393,0.0,0.0,22,82.185965,393.0,393.0,393.0,394.9167,398.4917
2025-11-30 23:00:00,393.0,393,120,0.0,0.0,84.481739,0.0,0.0,0.0,0.0,0.0,393.0,393,0.0,0.0,23,84.481739,393.0,393.0,393.0,398.6,399.5083
2025-12-01 00:00:00,393.0,393,106,0.0,0.0,86.803921,0.0,0.0,0.0,0.0,0.0,393.0,393,0.0,0.0,0,86.803921,393.0,393.0,393.0,388.4917,383.7227
2025-12-01 01:00:00,393.0,393,120,0.0,0.0,90.937391,0.0,0.0,0.0,0.0,0.0,393.0,393,0.0,0.0,1,90.937391,393.0,393.0,393.0,378.8167,372.4
2025-12-01 02:00:00,393.0,393,120,0.0,0.0,92.594828,0.0,0.0,0.0,0.0,0.0,393.0,393,0.0,0.0,2,92.594828,393.0,393.0,393.0,373.0083,365.675
2025-12-01 03:00:00,393.0,393,120,0.0,0.0,93.102632,0.0,0.0,0.0,0.0,0.0,393.0,393,0.0,0.0,3,93.102632,393.0,393.0,393.0,368.9583,361.65
2025-12-01 04:00:00,393.0,393,120,0.0,0.0,93.082759,0.0,0.0,0.0,0.0,0.0,393.0,393,0.0,0.0,4,93.082759,393.0,393.0,394.9167,365.7667,359.575
2025-12-01 05:00:00,393.0,393,120,0.25,0.25,89.957392,0.25,0.2500000000000142,0.2500000000000071,0.2500000000000071,0.25,393.0,393,0.0,0.0,5,89.957392,393.0,393.0,398.6,350.1667,359.0
2025-12-01 06:00:00,393.0,393,120,0.25,0.25,72.889655,0.25,0.5000000000000142,0.5000000000000071,0.5000000000000071,0.25,393.0,393,0.0,0.0,6,72.889655,393.0,393.0,388.4917,327.2833,364.4
2025-12-01 07:00:00,393.0,393,120,0.0,0.25,62.586087,0.0,0.5000000000000142,0.5000000000000071,0.5000000000000071,0.25,393.0,393,0.0,0.0,7,62.586087,393.0,394.9167,378.8167,373.6333,381.9
2025-12-01 08:00:00,393.0,393,120,0.0,0.25,53.991305,0.0,0.2500000000000142,0.5000000000000071,0.5000000000000071,0.25,393.0,393,0.0,0.0,8,53.991305,393.0,398.6,373.0083,386.8083,394.925
2025-12-01 09:00:00,393.0,393,120,0.0,0.25,61.986207,0.0,0.0,0.5000000000000071,0.5000000000000071,0.25,393.0,393,0.0,0.0,9,61.986207,394.9167,388.4917,368.9583,390.9583,403.7167
2025-12-01 10:00:00,394.9167,393,120,0.0,0.25,63.684348,0.0,0.0,0.5000000000000071,0.5000000000000071,0.25,394.9167,393,1.9166999999999916,1.9166999999999916,10,63.684348,398.6,378.8167,365.7667,398.4917,411.125
2025-12-01 11:00:00,398.6,393,120,0.0,0.25,62.410345,0.0,0.0,0.2500000000000071,0.5000000000000071,0.25,398.6,393,3.683300000000031,5.600000000000023,11,62.410345,388.4917,373.0083,350.1667,399.5083,417.65
2025-12-01 12:00:00,388.4917,383,120,0.0,0.25,54.412174,0.0,0.0,0.0,0.5000000000000071,0.25,388.4917,383,-10.108300000000042,-4.50830000000002,12,54.412174,378.8167,368.9583,327.2833,383.7227,423.925
2025-12-01 13:00:00,378.8167,376,120,0.0,0.25,60.311304,0.0,0.0,0.0,0.5000000000000071,0.25,378.8167,376,-9.674999999999955,-16.099999999999966,13,60.311304,373.0083,365.7667,373.6333,372.4,428.9917
2025-12-01 14:00:00,373.0083,370,120,0.0,0.25,67.320869,0.0,0.0,0.0,0.5000000000000071,0.25,373.0083,370,-5.808400000000006,-25.591700000000003,14,67.320869,368.9583,350.1667,386.8083,365.675,432.6471
2025-12-01 15:00:00,368.9583,367,120,0.0,0.25,62.570435,0.0,0.0,0.0,0.5000000000000071,0.25,368.9583,367,-4.050000000000011,-19.533399999999972,15,62.570435,365.7667,327.2833,390.9583,361.65,438.425
2025-12-01 16:00:00,365.7667,364,120,0.0,0.25,64.84569,0.0,0.0,0.0,0.5000000000000071,0.25,365.7667,364,-3.191599999999994,-13.050000000000011,16,64.84569,350.1667,373.6333,398.4917,359.575,445.1667
2025-12-01 17:00:00,350.1667,224,120,0.0,0.25,73.6,0.0,0.0,0.0,0.2500000000000071,0.25,350.1667,224,-15.600000000000023,-22.841600000000028,17,73.6,327.2833,386.8083,399.5083,359.0,431.45
2025-12-01 18:00:00,327.2833,179,120,0.0,0.25,78.849565,0.0,0.0,0.0,0.0,0.25,327.2833,179,-22.883399999999995,-41.67500000000001,18,78.849565,373.6333,390.9583,383.7227,364.4,420.8235
2025-12-01 19:00:00,373.6333,324,120,0.0,0.25,79.95,0.0,0.0,0.0,0.0,0.25,373.6333,324,46.35000000000002,7.866600000000005,19,79.95,386.8083,398.4917,372.4,381.9,427.6833
2025-12-01 20:00:00,386.8083,246,120,2.29,2.54,94.565789,2.29,2.2900000000000142,2.290000000000007,2.290000000000007,2.54,386.8083,246,13.174999999999955,36.64159999999998,20,94.565789,390.9583,399.5083,365.675,394.925,437.0667
2025-12-01 21:00:00,390.9583,185,120,2.29,2.54,99.796522,2.29,4.580000000000014,4.580000000000007,4.580000000000007,2.54,390.9583,185,4.150000000000034,63.67500000000001,21,99.796522,398.4917,383.7227,361.65,403.7167,447.3917
2025-12-01 22:00:00,398.4917,297,120,0.0,2.54,96.855173,0.0,4.580000000000014,4.580000000000007,4.580000000000007,2.54,398.4917,297,7.533399999999972,24.85839999999996,22,96.855173,399.5083,372.4,359.575,411.125,455.6583
2025-12-01 23:00:00,399.5083,392,120,0.0,2.54,96.846956,0.0,2.2900000000000142,4.580000000000007,4.580000000000007,2.54,399.5083,392,1.0166000000000395,12.700000000000045,23,96.846956,383.7227,365.675,359.0,417.65,444.4561
2025-12-02 00:00:00,383.7227,377,119,0.0,2.54,95.821552,0.0,0.0,4.580000000000007,4.580000000000007,2.54,383.7227,377,-15.785600000000045,-7.235600000000034,0,95.821552,372.4,361.65,364.4,423.925,427.114
2025-12-02 01:00:00,372.4,368,120,0.0,2.54,97.393913,0.0,0.0,4.580000000000007,4.580000000000007,2.54,372.4,368,-11.322699999999998,-26.091700000000003,1,97.393913,365.675,359.575,381.9,428.9917,413.6333
2025-12-02 02:00:00,365.675,363,120,0.0,2.54,96.274138,0.0,0.0,2.290000000000007,4.580000000000007,2.54,365.675,363,-6.724999999999966,-33.83330000000001,2,96.274138,361.65,359.0,394.925,432.6471,401.7
2025-12-02 03:00:00,361.65,360,120,0.0,2.54,95.880172,0.0,0.0,0.0,4.580000000000007,2.54,361.65,360,-4.025000000000034,-22.072699999999998,3,95.880172,359.575,364.4,403.7167,438.425,391.7966
2025-12-02 04:00:00,359.575,359,120,0.0,2.54,97.388696,0.0,0.0,0.0,4.580000000000007,2.54,359.575,359,-2.0749999999999886,-12.824999999999989,4,97.388696,359.0,381.9,411.125,445.1667,387.3083
2025-12-02 05:00:00,359.0,359,120,0.0,2.54,93.045689,0.0,0.0,0.0,4.580000000000007,2.54,359.0,359,-0.5749999999999886,-6.675000000000011,5,93.045689,364.4,394.925,417.65,431.45,399.325
2025-12-02 06:00:00,364.4,359,120,0.0,2.29,80.034783,0.0,0.0,0.0,4.580000000000007,2.29,364.4,359,5.399999999999977,2.75,6,80.034783,381.9,403.7167,423.925,420.8235,410.5083
2025-12-02 07:00:00,381.9,373,120,0.0,2.29,72.273043,0.0,0.0,0.0,4.580000000000007,2.29,381.9,373,17.5,22.32499999999999,7,72.273043,394.925,411.125,428.9917,427.6833,420.5167
2025-12-02 08:00:00,394.925,389,120,0.0,2.29,63.793965,0.0,0.0,0.0,2.290000000000007,2.29,394.925,389,13.025000000000034,35.92500000000001,8,63.793965,403.7167,417.65,432.6471,437.0667,430.4833
2025-12-02 09:00:00,403.7167,399,120,0.0,2.29,64.868696,0.0,0.0,0.0,0.0,2.29,403.7167,399,8.791699999999992,39.316700000000026,9,64.868696,411.125,423.925,438.425,447.3917,440.375
2025-12-02 10:00:00,411.125,407,120,0.0,2.29,61.155172,0.0,0.0,0.0,0.0,2.29,411.125,407,7.408299999999997,29.225000000000023,10,61.155172,417.65,428.9917,445.1667,455.6583,441.675
2025-12-02 11:00:00,417.65,414,120,0.0,2.29,57.542609,0.0,0.0,0.0,0.0,2.29,417.65,414,6.524999999999977,22.724999999999966,11,57.542609,423.925,432.6471,431.45,444.4561,424.7583
2025-12-02 12:00:00,423.925,420,120,0.0,2.29,53.468104,0.0,0.0,0.0,0.0,2.29,423.925,420,6.275000000000034,20.20830000000001,12,53.468104,428.9917,438.425,420.8235,427.114,411.5917
2025-12-02 13:00:00,428.9917,427,120,0.0,2.29,63.611404,0.0,0.0,0.0,0.0,2.29,428.9917,427,5.066699999999969,17.86669999999998,13,63.611404,432.6471,445.1667,427.6833,413.6333,400.2667
2025-12-02 14:00:00,432.6471,431,119,0.0,2.29,80.09138,0.0,0.0,0.0,0.0,2.29,432.6471,431,3.655400000000043,14.997100000000046,14,80.09138,438.425,431.45,437.0667,401.7,390.375
2025-12-02 15:00:00,438.425,434,120,0.0,2.29,76.096522,0.0,0.0,0.0,0.0,2.29,438.425,434,5.777899999999988,14.5,15,76.096522,445.1667,420.8235,447.3917,391.7966,381.4274
2025-12-02 16:00:00,445.1667,442,120,0.0,2.29,75.671304,0.0,0.0,0.0,0.0,2.29,445.1667,442,6.74169999999998,16.17500000000001,16,75.671304,431.45,427.6833,455.6583,387.3083,379.0667
2025-12-02 17:00:00,431.45,265,120,0.0,2.29,80.359649,0.0,0.0,0.0,0.0,2.29,431.45,265,-13.716700000000003,-1.1971000000000345,17,80.359649,420.8235,437.0667,444.4561,399.325,374.625
2025-12-02 18:00:00,420.8235,310,119,2.54,5.08,90.014783,2.54,2.5400000000000142,2.540000000000007,2.540000000000007,5.08,420.8235,310,-10.626499999999965,-17.601499999999987,18,90.014783,427.6833,447.3917,427.114,410.5083,310.5
2025-12-02 19:00:00,427.6833,312,120,2.79,5.33,99.887719,2.79,5.330000000000014,5.330000000000007,5.330000000000007,5.33,427.6833,312,6.85979999999995,-17.483400000000017,19,99.887719,437.0667,455.6583,413.6333,420.5167,387.9917
2025-12-02 20:00:00,437.0667,288,120,0.25,5.33,99.264348,0.25,5.580000000000014,5.580000000000007,5.580000000000007,5.33,437.0667,288,9.383400000000051,5.616700000000037,20,99.264348,447.3917,444.4561,401.7,430.4833,420.1
2025-12-02 21:00:00,447.3917,443,120,0.0,2.79,97.751724,0.0,3.0400000000000142,5.580000000000007,5.580000000000007,2.79,447.3917,443,10.324999999999989,26.56819999999999,21,97.751724,455.6583,427.114,391.7966,440.375,428.3917
2025-12-02 22:00:00,455.6583,451,120,0.0,2.79,96.646491,0.0,0.2500000000000142,5.580000000000007,5.580000000000007,2.79,455.6583,451,8.266599999999983,27.975000000000023,22,96.646491,444.4561,413.6333,387.3083,441.675,435.9083
2025-12-02 23:00:00,444.4561,435,114,0.0,2.79,96.582727,0.0,0.0,5.580000000000007,5.580000000000007,2.79,444.4561,435,-11.202200000000005,7.389399999999966,23,96.582727,427.114,401.7,399.325,424.7583,444.7
2025-12-03 00:00:00,427.114,420,114,0.0,2.79,96.277982,0.0,0.0,3.040000000000007,5.580000000000007,2.79,427.114,420,-17.342100000000016,-20.27770000000004,0,96.277982,413.6333,391.7966,410.5083,411.5917,449.8083
2025-12-03 01:00:00,413.6333,407,120,0.0,2.79,95.01913,0.0,0.0,0.2500000000000071,5.580000000000007,2.79,413.6333,407,-13.480699999999956,-42.02499999999998,1,95.01913,401.7,387.3083,420.5167,400.2667,451.0833
2025-12-03 02:00:00,401.7,397,120,0.0,2.79,93.124138,0.0,0.0,0.0,5.580000000000007,2.79,401.7,397,-11.933300000000031,-42.7561,2,93.124138,391.7966,399.325,430.4833,390.375,450.375
2025-12-03 03:00:00,391.7966,387,118,0.0,2.79,93.268141,0.0,0.0,0.0,5.580000000000007,2.79,391.7966,387,-9.903399999999976,-35.317399999999964,3,93.268141,387.3083,410.5083,440.375,381.4274,446.2333
2025-12-03 04:00:00,387.3083,384,120,0.0,2.79,92.906897,0.0,0.0,0.0,5.580000000000007,2.79,387.3083,384,-4.488300000000038,-26.325000000000045,4,92.906897,399.325,420.5167,441.675,379.0667,442.2417
2025-12-03 05:00:00,399.325,393,120,0.0,2.79,91.787931,0.0,0.0,0.0,5.580000000000007,2.79,399.325,393,12.016700000000014,-2.375,5,91.787931,410.5083,430.4833,424.7583,374.625,445.3833
2025-12-03 06:00:00,410.5083,405,120,0.0,2.79,87.349565,0.0,0.0,0.0,3.040000000000007,2.79,410.5083,405,11.183300000000031,18.711700000000008,6,87.349565,420.5167,440.375,411.5917,310.5,459.563
2025-12-03 07:00:00,420.5167,415,120,0.0,2.79,82.878448,0.0,0.0,0.0,0.2500000000000071,2.79,420.5167,415,10.008399999999995,33.20840000000004,7,82.878448,430.4833,441.675,400.2667,387.9917,466.0
2025-12-03 08:00:00,430.4833,426,120,0.0,2.79,79.266087,0.0,0.0,0.0,0.0,2.79,430.4833,426,9.966599999999971,31.158299999999997,8,79.266087,440.375,424.7583,390.375,420.1,464.7417
2025-12-03 09:00:00,440.375,435,120,0.0,2.79,70.524347,0.0,0.0,0.0,0.0,2.79,440.375,435,9.891700000000014,29.86669999999998,9,70.524347,441.675,411.5917,381.4274,428.3917,463.7395
2025-12-03 10:00:00,441.675,433,120,0.0,2.79,68.771552,0.0,0.0,0.0,0.0,2.79,441.675,433,1.3000000000000114,21.158299999999997,10,68.771552,424.7583,400.2667,379.0667,435.9083,466.0
2025-12-03 11:00:00,424.7583,417,120,0.0,2.79,66.348695,0.0,0.0,0.0,0.0,2.79,424.7583,417,-16.91669999999999,-5.724999999999966,11,66.348695,411.5917,390.375,374.625,444.7,459.65
2025-12-03 12:00:00,411.5917,406,120,0.0,2.79,57.380172,0.0,0.0,0.0,0.0,2.79,411.5917,406,-13.166600000000017,-28.783299999999997,12,57.380172,400.2667,381.4274,310.5,449.8083,450.35
2025-12-03 13:00:00,400.2667,395,120,0.0,2.79,53.202609,0.0,0.0,0.0,0.0,2.79,400.2667,395,-11.324999999999989,-41.4083,13,53.202609,390.375,379.0667,387.9917,451.0833,427.9833
2025-12-03 14:00:00,390.375,385,120,0.25,3.05,59.103478,0.25,0.2500000000000142,0.2500000000000071,0.2500000000000071,3.05,390.375,385,-9.891700000000014,-34.38330000000002,14,59.103478,381.4274,374.625,420.1,450.375,416.9583
2025-12-03 15:00:00,381.4274,377,117,0.25,3.05,63.150451,0.25,0.5000000000000142,0.5000000000000071,0.5000000000000071,3.05,381.4274,377,-8.947600000000023,-30.164300000000026,15,63.150451,379.0667,310.5,428.3917,446.2333,409.9583
2025-12-03 16:00:00,379.0667,374,120,0.0,3.05,76.566957,0.0,0.5000000000000142,0.5000000000000071,0.5000000000000071,3.05,379.0667,374,-2.3606999999999516,-21.19999999999999,16,76.566957,374.625,387.9917,435.9083,442.2417,405.5083
2025-12-03 17:00:00,374.625,235,120,0.0,3.05,81.337391,0.0,0.2500000000000142,0.5000000000000071,0.5000000000000071,3.05,374.625,235,-4.441700000000026,-15.75,17,81.337391,310.5,420.1,444.7,445.3833,395.1917
2025-12-03 18:00:00,310.5,177,120,0.0,3.05,81.809565,0.0,0.0,0.5000000000000071,0.5000000000000071,3.05,310.5,177,-64.125,-70.92739999999998,18,81.809565,387.9917,428.3917,449.8083,459.563,383.6167
2025-12-03 19:00:00,387.9917,232,120,0.0,0.51,84.753043,0.0,0.0,0.5000000000000071,0.5000000000000071,0.51,387.9917,232,77.49169999999998,8.924999999999955,19,84.753043,420.1,435.9083,451.0833,466.0,403.575
2025-12-03 20:00:00,420.1,393,120,0.0,0.25,84.12807,0.0,0.0,0.2500000000000071,0.5000000000000071,0.25,420.1,393,32.10830000000004,45.47500000000002,20,84.12807,428.3917,444.7,450.375,464.7417,406.1333
2025-12-03 21:00:00,428.3917,403,120,0.0,0.25,81.400869,0.0,0.0,0.0,0.5000000000000071,0.25,428.3917,403,8.291699999999992,117.89170000000001,21,81.400869,435.9083,449.8083,446.2333,463.7395,408.8917
2025-12-03 22:00:00,435.9083,322,120,0.0,0.25,81.881897,0.0,0.0,0.0,0.5000000000000071,0.25,435.9083,322,7.516599999999983,47.91660000000002,22,81.881897,444.7,451.0833,442.2417,466.0,411.625
2025-12-03 23:00:00,444.7,441,120,0.0,0.25,83.016666,0.0,0.0,0.0,0.5000000000000071,0.25,444.7,441,8.791699999999992,24.599999999999966,23,83.016666,449.8083,450.375,445.3833,459.65,403.525
2025-12-04 00:00:00,449.8083,448,120,0.0,0.25,86.485217,0.0,0.0,0.0,0.5000000000000071,0.25,449.8083,448,5.108299999999986,21.41659999999996,0,86.485217,451.0833,446.2333,459.563,450.35,387.75
2025-12-04 01:00:00,451.0833,451,120,0.0,0.25,87.17069,0.0,0.0,0.0,0.5000000000000071,0.25,451.0833,451,1.275000000000034,15.175000000000011,1,87.17069,450.375,442.2417,466.0,427.9833,376.9917
2025-12-04 02:00:00,450.375,448,120,0.0,0.25,89.461739,0.0,0.0,0.0,0.2500000000000071,0.25,450.375,448,-0.7083000000000084,5.675000000000011,2,89.461739,446.2333,445.3833,464.7417,416.9583,372.45
2025-12-04 03:00:00,446.2333,444,120,0.0,0.25,88.383621,0.0,0.0,0.0,0.0,0.25,446.2333,444,-4.141700000000014,-3.5749999999999886,3,88.383621,442.2417,459.563,463.7395,409.9583,384.7167
2025-12-04 04:00:00,442.2417,440,120,0.0,0.25,88.2,0.0,0.0,0.0,0.0,0.25,442.2417,440,-3.9916000000000054,-8.841600000000028,4,88.2,445.3833,466.0,466.0,405.5083,395.6667
2025-12-04 05:00:00,445.3833,440,120,0.0,0.25,87.502609,0.0,0.0,0.0,0.0,0.25,445.3833,440,3.1416000000000395,-4.99169999999998,5,87.502609,459.563,464.7417,459.65,395.1917,404.875
2025-12-04 06:00:00,459.563,452,119,0.0,0.25,77.746491,0.0,0.0,0.0,0.0,0.25,459.563,452,14.179699999999968,13.329700000000003,6,77.746491,466.0,463.7395,450.35,383.6167,417.0417
2025-12-04 07:00:00,466.0,461,120,0.0,0.25,64.735345,0.0,0.0,0.0,0.0,0.25,466.0,461,6.437000000000012,23.75830000000002,7,64.735345,464.7417,466.0,427.9833,403.575,426.2083
2025-12-04 08:00:00,464.7417,457,120,0.0,0.25,67.898261,0.0,0.0,0.0,0.0,0.25,464.7417,457,-1.2583000000000197,19.35839999999996,8,67.898261,463.7395,459.65,416.9583,406.1333,433.7333
2025-12-04 09:00:00,463.7395,457,119,0.0,0.25,69.874562,0.0,0.0,0.0,0.0,0.25,463.7395,457,-1.0021999999999593,4.176500000000033,9,69.874562,466.0,450.35,409.9583,408.8917,438.1083
2025-12-04 10:00:00,466.0,456,120,0.0,0.25,69.298261,0.0,0.0,0.0,0.0,0.25,466.0,456,2.260499999999979,0.0,10,69.298261,459.65,427.9833,405.5083,411.625,423.475
2025-12-04 11:00:00,459.65,452,120,1.27,1.78,86.987931,1.27,1.2700000000000142,1.2700000000000071,1.2700000000000071,1.78,459.65,452,-6.350000000000023,-5.091700000000003,11,86.987931,450.35,416.9583,395.1917,403.525,407.5917
2025-12-04 12:00:00,450.35,442,120,2.29,2.54,96.542609,2.29,3.5600000000000143,3.560000000000007,3.560000000000007,2.54,450.35,442,-9.299999999999955,-13.389499999999998,12,96.542609,427.9833,409.9583,383.6167,387.75,394.8655
2025-12-04 13:00:00,427.9833,421,120,0.76,2.54,90.475652,0.76,4.3200000000000145,4.320000000000007,4.320000000000007,2.54,427.9833,421,-22.366700000000037,-38.016700000000014,13,90.475652,416.9583,405.5083,403.575,376.9917,386.2
2025-12-04 14:00:00,416.9583,413,120,0.25,2.54,84.294828,0.25,3.300000000000014,4.570000000000007,4.570000000000007,2.54,416.9583,413,-11.024999999999977,-42.69169999999997,14,84.294828,409.9583,395.1917,406.1333,372.45,378.4583
2025-12-04 15:00:00,409.9583,407,120,0.25,2.54,80.96,0.25,1.2600000000000142,4.820000000000007,4.820000000000007,2.54,409.9583,407,-7.0,-40.391700000000014,15,80.96,405.5083,383.6167,408.8917,384.7167,371.9402
2025-12-04 16:00:00,405.5083,404,120,0.0,2.54,82.875652,0.0,0.5000000000000142,4.820000000000007,4.820000000000007,2.54,405.5083,404,-4.449999999999989,-22.474999999999966,16,82.875652,395.1917,403.575,411.625,395.6667,375.3667
2025-12-04 17:00:00,395.1917,254,120,0.0,2.54,87.324138,0.0,0.2500000000000142,3.550000000000007,4.820000000000007,2.54,395.1917,254,-10.316599999999994,-21.766599999999983,17,87.324138,383.6167,406.1333,403.525,404.875,390.1583
2025-12-04 18:00:00,383.6167,199,120,0.0,2.54,89.388596,0.0,0.0,1.2600000000000071,4.820000000000007,2.54,383.6167,199,-11.575000000000045,-26.341600000000028,18,89.388596,403.575,408.8917,387.75,417.0417,400.6667
2025-12-04 19:00:00,403.575,332,120,0.0,2.54,89.09569,0.0,0.0,0.5000000000000071,4.820000000000007,2.54,403.575,332,19.95830000000001,-1.933300000000031,19,89.09569,406.1333,411.625,376.9917,426.2083,408.4583
2025-12-04 20:00:00,406.1333,405,120,0.0,2.54,87.902632,0.0,0.0,0.2500000000000071,4.820000000000007,2.54,406.1333,405,2.558300000000031,10.941599999999994,20,87.902632,408.8917,403.525,372.45,433.7333,412.5417
2025-12-04 21:00:00,408.8917,408,120,0.0,2.54,88.133333,0.0,0.0,0.0,4.820000000000007,2.54,408.8917,408,2.7583999999999946,25.275000000000034,21,88.133333,411.625,387.75,384.7167,438.1083,421.5167
2025-12-04 22:00:00,411.625,410,120,0.0,2.54,91.455173,0.0,0.0,0.0,4.820000000000007,2.54,411.625,410,2.7332999999999856,8.050000000000011,22,91.455173,403.525,376.9917,395.6667,423.475,429.3445
2025-12-04 23:00:00,403.525,395,120,0.0,2.54,92.133044,0.0,0.0,0.0,3.550000000000007,2.54,403.525,395,-8.100000000000023,-2.6083000000000425,23,92.133044,387.75,372.45,404.875,407.5917,437.1833
2025-12-05 00:00:00,387.75,382,120,0.0,2.54,91.888793,0.0,0.0,0.0,1.2600000000000071,2.54,387.75,382,-15.774999999999977,-21.141700000000014,0,91.888793,376.9917,384.7167,417.0417,394.8655,445.1092
2025-12-05 01:00:00,376.9917,373,120,0.0,2.54,94.233913,0.0,0.0,0.0,0.5000000000000071,2.54,376.9917,373,-10.75830000000002,-34.63330000000002,1,94.233913,372.45,395.6667,426.2083,386.2,451.3167
2025-12-05 02:00:00,372.45,369,120,0.0,2.54,96.122414,0.0,0.0,0.0,0.2500000000000071,2.54,372.45,369,-4.541699999999992,-31.07499999999999,2,96.122414,384.7167,404.875,433.7333,378.4583,451.1765
2025-12-05 03:00:00,384.7167,378,120,0.0,2.54,95.861739,0.0,0.0,0.0,0.0,2.54,384.7167,378,12.266700000000014,-3.033299999999997,3,95.861739,395.6667,417.0417,438.1083,371.9402,449.75
2025-12-05 04:00:00,395.6667,390,120,0.0,2.54,96.742609,0.0,0.0,0.0,0.0,2.54,395.6667,390,10.949999999999989,18.67500000000001,4,96.742609,404.875,426.2083,423.475,375.3667,442.0508
2025-12-05 05:00:00,404.875,400,120,0.0,2.54,93.724348,0.0,0.0,0.0,0.0,2.54,404.875,400,9.208300000000008,32.42500000000001,5,93.724348,417.0417,433.7333,407.5917,390.1583,426.1583
2025-12-05 06:00:00,417.0417,410,120,0.0,2.54,68.963793,0.0,0.0,0.0,0.0,2.54,417.0417,410,12.166699999999992,32.32499999999999,6,68.963793,426.2083,438.1083,394.8655,400.6667,416.9167
2025-12-05 07:00:00,426.2083,423,120,0.0,2.54,62.969565,0.0,0.0,0.0,0.0,2.54,426.2083,423,9.166600000000017,30.541600000000017,7,62.969565,433.7333,423.475,386.2,408.4583,416.0
2025-12-05 08:00:00,433.7333,430,120,0.0,2.54,56.960345,0.0,0.0,0.0,0.0,2.54,433.7333,430,7.524999999999977,28.858299999999986,8,56.960345,438.1083,407.5917,378.4583,412.5417,416.0
2025-12-05 09:00:00,438.1083,433,120,0.0,2.54,63.314782,0.0,0.0,0.0,0.0,2.54,438.1083,433,4.375,21.066599999999994,9,63.314782,423.475,394.8655,371.9402,421.5167,416.0
2025-12-05 10:00:00,423.475,415,120,0.0,2.54,61.288696,0.0,0.0,0.0,0.0,2.54,423.475,415,-14.633299999999963,-2.7332999999999856,10,61.288696,407.5917,386.2,375.3667,429.3445,416.0
2025-12-05 11:00:00,407.5917,401,120,0.0,2.54,61.155172,0.0,0.0,0.0,0.0,2.54,407.5917,401,-15.88330000000002,-26.141599999999983,11,61.155172,394.8655,378.4583,390.1583,437.1833,431.0167
2025-12-05 12:00:00,394.8655,390,119,0.0,0.51,56.853044,0.0,0.0,0.0,0.0,0.51,394.8655,390,-12.726200000000006,-43.24279999999999,12,56.853044,386.2,371.9402,400.6667,445.1092,430.9167
2025-12-05 13:00:00,386.2,382,120,0.0,0.25,54.83913,0.0,0.0,0.0,0.0,0.25,386.2,382,-8.665500000000009,-37.275000000000034,13,54.83913,378.4583,375.3667,408.4583,451.3167,421.0833
2025-12-05 14:00:00,378.4583,374,120,0.0,0.25,57.787931,0.0,0.0,0.0,0.0,0.25,378.4583,374,-7.74169999999998,-29.133399999999995,14,57.787931,371.9402,390.1583,412.5417,451.1765,431.7083
2025-12-05 15:00:00,371.9402,368,117,0.0,0.0,70.918421,0.0,0.0,0.0,0.0,0.0,371.9402,368,-6.518100000000004,-22.925299999999993,15,70.918421,375.3667,400.6667,421.5167,449.75,438.9667
2025-12-05 16:00:00,375.3667,368,120,0.25,0.25,79.873043,0.25,0.2500000000000142,0.2500000000000071,0.2500000000000071,0.25,375.3667,368,3.426499999999976,-10.833300000000008,16,79.873043,390.1583,408.4583,429.3445,442.0508,428.9167
2025-12-05 17:00:00,390.1583,383,120,0.25,0.51,88.170435,0.25,0.5000000000000142,0.5000000000000071,0.5000000000000071,0.51,390.1583,383,14.791600000000017,11.699999999999989,17,88.170435,400.6667,412.5417,437.1833,426.1583,431.6333
2025-12-05 18:00:00,400.6667,396,120,2.03,2.54,97.496522,2.03,2.530000000000014,2.530000000000007,2.530000000000007,2.54,400.6667,396,10.508399999999995,28.726499999999987,18,97.496522,408.4583,421.5167,445.1092,416.9167,433.6471
2025-12-05 19:00:00,408.4583,405,120,2.54,3.81,99.267257,2.54,4.8200000000000145,5.070000000000007,5.070000000000007,3.81,408.4583,405,7.791600000000017,33.09160000000003,19,99.267257,412.5417,429.3445,451.3167,416.0,451.8333
2025-12-05 20:00:00,412.5417,267,120,1.02,3.81,100.0,1.02,5.590000000000014,6.090000000000007,6.090000000000007,3.81,412.5417,267,4.083399999999983,22.383399999999995,20,100.0,421.5167,437.1833,451.1765,416.0,460.3417
2025-12-05 21:00:00,421.5167,379,120,0.0,3.81,99.782609,0.0,3.5600000000000143,6.090000000000007,6.090000000000007,3.81,421.5167,379,8.975000000000023,20.850000000000023,21,99.782609,429.3445,445.1092,449.75,416.0,453.3583
2025-12-05 22:00:00,429.3445,426,119,0.0,3.81,99.583621,0.0,1.0200000000000142,5.840000000000007,6.090000000000007,3.81,429.3445,426,7.827799999999968,20.886199999999974,22,99.583621,437.1833,451.3167,442.0508,416.0,434.8083
2025-12-05 23:00:00,437.1833,433,120,0.0,3.81,98.897414,0.0,0.0,5.590000000000007,6.090000000000007,3.81,437.1833,433,7.838799999999992,24.641599999999983,23,98.897414,445.1092,451.1765,426.1583,431.0167,419.9333
2025-12-06 00:00:00,445.1092,441,119,0.0,3.81,98.43913,0.0,0.0,3.560000000000007,6.090000000000007,3.81,445.1092,441,7.925900000000013,23.592499999999973,0,98.43913,451.3167,449.75,416.9167,430.9167,406.6167
2025-12-06 01:00:00,451.3167,449,120,0.0,3.81,98.725,0.0,0.0,1.0200000000000071,6.090000000000007,3.81,451.3167,449,6.207500000000039,21.972200000000043,1,98.725,451.1765,442.0508,416.0,421.0833,395.175
2025-12-06 02:00:00,451.1765,450,119,0.0,3.81,98.845614,0.0,0.0,0.0,6.090000000000007,3.81,451.1765,450,-0.14020000000004984,13.993200000000002,2,98.845614,449.75,426.1583,416.0,431.7083,385.7083
2025-12-06 03:00:00,449.75,449,120,0.0,3.81,99.797414,0.0,0.0,0.0,6.090000000000007,3.81,449.75,449,-1.426499999999976,4.640800000000013,3,99.797414,442.0508,416.9167,416.0,438.9667,383.3833
2025-12-06 04:00:00,442.0508,433,118,0.0,3.81,100.0,0.0,0.0,0.0,5.840000000000007,3.81,442.0508,433,-7.699200000000019,-9.265900000000045,4,100.0,426.1583,416.0,416.0,428.9167,397.339
2025-12-06 05:00:00,426.1583,419,120,0.0,3.81,99.430173,0.0,0.0,0.0,5.590000000000007,3.81,426.1583,419,-15.892499999999984,-25.01819999999998,5,99.430173,416.9167,416.0,431.0167,431.6333,409.3917
2025-12-06 06:00:00,416.9167,415,120,0.0,3.81,83.509565,0.0,0.0,0.0,3.560000000000007,3.81,416.9167,415,-9.241600000000005,-32.83330000000001,6,83.509565,416.0,416.0,430.9167,433.6471,420.8667
2025-12-06 07:00:00,416.0,416,118,0.0,3.81,64.540869,0.0,0.0,0.0,1.0200000000000071,3.81,416.0,416,-0.9166999999999916,-26.05079999999998,7,64.540869,416.0,416.0,421.0833,451.8333,434.6333
2025-12-06 08:00:00,416.0,416,118,0.0,3.81,69.586842,0.0,0.0,0.0,0.0,3.81,416.0,416,0.0,-10.158299999999997,8,69.586842,416.0,431.0167,431.7083,460.3417,442.2417
2025-12-06 09:00:00,416.0,416,120,0.0,3.81,72.897391,0.0,0.0,0.0,0.0,3.81,416.0,416,0.0,-0.9166999999999916,9,72.897391,416.0,430.9167,438.9667,453.3583,426.9
2025-12-06 10:00:00,416.0,416,119,0.0,3.81,66.606956,0.0,0.0,0.0,0.0,3.81,416.0,416,0.0,0.0,10,66.606956,431.0167,421.0833,428.9167,434.8083,412.6917
2025-12-06 11:00:00,431.0167,416,120,0.0,3.81,63.461404,0.0,0.0,0.0,0.0,3.81,431.0167,416,15.016700000000014,15.016700000000014,11,63.461404,430.9167,431.7083,431.6333,419.9333,401.425
2025-12-06 12:00:00,430.9167,422,120,0.0,3.81,68.817241,0.0,0.0,0.0,0.0,3.81,430.9167,422,-0.10000000000002274,14.916699999999992,12,68.817241,421.0833,438.9667,433.6471,406.6167,392.1356
2025-12-06 13:00:00,421.0833,416,120,0.0,3.81,73.806957,0.0,0.0,0.0,0.0,3.81,421.0833,416,-9.833399999999983,5.083300000000008,13,73.806957,431.7083,428.9167,451.8333,395.175,384.35
2025-12-06 14:00:00,431.7083,426,120,0.0,3.81,70.906087,0.0,0.0,0.0,0.0,3.81,431.7083,426,10.625,0.691599999999994,14,70.906087,438.9667,431.6333,460.3417,385.7083,375.4
2025-12-06 15:00:00,438.9667,436,120,0.0,3.81,73.673913,0.0,0.0,0.0,0.0,3.81,438.9667,436,7.258399999999995,8.050000000000011,15,73.673913,428.9167,433.6471,453.3583,383.3833,370.7167
2025-12-06 16:00:00,428.9167,423,120,0.0,3.81,72.58362,0.0,0.0,0.0,0.0,3.81,428.9167,423,-10.050000000000011,7.833399999999983,16,72.58362,431.6333,451.8333,434.8083,397.339,368.1167
2025-12-06 17:00:00,431.6333,354,120,0.0,3.56,77.666087,0.0,0.0,0.0,0.0,3.56,431.6333,354,2.716600000000028,-0.07499999999998863,17,77.666087,433.6471,460.3417,419.9333,409.3917,354.9153
2025-12-06 18:00:00,433.6471,233,119,0.0,3.05,79.069565,0.0,0.0,0.0,0.0,3.05,433.6471,233,2.0138000000000034,-5.31959999999998,18,79.069565,451.8333,453.3583,406.6167,420.8667,356.6917
2025-12-06 19:00:00,451.8333,447,120,0.0,0.76,84.503478,0.0,0.0,0.0,0.0,0.76,451.8333,447,18.186199999999985,22.916600000000017,19,84.503478,460.3417,434.8083,395.175,434.6333,389.9583
2025-12-06 20:00:00,460.3417,457,120,0.0,0.0,89.376316,0.0,0.0,0.0,0.0,0.0,460.3417,457,8.508399999999995,28.708399999999983,20,89.376316,453.3583,419.9333,385.7083,442.2417,403.6417
2025-12-06 21:00:00,453.3583,355,120,0.0,0.0,91.639131,0.0,0.0,0.0,0.0,0.0,453.3583,355,-6.983400000000017,19.711199999999963,21,91.639131,434.8083,406.6167,383.3833,426.9,414.1333
2025-12-06 22:00:00,434.8083,427,120,0.0,0.0,92.506956,0.0,0.0,0.0,0.0,0.0,434.8083,427,-18.55000000000001,-17.025000000000034,22,92.506956,419.9333,395.175,397.339,412.6917,424.2583
2025-12-06 23:00:00,419.9333,413,120,0.0,0.0,93.980172,0.0,0.0,0.0,0.0,0.0,419.9333,413,-14.875,-40.40840000000003,23,93.980172,406.6167,385.7083,409.3917,401.425,433.55
2025-12-07 00:00:00,406.6167,401,120,0.0,0.0,93.279825,0.0,0.0,0.0,0.0,0.0,406.6167,401,-13.316599999999994,-46.741600000000005,0,93.279825,395.175,383.3833,420.8667,392.1356,441.6583
2025-12-07 01:00:00,395.175,390,120,0.0,0.0,93.431897,0.0,0.0,0.0,0.0,0.0,395.175,390,-11.441699999999969,-39.63329999999996,1,93.431897,385.7083,397.339,434.6333,384.35,446.9833
2025-12-07 02:00:00,385.7083,382,120,0.0,0.0,95.084348,0.0,0.0,0.0,0.0,0.0,385.7083,382,-9.466700000000003,-34.224999999999966,2,95.084348,383.3833,409.3917,442.2417,375.4,449.4833
2025-12-07 03:00:00,383.3833,379,120,0.0,0.0,96.565217,0.0,0.0,0.0,0.0,0.0,383.3833,379,-2.3249999999999886,-23.23339999999996,3,96.565217,397.339,420.8667,426.9,370.7167,451.0083
2025-12-07 04:00:00,397.339,390,118,0.0,0.0,97.70431,0.0,0.0,0.0,0.0,0.0,397.339,390,13.955699999999979,2.1639999999999873,4,97.70431,409.3917,434.6333,412.6917,368.1167,452.0667
2025-12-07 05:00:00,409.3917,404,120,0.25,0.25,96.724348,0.25,0.2500000000000142,0.2500000000000071,0.2500000000000071,0.25,409.3917,404,12.052700000000016,23.683400000000006,5,96.724348,420.8667,442.2417,401.425,354.9153,456.4417
2025-12-07 06:00:00,420.8667,415,120,0.25,0.25,90.811207,0.25,0.5000000000000142,0.5000000000000071,0.5000000000000071,0.25,420.8667,415,11.474999999999966,37.48339999999996,6,90.811207,434.6333,426.9,392.1356,356.6917,466.0
2025-12-07 07:00:00,434.6333,427,120,0.0,0.25,73.428696,0.0,0.5000000000000142,0.5000000000000071,0.5000000000000071,0.25,434.6333,427,13.76660000000004,37.29430000000002,7,73.428696,442.2417,412.6917,384.35,389.9583,466.0
2025-12-07 08:00:00,442.2417,435,120,0.0,0.25,60.910345,0.0,0.2500000000000142,0.5000000000000071,0.5000000000000071,0.25,442.2417,435,7.6083999999999605,32.849999999999966,8,60.910345,426.9,401.425,375.4,403.6417,466.0
2025-12-07 09:00:00,426.9,419,120,0.0,0.25,67.933043,0.0,0.0,0.5000000000000071,0.5000000000000071,0.25,426.9,419,-15.341700000000003,6.033299999999997,9,67.933043,412.6917,392.1356,370.7167,414.1333,465.1333
2025-12-07 10:00:00,412.6917,407,120,0.0,0.25,75.390435,0.0,0.0,0.5000000000000071,0.5000000000000071,0.25,412.6917,407,-14.208299999999952,-21.941599999999994,10,75.390435,401.425,384.35,368.1167,424.2583,464.1
2025-12-07 11:00:00,401.425,396,120,0.0,0.25,76.075653,0.0,0.0,0.2500000000000071,0.5000000000000071,0.25,401.425,396,-11.266700000000014,-40.81669999999997,11,76.075653,392.1356,375.4,354.9153,433.55,459.7333
2025-12-07 12:00:00,392.1356,387,118,0.0,0.25,68.103478,0.0,0.0,0.0,0.5000000000000071,0.25,392.1356,387,-9.2894,-34.764399999999966,12,68.103478,384.35,370.7167,356.6917,441.6583,447.25
2025-12-07 13:00:00,384.35,379,120,0.0,0.25,65.176522,0.0,0.0,0.0,0.5000000000000071,0.25,384.35,379,-7.785599999999988,-28.341700000000003,13,65.176522,375.4,368.1167,389.9583,446.9833,456.55
2025-12-07 14:00:00,375.4,372,120,0.0,0.25,75.686956,0.0,0.0,0.0,0.5000000000000071,0.25,375.4,372,-8.950000000000045,-26.025000000000034,14,75.686956,370.7167,354.9153,403.6417,449.4833,460.7083
2025-12-07 15:00:00,370.7167,369,120,0.0,0.25,78.505217,0.0,0.0,0.0,0.5000000000000071,0.25,370.7167,369,-4.683299999999974,-21.418900000000008,15,78.505217,368.1167,356.6917,414.1333,451.0083,453.2167
2025-12-07 16:00:00,368.1167,366,120,0.0,0.25,75.111207,0.0,0.0,0.0,0.5000000000000071,0.25,368.1167,366,-2.6000000000000227,-16.233300000000042,16,75.111207,354.9153,389.9583,424.2583,452.0667,457.2167
2025-12-07 17:00:00,354.9153,224,118,0.0,0.25,79.905357,0.0,0.0,0.0,0.2500000000000071,0.25,354.9153,224,-13.201399999999978,-20.484699999999975,17,79.905357,356.6917,403.6417,433.55,456.4417,457.975
2025-12-07 18:00:00,356.6917,171,120,0.0,0.25,81.346957,0.0,0.0,0.0,0.0,0.25,356.6917,171,1.7764000000000237,-14.024999999999977,18,81.346957,389.9583,414.1333,441.6583,466.0,445.2083
2025-12-07 19:00:00,389.9583,327,120,0.0,0.25,82.906957,0.0,0.0,0.0,0.0,0.25,389.9583,327,33.26659999999998,21.841600000000028,19,82.906957,403.6417,424.2583,446.9833,466.0,459.3167
2025-12-07 20:00:00,403.6417,398,120,0.0,0.25,84.939473,0.0,0.0,0.0,0.0,0.25,403.6417,398,13.683400000000006,48.72640000000001,20,84.939473,414.1333,433.55,449.4833,466.0,458.75
2025-12-07 21:00:00,414.1333,409,120,0.0,0.25,87.536522,0.0,0.0,0.0,0.0,0.25,414.1333,409,10.491600000000005,57.441599999999994,21,87.536522,424.2583,441.6583,451.0083,465.1333,457.0
2025-12-07 22:00:00,424.2583,419,120,0.0,0.25,88.98,0.0,0.0,0.0,0.0,0.25,424.2583,419,10.125,34.30000000000001,22,88.98,433.55,446.9833,452.0667,464.1,457.0
2025-12-07 23:00:00,433.55,429,120,0.0,0.25,92.617241,0.0,0.0,0.0,0.0,0.25,433.55,429,9.291699999999992,29.908299999999997,23,92.617241,441.6583,449.4833,456.4417,459.7333,434.025
2025-12-08 00:00:00,441.6583,438,120,0.0,0.25,94.456522,0.0,0.0,0.0,0.0,0.25,441.6583,438,8.108299999999986,27.524999999999977,0,94.456522,446.9833,451.0083,466.0,447.25,409.9917
2025-12-08 01:00:00,446.9833,445,120,0.0,0.25,93.090517,0.0,0.0,0.0,0.0,0.25,446.9833,445,5.324999999999989,22.724999999999966,1,93.090517,449.4833,452.0667,466.0,456.55,399.9328
2025-12-08 02:00:00,449.4833,448,120,0.0,0.25,93.405217,0.0,0.0,0.0,0.0,0.25,449.4833,448,2.5,15.933299999999974,2,93.405217,451.0083,456.4417,466.0,460.7083,401.1083
2025-12-08 03:00:00,451.0083,450,120,0.0,0.25,93.631035,0.0,0.0,0.0,0.0,0.25,451.0083,450,1.525000000000034,9.350000000000023,3,93.631035,452.0667,466.0,465.1333,453.2167,417.6417
2025-12-08 04:00:00,452.0667,451,120,0.0,0.25,95.088695,0.0,0.0,0.0,0.0,0.25,452.0667,451,1.058400000000006,5.08340000000004,4,95.088695,456.4417,466.0,464.1,457.2167,432.3417
2025-12-08 05:00:00,456.4417,452,120,0.0,0.25,92.118966,0.0,0.0,0.0,0.0,0.25,456.4417,452,4.375,6.95840000000004,5,92.118966,466.0,466.0,459.7333,457.975,446.8917
2025-12-08 06:00:00,466.0,456,120,0.0,0.0,83.593044,0.0,0.0,0.0,0.0,0.0,466.0,456,9.558299999999974,14.99169999999998,6,83.593044,466.0,465.1333,447.25,445.2083,453.775
2025-12-08 07:00:00,466.0,457,120,0.0,0.0,70.165217,0.0,0.0,0.0,0.0,0.0,466.0,457,0.0,13.933299999999974,7,70.165217,466.0,464.1,456.55,459.3167,451.275
2025-12-08 08:00:00,466.0,457,120,0.0,0.0,67.785345,0.0,0.0,0.0,0.0,0.0,466.0,457,0.0,9.558299999999974,8,67.785345,465.1333,459.7333,460.7083,458.75,456.475
2025-12-08 09:00:00,465.1333,456,120,0.0,0.0,70.017391,0.0,0.0,0.0,0.0,0.0,465.1333,456,-0.8666999999999803,-0.8666999999999803,9,70.017391,464.1,447.25,453.2167,457.0,459.8833
2025-12-08 10:00:00,464.1,456,120,0.0,0.0,65.335652,0.0,0.0,0.0,0.0,0.0,464.1,456,-1.033299999999997,-1.8999999999999773,10,65.335652,459.7333,456.55,457.2167,457.0,453.7917
2025-12-08 11:00:00,459.7333,453,120,0.0,0.0,61.731304,0.0,0.0,0.0,0.0,0.0,459.7333,453,-4.366700000000037,-6.266700000000014,11,61.731304,447.25,460.7083,457.975,434.025,441.4083
2025-12-08 12:00:00,447.25,442,120,0.0,0.0,63.786087,0.0,0.0,0.0,0.0,0.0,447.25,442,-12.483299999999986,-17.88330000000002,12,63.786087,456.55,453.2167,445.2083,409.9917,431.3
2025-12-08 13:00:00,456.55,449,120,0.0,0.0,69.687826,0.0,0.0,0.0,0.0,0.0,456.55,449,9.300000000000011,-7.550000000000011,13,69.687826,460.7083,457.2167,459.3167,399.9328,419.525
2025-12-08 14:00:00,460.7083,452,120,0.0,0.0,85.723276,0.0,0.0,0.0,0.0,0.0,460.7083,452,4.158299999999997,0.9750000000000227,14,85.723276,453.2167,457.975,458.75,401.1083,412.85
2025-12-08 15:00:00,453.2167,447,120,0.0,0.0,83.210526,0.0,0.0,0.0,0.0,0.0,453.2167,447,-7.491600000000005,5.966700000000003,15,83.210526,457.2167,445.2083,457.0,417.6417,425.2
2025-12-08 16:00:00,457.2167,451,120,0.0,0.0,86.71913,0.0,0.0,0.0,0.0,0.0,457.2167,451,4.0,0.6666999999999916,16,86.71913,457.975,459.3167,457.0,432.3417,439.475
2025-12-08 17:00:00,457.975,450,120,0.0,0.0,87.057895,0.0,0.0,0.0,0.0,0.0,457.975,450,0.7583000000000197,-2.7332999999999856,17,87.057895,445.2083,458.75,434.025,446.8917,450.8583
2025-12-08 18:00:00,445.2083,330,120,0.0,0.0,86.690434,0.0,0.0,0.0,0.0,0.0,445.2083,330,-12.766700000000014,-8.008399999999995,18,86.690434,459.3167,457.0,409.9917,453.775,448.05
2025-12-08 19:00:00,459.3167,452,120,0.0,0.0,88.487719,0.0,0.0,0.0,0.0,0.0,459.3167,452,14.108400000000017,2.1000000000000227,19,88.487719,458.75,457.0,399.9328,451.275,449.7
2025-12-08 20:00:00,458.75,380,120,0.0,0.0,89.269298,0.0,0.0,0.0,0.0,0.0,458.75,380,-0.5667000000000257,0.7749999999999773,20,89.269298,457.0,434.025,401.1083,456.475,451.7647
2025-12-08 21:00:00,457.0,457,120,0.0,0.0,91.693043,0.0,0.0,0.0,0.0,0.0,457.0,457,-1.75,11.791699999999992,21,91.693043,457.0,409.9917,417.6417,459.8833,452.0
2025-12-08 22:00:00,457.0,457,120,0.0,0.0,92.548276,0.0,0.0,0.0,0.0,0.0,457.0,457,0.0,-2.3167000000000257,22,92.548276,434.025,399.9328,432.3417,453.7917,452.0
2025-12-08 23:00:00,434.025,415,120,0.0,0.0,93.112069,0.0,0.0,0.0,0.0,0.0,434.025,415,-22.975000000000023,-24.725000000000023,23,93.112069,409.9917,401.1083,446.8917,441.4083,451.9748
2025-12-09 00:00:00,409.9917,405,120,0.0,0.0,93.548246,0.0,0.0,0.0,0.0,0.0,409.9917,405,-24.033299999999997,-47.00830000000002,0,93.548246,399.9328,417.6417,453.775,431.3,452.0084
2025-12-09 01:00:00,399.9328,306,119,0.0,0.0,94.47069,0.0,0.0,0.0,0.0,0.0,399.9328,306,-10.058899999999994,-57.067200000000014,1,94.47069,401.1083,432.3417,451.275,419.525,452.2167
2025-12-09 02:00:00,401.1083,333,120,0.0,0.0,95.25431,0.0,0.0,0.0,0.0,0.0,401.1083,333,1.1754999999999995,-32.91669999999999,2,95.25431,417.6417,446.8917,456.475,412.85,451.9833
2025-12-09 03:00:00,417.6417,410,120,0.0,0.0,95.746957,0.0,0.0,0.0,0.0,0.0,417.6417,410,16.53340000000003,7.650000000000034,3,95.746957,432.3417,453.775,459.8833,425.2,451.9667
2025-12-09 04:00:00,432.3417,425,120,0.0,0.0,94.467826,0.0,0.0,0.0,0.0,0.0,432.3417,425,14.699999999999989,32.40890000000002,4,94.467826,446.8917,451.275,453.7917,439.475,451.95
2025-12-09 05:00:00,446.8917,440,120,0.0,0.0,92.773043,0.0,0.0,0.0,0.0,0.0,446.8917,440,14.550000000000011,45.78340000000003,5,92.773043,453.775,456.475,441.4083,450.8583,450.4583
2025-12-09 06:00:00,453.775,453,120,0.0,0.0,87.174138,0.0,0.0,0.0,0.0,0.0,453.775,453,6.883299999999963,36.13329999999996,6,87.174138,451.275,459.8833,431.3,448.05,453.3083
2025-12-09 07:00:00,451.275,447,120,0.0,0.0,79.664655,0.0,0.0,0.0,0.0,0.0,451.275,447,-2.5,18.933299999999974,7,79.664655,456.475,453.7917,419.525,449.7,455.9917
2025-12-09 08:00:00,456.475,452,120,0.0,0.0,77.00531,0.0,0.0,0.0,0.0,0.0,456.475,452,5.2000000000000455,9.583300000000008,8,77.00531,459.8833,441.4083,412.85,451.7647,457.1167
2025-12-09 09:00:00,459.8833,455,120,0.0,0.0,72.899138,0.0,0.0,0.0,0.0,0.0,459.8833,455,3.408299999999997,6.1083000000000425,9,72.899138,453.7917,431.3,425.2,452.0,458.0168
2025-12-09 10:00:00,453.7917,448,120,0.0,0.0,71.166957,0.0,0.0,0.0,0.0,0.0,453.7917,448,-6.091600000000028,2.5167000000000144,10,71.166957,441.4083,419.525,439.475,452.0,457.2333
2025-12-09 11:00:00,441.4083,436,120,0.0,0.0,68.756035,0.0,0.0,0.0,0.0,0.0,441.4083,436,-12.383399999999995,-15.066700000000026,11,68.756035,431.3,412.85,450.8583,451.9748,458.6281
2025-12-09 12:00:00,431.3,425,120,0.0,0.0,59.728696,0.0,0.0,0.0,0.0,0.0,431.3,425,-10.108299999999986,-28.58330000000001,12,59.728696,419.525,425.2,448.05,452.0084,455.1008
2025-12-09 13:00:00,419.525,414,120,0.0,0.0,65.397391,0.0,0.0,0.0,0.0,0.0,419.525,414,-11.775000000000034,-34.266700000000014,13,65.397391,412.85,439.475,449.7,452.2167,443.314
2025-12-09 14:00:00,412.85,409,120,0.0,0.0,71.106035,0.0,0.0,0.0,0.0,0.0,412.85,409,-6.6749999999999545,-28.558299999999974,14,71.106035,425.2,450.8583,451.7647,451.9833,440.8739
2025-12-09 15:00:00,425.2,418,120,0.0,0.0,76.546087,0.0,0.0,0.0,0.0,0.0,425.2,418,12.349999999999966,-6.100000000000023,15,76.546087,439.475,448.05,452.0,451.9667,451.7417
2025-12-09 16:00:00,439.475,433,120,0.0,0.0,80.77193,0.0,0.0,0.0,0.0,0.0,439.475,433,14.275000000000034,19.950000000000045,16,80.77193,450.8583,449.7,452.0,451.95,452.7417
2025-12-09 17:00:00,450.8583,398,120,0.25,0.25,86.694737,0.25,0.2500000000000142,0.2500000000000071,0.2500000000000071,0.25,450.8583,398,11.383299999999963,38.00829999999996,17,86.694737,448.05,451.7647,451.9748,450.4583,451.7167
2025-12-09 18:00:00,448.05,350,120,0.51,0.51,94.007826,0.51,0.7600000000000142,0.7600000000000071,0.7600000000000071,0.51,448.05,350,-2.8082999999999743,22.850000000000023,18,94.007826,449.7,452.0,452.0084,453.3083,431.2689
2025-12-09 19:00:00,449.7,269,120,0.25,0.51,91.574562,0.25,1.0100000000000142,1.0100000000000071,1.0100000000000071,0.51,449.7,269,1.6499999999999773,10.224999999999966,19,91.574562,451.7647,452.0,452.2167,455.9917,445.4417
2025-12-09 20:00:00,451.7647,451,119,0.0,0.51,90.70531,0.0,0.7600000000000142,1.0100000000000071,1.0100000000000071,0.51,451.7647,451,2.064700000000016,0.9064000000000192,20,90.70531,452.0,451.9748,451.9833,457.1167,452.95
2025-12-09 21:00:00,452.0,452,120,0.0,0.51,88.04087,0.0,0.2500000000000142,1.0100000000000071,1.0100000000000071,0.51,452.0,452,0.23529999999999518,3.9499999999999886,21,88.04087,452.0,452.0084,451.9667,458.0168,453.6167
2025-12-09 22:00:00,452.0,452,120,0.0,0.51,88.625862,0.0,0.0,1.0100000000000071,1.0100000000000071,0.51,452.0,452,0.0,2.3000000000000114,22,88.625862,451.9748,452.2167,451.95,457.2333,451.325
2025-12-09 23:00:00,451.9748,451,119,0.0,0.51,92.708772,0.0,0.0,0.7600000000000071,1.0100000000000071,0.51,451.9748,451,-0.025199999999983902,0.21010000000001128,23,92.708772,452.0084,451.9833,450.4583,458.6281,440.2917
2025-12-10 00:00:00,452.0084,451,119,0.0,0.51,92.844828,0.0,0.0,0.2500000000000071,1.0100000000000071,0.51,452.0084,451,0.033599999999978536,0.008399999999994634,0,92.844828,452.2167,451.9667,453.3083,455.1008,430.0504
2025-12-10 01:00:00,452.2167,451,120,0.0,0.51,91.559649,0.0,0.0,0.0,1.0100000000000071,0.51,452.2167,451,0.20830000000000837,0.216700000000003,1,91.559649,451.9833,451.95,455.9917,443.314,421.1
2025-12-10 02:00:00,451.9833,451,120,0.0,0.51,94.81453,0.0,0.0,0.0,1.0100000000000071,0.51,451.9833,451,-0.23340000000001737,0.008499999999969532,2,94.81453,451.9667,450.4583,457.1167,440.8739,421.2583
2025-12-10 03:00:00,451.9667,451,120,0.0,0.51,95.613044,0.0,0.0,0.0,1.0100000000000071,0.51,451.9667,451,-0.01659999999998263,-0.04169999999999163,3,95.613044,451.95,453.3083,458.0168,451.7417,442.4083
2025-12-10 04:00:00,451.95,451,120,0.0,0.51,97.12069,0.0,0.0,0.0,1.0100000000000071,0.51,451.95,451,-0.01670000000001437,-0.26670000000001437,4,97.12069,450.4583,455.9917,457.2333,452.7417,453.6833
2025-12-10 05:00:00,450.4583,447,120,0.0,0.51,95.607017,0.0,0.0,0.0,0.7600000000000071,0.51,450.4583,447,-1.4916999999999803,-1.5249999999999773,5,95.607017,453.3083,457.1167,458.6281,451.7167,457.479
2025-12-10 06:00:00,453.3083,446,120,0.0,0.51,83.131896,0.0,0.0,0.0,0.2500000000000071,0.51,453.3083,446,2.849999999999966,1.3415999999999713,6,83.131896,455.9917,458.0168,455.1008,431.2689,461.3866
2025-12-10 07:00:00,455.9917,454,120,0.25,0.76,78.981739,0.25,0.2500000000000142,0.2500000000000071,0.2500000000000071,0.76,455.9917,454,2.683400000000006,4.041699999999992,7,78.981739,457.1167,457.2333,443.314,445.4417,462.7479
2025-12-10 08:00:00,457.1167,455,120,0.25,0.76,68.787931,0.25,0.5000000000000142,0.5000000000000071,0.5000000000000071,0.76,457.1167,455,1.125,6.658399999999972,8,68.787931,458.0168,458.6281,440.8739,452.95,466.0
2025-12-10 09:00:00,458.0168,456,119,0.0,0.76,63.846956,0.0,0.5000000000000142,0.5000000000000071,0.5000000000000071,0.76,458.0168,456,0.900100000000009,4.708500000000015,9,63.846956,457.2333,455.1008,451.7417,453.6167,466.0
2025-12-10 10:00:00,457.2333,455,120,0.0,0.76,68.861739,0.0,0.2500000000000142,0.5000000000000071,0.5000000000000071,0.76,457.2333,455,-0.7835000000000036,1.2416000000000054,10,68.861739,458.6281,443.314,452.7417,451.325,466.0
2025-12-10 11:00:00,458.6281,455,121,0.0,0.76,62.486956,0.0,0.0,0.5000000000000071,0.5000000000000071,0.76,458.6281,455,1.394800000000032,1.5114000000000374,11,62.486956,455.1008,440.8739,451.7167,440.2917,463.725
2025-12-10 12:00:00,455.1008,449,119,0.0,0.76,56.960869,0.0,0.0,0.5000000000000071,0.5000000000000071,0.76,455.1008,449,-3.527300000000025,-2.915999999999997,12,56.960869,443.314,451.7417,431.2689,430.0504,454.2083
2025-12-10 13:00:00,443.314,437,121,0.0,0.76,56.010435,0.0,0.0,0.2500000000000071,0.5000000000000071,0.76,443.314,437,-11.786799999999971,-13.919299999999964,13,56.010435,440.8739,452.7417,445.4417,421.1,460.8167
2025-12-10 14:00:00,440.8739,435,119,0.0,0.76,65.015652,0.0,0.0,0.0,0.5000000000000071,0.76,440.8739,435,-2.4401000000000295,-17.754200000000026,14,65.015652,451.7417,451.7167,452.95,421.2583,465.9583
2025-12-10 15:00:00,451.7417,356,120,5.59,6.35,78.118103,5.59,5.590000000000014,5.590000000000007,6.090000000000007,6.35,451.7417,356,10.867799999999988,-3.359100000000012,15,78.118103,452.7417,431.2689,453.6167,442.4083,460.8167
2025-12-10 16:00:00,452.7417,451,120,11.18,12.45,99.273913,11.18,16.770000000000014,16.770000000000007,17.270000000000007,12.45,452.7417,451,1.0,9.427699999999959,16,99.273913,451.7167,445.4417,451.325,453.6833,461.75
2025-12-10 17:00:00,451.7167,340,120,5.84,12.7,99.726724,5.84,22.610000000000014,22.610000000000007,23.110000000000007,12.7,451.7167,340,-1.0249999999999773,10.842800000000011,17,99.726724,431.2689,452.95,440.2917,457.479,461.1833
2025-12-10 18:00:00,431.2689,256,119,0.25,12.45,97.084071,0.25,17.270000000000014,22.860000000000007,23.360000000000007,12.45,431.2689,256,-20.44780000000003,-20.472800000000007,18,97.084071,445.4417,453.6167,430.0504,461.3866,398.7417
2025-12-10 19:00:00,445.4417,312,120,0.25,12.45,97.841593,0.25,6.340000000000014,23.110000000000007,23.360000000000007,12.45,445.4417,312,14.172800000000052,-7.2999999999999545,19,97.841593,452.95,451.325,421.1,462.7479,392.7417
2025-12-10 20:00:00,452.95,452,120,0.51,12.95,97.432456,0.51,1.0100000000000142,23.620000000000008,23.620000000000008,12.95,452.95,452,7.508299999999963,1.2332999999999856,20,97.432456,453.6167,440.2917,421.2583,466.0,389.65
2025-12-10 21:00:00,453.6167,452,120,1.78,14.99,99.966957,1.78,2.5400000000000142,19.810000000000006,25.400000000000006,14.99,453.6167,452,0.6666999999999916,22.347800000000007,21,99.966957,451.325,430.0504,442.4083,466.0,384.0167
2025-12-10 22:00:00,451.325,446,120,1.78,15.49,100.0,1.78,4.0700000000000145,10.410000000000007,27.180000000000007,15.49,451.325,446,-2.2916999999999916,5.883299999999963,22,100.0,440.2917,421.1,453.6833,466.0,375.1
2025-12-10 23:00:00,440.2917,435,120,0.76,15.75,100.0,0.76,4.3200000000000145,5.330000000000007,27.940000000000005,15.75,440.2917,435,-11.033299999999997,-12.658299999999997,23,100.0,430.0504,421.2583,457.479,463.725,366.5333
2025-12-11 00:00:00,430.0504,425,119,0.0,15.75,100.0,0.0,2.5400000000000142,5.080000000000007,27.940000000000005,15.75,430.0504,425,-10.241299999999967,-23.566299999999956,0,100.0,421.1,442.4083,461.3866,454.2083,362.8655
2025-12-11 01:00:00,421.1,417,120,0.0,15.75,100.0,0.0,0.7600000000000142,4.830000000000007,27.940000000000005,15.75,421.1,417,-8.950400000000002,-30.224999999999966,1,100.0,421.2583,453.6833,462.7479,460.8167,363.7899
2025-12-11 02:00:00,421.2583,275,120,0.25,16.0,100.0,0.25,0.2500000000000142,4.570000000000007,28.190000000000005,16.0,421.2583,275,0.158299999999997,-19.033399999999972,2,100.0,442.4083,457.479,466.0,465.9583,366.5917
2025-12-11 03:00:00,442.4083,433,120,0.25,16.0,99.955173,0.25,0.5000000000000142,3.040000000000007,22.85000000000001,16.0,442.4083,433,21.149999999999977,12.357899999999972,3,99.955173,453.6833,461.3866,466.0,460.8167,368.2833
2025-12-11 04:00:00,453.6833,444,120,0.0,16.0,99.868966,0.0,0.5000000000000142,1.2600000000000071,11.670000000000007,16.0,453.6833,444,11.274999999999977,32.58329999999995,4,99.868966,457.479,462.7479,466.0,461.75,362.1333
2025-12-11 05:00:00,457.479,452,119,0.0,16.0,98.922609,0.0,0.2500000000000142,0.5000000000000071,5.830000000000007,16.0,457.479,452,3.7957000000000107,36.220699999999965,5,98.922609,461.3866,466.0,463.725,461.1833,372.7083
2025-12-11 06:00:00,461.3866,453,119,0.0,16.0,92.931897,0.0,0.0,0.5000000000000071,5.580000000000007,16.0,461.3866,453,3.907600000000002,18.97829999999999,6,92.931897,462.7479,466.0,454.2083,398.7417,383.8917
2025-12-11 07:00:00,462.7479,454,119,0.0,16.0,88.369565,0.0,0.0,0.5000000000000071,5.330000000000007,16.0,462.7479,454,1.3613000000000284,9.064600000000041,7,88.369565,466.0,466.0,460.8167,392.7417,395.25
2025-12-11 08:00:00,466.0,455,120,0.0,15.75,80.953448,0.0,0.0,0.2500000000000071,4.820000000000007,15.75,466.0,455,3.2520999999999844,8.521000000000015,8,80.953448,466.0,463.725,465.9583,389.65,404.6833
2025-12-11 09:00:00,466.0,457,120,0.0,15.75,69.615652,0.0,0.0,0.0,3.040000000000007,15.75,466.0,457,0.0,4.613400000000013,9,69.615652,466.0,454.2083,460.8167,384.0167,413.4333
2025-12-11 10:00:00,466.0,458,120,0.0,15.75,60.731896,0.0,0.0,0.0,1.2600000000000071,15.75,466.0,458,0.0,3.2520999999999844,10,60.731896,463.725,460.8167,461.75,375.1,421.7167
2025-12-11 11:00:00,463.725,458,120,0.0,15.75,68.684348,0.0,0.0,0.0,0.5000000000000071,15.75,463.725,458,-2.2749999999999773,-2.2749999999999773,11,68.684348,454.2083,465.9583,461.1833,366.5333,430.9083
2025-12-11 12:00:00,454.2083,351,120,0.51,16.26,72.474783,0.51,0.5100000000000142,0.5100000000000071,1.0100000000000071,16.26,454.2083,351,-9.516700000000014,-11.791699999999992,12,72.474783,460.8167,460.8167,398.7417,362.8655,429.7167
2025-12-11 13:00:00,460.8167,454,120,0.51,16.26,75.601739,0.51,1.0200000000000142,1.0200000000000071,1.5200000000000071,16.26,460.8167,454,6.608400000000017,-5.183299999999974,13,75.601739,465.9583,461.75,392.7417,363.7899,429.825
2025-12-11 14:00:00,465.9583,465,120,0.0,16.26,71.811207,0.0,1.0200000000000142,1.0200000000000071,1.2700000000000071,16.26,465.9583,465,5.141599999999983,2.2332999999999856,14,71.811207,460.8167,461.1833,389.65,366.5917,443.4833
2025-12-11 15:00:00,460.8167,282,120,3.81,20.32,87.715652,3.81,4.3200000000000145,4.830000000000007,4.830000000000007,20.32,460.8167,282,-5.141599999999983,6.608400000000017,15,87.715652,461.75,398.7417,384.0167,368.2833,456.6583
2025-12-11 16:00:00,461.75,452,120,3.81,12.45,93.504348,3.81,7.620000000000014,8.640000000000008,8.640000000000008,12.45,461.75,452,0.9332999999999743,0.9332999999999743,16,93.504348,461.1833,392.7417,375.1,362.1333,462.45
2025-12-11 17:00:00,461.1833,452,120,21.84,30.23,99.188696,21.84,29.460000000000015,30.480000000000008,30.480000000000008,30.23,461.1833,452,-0.5667000000000257,-4.775000000000034,17,99.188696,398.7417,389.65,366.5333,372.7083,448.9412
2025-12-11 18:00:00,398.7417,238,120,22.35,30.73,100.0,22.35,48.000000000000014,52.32000000000001,52.83000000000001,30.73,398.7417,238,-62.441599999999994,-62.075000000000045,18,100.0,392.7417,384.0167,362.8655,383.8917,439.2393
2025-12-11 19:00:00,392.7417,280,120,0.25,30.48,100.0,0.25,44.44000000000002,52.06000000000001,53.08000000000001,30.48,392.7417,280,-6.0,-69.00830000000002,19,100.0,389.65,375.1,363.7899,395.25,454.775
2025-12-11 20:00:00,389.65,387,120,2.03,31.75,100.0,2.03,24.630000000000017,54.09000000000001,55.11000000000001,31.75,389.65,387,-3.091700000000003,-71.5333,20,100.0,384.0167,366.5333,366.5917,404.6833,462.7417
2025-12-11 21:00:00,384.0167,379,120,3.81,34.04,100.0,3.81,6.090000000000014,54.09,58.92000000000001,34.04,384.0167,379,-5.633299999999963,-14.724999999999966,21,100.0,375.1,362.8655,368.2833,413.4333,458.9667
2025-12-11 22:00:00,375.1,370,120,3.81,36.83,100.0,3.81,9.650000000000015,54.09000000000001,62.73000000000001,36.83,375.1,370,-8.916699999999992,-17.641699999999958,22,100.0,366.5333,363.7899,362.1333,421.7167,449.5966
2025-12-11 23:00:00,366.5333,364,120,3.81,37.59,100.0,3.81,11.43,36.06000000000001,66.54,37.59,366.5333,364,-8.566700000000026,-23.11669999999998,23,100.0,362.8655,366.5917,372.7083,430.9083,445.6833
2025-12-12 00:00:00,362.8655,327,119,0.76,37.59,100.0,0.76,8.380000000000015,14.470000000000008,66.79,37.59,362.8655,327,-3.6677999999999997,-21.151200000000017,0,100.0,363.7899,368.2833,383.8917,429.7167,436.4958
2025-12-12 01:00:00,363.7899,363,119,0.0,37.59,100.0,0.0,4.570000000000014,14.220000000000008,66.28000000000002,37.59,363.7899,363,0.9243999999999915,-11.310100000000034,1,100.0,366.5917,362.1333,395.25,429.825,431.2167
2025-12-12 02:00:00,366.5917,365,120,0.0,37.59,100.0,0.0,0.7600000000000142,12.190000000000008,66.28000000000002,37.59,366.5917,365,2.8018000000000143,0.058400000000006,2,100.0,368.2833,372.7083,404.6833,443.4833,426.8417
2025-12-12 03:00:00,368.2833,364,120,0.0,37.34,100.0,0.0,0.0,8.380000000000008,62.47000000000001,37.34,368.2833,364,1.691599999999994,5.4178,3,100.0,362.1333,383.8917,413.4333,456.6583,424.425
2025-12-12 04:00:00,362.1333,359,120,0.0,37.34,100.0,0.0,0.0,4.5700000000000065,58.66000000000001,37.34,362.1333,359,-6.149999999999977,-1.656599999999969,4,100.0,372.7083,395.25,421.7167,462.45,423.9833
2025-12-12 05:00:00,372.7083,367,120,0.0,37.34,100.0,0.0,0.0,0.7600000000000071,36.82000000000001,37.34,372.7083,367,10.574999999999989,6.116600000000005,5,100.0,383.8917,404.6833,430.9083,448.9412,425.8
2025-12-12 06:00:00,383.8917,379,120,0.25,37.59,100.0,0.25,0.2500000000000142,0.2500000000000071,14.720000000000008,37.59,383.8917,379,11.183400000000006,15.608400000000017,6,100.0,395.25,413.4333,429.7167,439.2393,431.2083
2025-12-12 07:00:00,395.25,390,120,0.76,38.35,90.055172,0.76,1.0100000000000142,1.0100000000000071,15.230000000000008,38.35,395.25,390,11.358299999999986,33.11669999999998,7,90.055172,404.6833,421.7167,429.825,454.775,436.9333
2025-12-12 08:00:00,404.6833,400,120,0.51,38.35,64.472174,0.51,1.5200000000000142,1.5200000000000071,13.710000000000008,38.35,404.6833,400,9.433299999999974,31.974999999999966,8,64.472174,413.4333,430.9083,443.4833,462.7417,444.8833
2025-12-12 09:00:00,413.4333,410,120,0.0,38.35,55.154783,0.0,1.2700000000000142,1.5200000000000071,9.900000000000007,38.35,413.4333,410,8.75,29.54159999999996,9,55.154783,421.7167,429.7167,456.6583,458.9667,455.575
2025-12-12 10:00:00,421.7167,417,120,0.0,38.35,61.168965,0.0,0.5100000000000142,1.5200000000000071,6.090000000000007,38.35,421.7167,417,8.283400000000029,26.466700000000003,10,61.168965,430.9083,429.825,462.45,449.5966,462.4667
2025-12-12 11:00:00,430.9083,426,120,0.0,38.35,66.214912,0.0,0.0,1.5200000000000071,2.2800000000000074,38.35,430.9083,426,9.191599999999994,26.225000000000023,11,66.214912,429.7167,443.4833,448.9412,445.6833,462.125
2025-12-12 12:00:00,429.7167,423,120,0.0,38.35,63.173913,0.0,0.0,1.2700000000000071,1.5200000000000071,38.35,429.7167,423,-1.191599999999994,16.28340000000003,12,63.173913,429.825,456.6583,439.2393,436.4958,453.8
2025-12-12 13:00:00,429.825,422,120,0.0,37.59,66.800877,0.0,0.0,0.5100000000000071,1.5200000000000071,37.59,429.825,422,0.10829999999998563,8.108299999999986,13,66.800877,443.4833,462.45,454.775,431.2167,440.8167
2025-12-12 14:00:00,443.4833,437,120,0.0,37.59,64.467826,0.0,0.0,0.0,1.5200000000000071,37.59,443.4833,437,13.658299999999997,12.574999999999989,14,64.467826,456.6583,448.9412,462.7417,426.8417,430.8917
2025-12-12 15:00:00,456.6583,450,120,0.0,37.59,64.030172,0.0,0.0,0.0,1.5200000000000071,37.59,456.6583,450,13.175000000000011,26.941599999999994,15,64.030172,462.45,439.2393,458.9667,424.425,421.2667
2025-12-12 16:00:00,462.45,458,120,0.0,33.78,73.907894,0.0,0.0,0.0,1.5200000000000071,33.78,462.45,458,5.791699999999992,32.625,16,73.907894,448.9412,454.775,449.5966,423.9833,413.65
2025-12-12 17:00:00,448.9412,291,119,0.25,33.78,78.748695,0.25,0.2500000000000142,0.2500000000000071,1.7700000000000071,33.78,448.9412,291,-13.508800000000008,5.457899999999995,17,78.748695,439.2393,462.7417,445.6833,425.8,404.7333
2025-12-12 18:00:00,439.2393,279,117,0.25,11.68,82.536842,0.25,0.5000000000000142,0.5000000000000071,1.7700000000000071,11.68,439.2393,279,-9.701899999999966,-17.418999999999983,18,82.536842,454.775,458.9667,436.4958,431.2083,398.1667
2025-12-12 19:00:00,454.775,338,120,1.78,13.46,92.753509,1.78,2.2800000000000145,2.2800000000000074,2.790000000000007,13.46,454.775,338,15.535699999999963,-7.675000000000011,19,92.753509,462.7417,449.5966,431.2167,436.9333,404.45
2025-12-12 20:00:00,462.7417,461,120,1.78,13.46,99.996522,1.78,3.8100000000000143,4.060000000000008,4.060000000000008,13.46,462.7417,461,7.966700000000003,13.8005,20,99.996522,458.9667,445.6833,426.8417,444.8833,415.9167
2025-12-12 21:00:00,458.9667,453,120,0.0,10.92,94.451304,0.0,3.5600000000000143,4.060000000000008,4.060000000000008,10.92,458.9667,453,-3.7749999999999773,19.72739999999999,21,94.451304,449.5966,436.4958,424.425,455.575,408.5833
2025-12-12 22:00:00,449.5966,446,119,4.06,7.62,96.291304,4.06,5.840000000000014,8.120000000000006,8.120000000000008,7.62,449.5966,446,-9.37009999999998,-5.178399999999954,22,96.291304,445.6833,431.2167,423.9833,462.4667,402.55
2025-12-12 23:00:00,445.6833,300,120,10.41,13.72,100.0,10.41,14.470000000000013,18.28000000000001,18.53000000000001,13.72,445.6833,300,-3.9133000000000493,-17.058400000000006,23,100.0,436.4958,426.8417,425.8,462.125,397.5167
2025-12-13 00:00:00,436.4958,434,119,5.59,13.72,98.796522,5.59,20.060000000000013,23.620000000000005,24.120000000000008,13.72,436.4958,434,-9.1875,-22.47090000000003,0,98.796522,431.2167,424.425,431.2083,453.8,393.6387
2025-12-13 01:00:00,431.2167,429,120,0.25,13.72,97.737391,0.25,16.250000000000014,22.090000000000003,24.370000000000008,13.72,431.2167,429,-5.279099999999971,-18.37990000000002,1,97.737391,426.8417,423.9833,436.9333,440.8167,390.7167
2025-12-13 02:00:00,426.8417,425,120,0.0,13.72,99.741379,0.0,5.840000000000014,20.31000000000001,24.370000000000008,13.72,426.8417,425,-4.375,-18.84159999999997,2,99.741379,424.425,425.8,444.8833,430.8917,388.3417
2025-12-13 03:00:00,424.425,423,120,0.0,13.72,100.0,0.0,0.2500000000000142,20.31000000000001,24.370000000000008,13.72,424.425,423,-2.4166999999999916,-12.070799999999963,3,100.0,423.9833,431.2083,455.575,421.2667,386.7333
2025-12-13 04:00:00,423.9833,423,120,0.0,13.72,100.0,0.0,0.0,16.250000000000007,24.370000000000008,13.72,423.9833,423,-0.44170000000002574,-7.233400000000017,4,100.0,425.8,436.9333,462.4667,413.65,387.6083
2025-12-13 05:00:00,425.8,424,120,0.0,13.72,98.342241,0.0,0.0,5.840000000000007,24.120000000000008,13.72,425.8,424,1.8167000000000257,-1.0416999999999916,5,98.342241,431.2083,444.8833,462.125,404.7333,405.9083
2025-12-13 06:00:00,431.2083,428,120,0.0,13.72,88.657391,0.0,0.0,0.2500000000000071,23.870000000000008,13.72,431.2083,428,5.408299999999997,6.783299999999997,6,88.657391,436.9333,455.575,453.8,398.1667,426.3697
2025-12-13 07:00:00,436.9333,434,120,0.0,13.46,86.371552,0.0,0.0,0.0,22.090000000000007,13.46,436.9333,434,5.724999999999966,12.949999999999989,7,86.371552,444.8833,462.4667,440.8167,404.45,446.8333
2025-12-13 08:00:00,444.8833,440,120,0.0,12.7,77.536207,0.0,0.0,0.0,20.31000000000001,12.7,444.8833,440,7.9500000000000455,19.08330000000001,8,77.536207,455.575,462.125,430.8917,415.9167,464.725
2025-12-13 09:00:00,455.575,450,120,0.0,12.7,66.575652,0.0,0.0,0.0,20.31000000000001,12.7,455.575,450,10.691699999999969,24.36669999999998,9,66.575652,462.4667,453.8,421.2667,408.5833,466.0
2025-12-13 10:00:00,462.4667,460,120,0.0,12.7,63.436522,0.0,0.0,0.0,16.250000000000007,12.7,462.4667,460,6.891700000000014,25.53340000000003,10,63.436522,462.125,440.8167,413.65,402.55,463.55
2025-12-13 11:00:00,462.125,458,120,0.0,12.7,64.050877,0.0,0.0,0.0,5.840000000000007,12.7,462.125,458,-0.341700000000003,17.24169999999998,11,64.050877,453.8,430.8917,404.7333,397.5167,465.1333
2025-12-13 12:00:00,453.8,446,120,0.0,12.7,61.06087,0.0,0.0,0.0,0.2500000000000071,12.7,453.8,446,-8.324999999999989,-1.7749999999999773,12,61.06087,440.8167,421.2667,398.1667,393.6387,466.0
2025-12-13 13:00:00,440.8167,436,120,0.0,12.7,61.27913,0.0,0.0,0.0,0.0,12.7,440.8167,436,-12.983299999999986,-21.649999999999977,13,61.27913,430.8917,413.65,404.45,390.7167,464.7583
2025-12-13 14:00:00,430.8917,425,120,0.0,12.7,61.94569,0.0,0.0,0.0,0.0,12.7,430.8917,425,-9.925000000000011,-31.233299999999986,14,61.94569,421.2667,404.7333,415.9167,388.3417,463.425
2025-12-13 15:00:00,421.2667,418,120,0.0,12.7,64.06087,0.0,0.0,0.0,0.0,12.7,421.2667,418,-9.625,-32.5333,15,64.06087,413.65,398.1667,408.5833,386.7333,463.5167
2025-12-13 16:00:00,413.65,410,120,0.0,12.7,63.258261,0.0,0.0,0.0,0.0,12.7,413.65,410,-7.616700000000037,-27.16670000000005,16,63.258261,404.7333,404.45,402.55,387.6083,464.1583
2025-12-13 17:00:00,404.7333,401,120,0.0,12.7,68.07069,0.0,0.0,0.0,0.0,12.7,404.7333,401,-8.916699999999992,-26.15840000000003,17,68.07069,398.1667,415.9167,397.5167,405.9083,462.7583
2025-12-13 18:00:00,398.1667,396,120,0.0,12.45,78.481579,0.0,0.0,0.0,0.0,12.45,398.1667,396,-6.566599999999994,-23.100000000000023,18,78.481579,404.45,408.5833,393.6387,426.3697,460.9167
2025-12-13 19:00:00,404.45,395,120,0.0,12.45,83.004348,0.0,0.0,0.0,0.0,12.45,404.45,395,6.283299999999997,-9.199999999999989,19,83.004348,415.9167,402.55,390.7167,446.8333,459.0252
2025-12-13 20:00:00,415.9167,412,120,0.0,10.67,84.753044,0.0,0.0,0.0,0.0,10.67,415.9167,412,11.466700000000003,11.183400000000006,20,84.753044,408.5833,397.5167,388.3417,464.725,461.6917
2025-12-13 21:00:00,408.5833,405,120,0.0,10.67,84.470435,0.0,0.0,0.0,0.0,10.67,408.5833,405,-7.333399999999983,10.416600000000017,21,84.470435,402.55,393.6387,386.7333,466.0,463.05
2025-12-13 22:00:00,402.55,400,120,0.0,10.67,86.253043,0.0,0.0,0.0,0.0,10.67,402.55,400,-6.033299999999997,-1.8999999999999773,22,86.253043,397.5167,390.7167,387.6083,463.55,455.3083
2025-12-13 23:00:00,397.5167,396,120,0.0,2.54,87.836522,0.0,0.0,0.0,0.0,2.54,397.5167,396,-5.033299999999997,-18.399999999999977,23,87.836522,393.6387,388.3417,405.9083,465.1333,447.4417
2025-12-14 00:00:00,393.6387,392,119,0.0,0.25,89.870434,0.0,0.0,0.0,0.0,0.25,393.6387,392,-3.8780000000000427,-14.944600000000037,0,89.870434,390.7167,386.7333,426.3697,466.0,440.5652
2025-12-14 01:00:00,390.7167,389,120,0.0,0.0,89.912174,0.0,0.0,0.0,0.0,0.0,390.7167,389,-2.9219999999999686,-11.833300000000008,1,89.912174,388.3417,387.6083,446.8333,464.7583,434.2167
2025-12-14 02:00:00,388.3417,387,120,0.0,0.0,90.342609,0.0,0.0,0.0,0.0,0.0,388.3417,387,-2.375,-9.175000000000011,2,90.342609,386.7333,405.9083,464.725,463.425,428.45
2025-12-14 03:00:00,386.7333,386,120,0.0,0.0,90.617391,0.0,0.0,0.0,0.0,0.0,386.7333,386,-1.6084000000000174,-6.905399999999986,3,90.617391,387.6083,426.3697,466.0,463.5167,426.3417
2025-12-14 04:00:00,387.6083,385,120,0.0,0.0,91.243478,0.0,0.0,0.0,0.0,0.0,387.6083,385,0.875,-3.1084000000000174,4,91.243478,405.9083,446.8333,463.55,464.1583,445.025
2025-12-14 05:00:00,405.9083,395,120,0.0,0.0,90.374138,0.0,0.0,0.0,0.0,0.0,405.9083,395,18.30000000000001,17.566599999999994,5,90.374138,426.3697,464.725,465.1333,462.7583,461.0417
2025-12-14 06:00:00,426.3697,416,119,0.0,0.0,85.159131,0.0,0.0,0.0,0.0,0.0,426.3697,416,20.461400000000026,39.63640000000004,6,85.159131,446.8333,466.0,466.0,460.9167,466.0
2025-12-14 07:00:00,446.8333,437,120,0.0,0.0,79.552174,0.0,0.0,0.0,0.0,0.0,446.8333,437,20.463599999999985,59.22500000000002,7,79.552174,464.725,463.55,464.7583,459.0252,466.0
2025-12-14 08:00:00,464.725,458,120,0.0,0.0,65.882758,0.0,0.0,0.0,0.0,0.0,464.725,458,17.891700000000014,58.816700000000026,8,65.882758,466.0,465.1333,463.425,461.6917,466.0
2025-12-14 09:00:00,466.0,466,120,0.0,0.0,64.266087,0.0,0.0,0.0,0.0,0.0,466.0,466,1.2749999999999773,39.63029999999998,9,64.266087,463.55,466.0,463.5167,463.05,466.0
2025-12-14 10:00:00,463.55,460,120,0.0,0.0,65.088695,0.0,0.0,0.0,0.0,0.0,463.55,460,-2.4499999999999886,16.716700000000003,10,65.088695,465.1333,464.7583,464.1583,455.3083,465.3833
2025-12-14 11:00:00,465.1333,462,120,0.0,0.0,65.556522,0.0,0.0,0.0,0.0,0.0,465.1333,462,1.5833000000000084,0.408299999999997,11,65.556522,466.0,463.425,462.7583,447.4417,458.575
2025-12-14 12:00:00,466.0,466,120,0.0,0.0,65.995652,0.0,0.0,0.0,0.0,0.0,466.0,466,0.8666999999999803,0.0,12,65.995652,464.7583,463.5167,460.9167,440.5652,453.0917
2025-12-14 13:00:00,464.7583,460,120,0.0,0.0,69.835652,0.0,0.0,0.0,0.0,0.0,464.7583,460,-1.2416999999999803,1.2083000000000084,13,69.835652,463.425,464.1583,459.0252,434.2167,447.4333
2025-12-14 14:00:00,463.425,460,120,4.32,4.32,90.884348,4.32,4.3200000000000145,4.320000000000007,4.320000000000007,4.32,463.425,460,-1.3333000000000084,-1.7083000000000084,14,90.884348,463.5167,462.7583,461.6917,428.45,442.4083
2025-12-14 15:00:00,463.5167,456,120,4.32,4.32,99.927826,4.32,8.640000000000015,8.640000000000008,8.640000000000008,4.32,463.5167,456,0.091700000000003,-2.4832999999999856,15,99.927826,464.1583,460.9167,463.05,426.3417,428.3583
2025-12-14 16:00:00,464.1583,456,120,0.0,4.32,100.0,0.0,8.640000000000015,8.640000000000008,8.640000000000008,4.32,464.1583,456,0.6415999999999826,-0.6000000000000227,16,100.0,462.7583,459.0252,455.3083,445.025,368.0
2025-12-14 17:00:00,462.7583,461,120,0.0,4.32,98.292174,0.0,4.3200000000000145,8.640000000000008,8.640000000000008,4.32,462.7583,461,-1.3999999999999773,-0.6666999999999916,17,98.292174,460.9167,461.6917,447.4417,461.0417,368.0
2025-12-14 18:00:00,460.9167,314,120,0.0,4.32,96.36,0.0,0.0,8.640000000000008,8.640000000000008,4.32,460.9167,314,-1.841600000000028,-2.6000000000000227,18,96.36,459.0252,463.05,440.5652,466.0,368.0
2025-12-14 19:00:00,459.0252,454,119,0.0,4.32,97.742983,0.0,0.0,8.640000000000008,8.640000000000008,4.32,459.0252,454,-1.8915000000000077,-5.133100000000013,19,97.742983,461.6917,455.3083,434.2167,466.0,368.0
2025-12-14 20:00:00,461.6917,458,120,0.0,4.32,98.393043,0.0,0.0,4.320000000000007,8.640000000000008,4.32,461.6917,458,2.666500000000042,-1.066599999999994,20,98.393043,463.05,447.4417,428.45,466.0,368.0
2025-12-14 21:00:00,463.05,435,120,0.0,4.32,97.109565,0.0,0.0,0.0,8.640000000000008,4.32,463.05,435,1.3582999999999856,2.1333000000000197,21,97.109565,455.3083,440.5652,426.3417,466.0,368.0
2025-12-14 22:00:00,455.3083,451,120,0.0,4.32,98.101739,0.0,0.0,0.0,8.640000000000008,4.32,455.3083,451,-7.741700000000037,-3.7169000000000096,22,98.101739,447.4417,434.2167,445.025,465.3833,389.1333
2025-12-14 23:00:00,447.4417,444,120,0.0,4.32,97.707759,0.0,0.0,0.0,8.640000000000008,4.32,447.4417,444,-7.8665999999999485,-14.25,23,97.707759,440.5652,428.45,461.0417,458.575,423.5167
2025-12-15 00:00:00,440.5652,437,115,0.0,4.32,99.951351,0.0,0.0,0.0,8.640000000000008,4.32,440.5652,437,-6.876500000000021,-22.484800000000007,0,99.951351,434.2167,426.3417,466.0,453.0917,431.0504
2025-12-15 01:00:00,434.2167,431,120,0.0,4.32,95.755652,0.0,0.0,0.0,8.640000000000008,4.32,434.2167,431,-6.348500000000001,-21.09159999999997,1,95.755652,428.45,445.025,466.0,447.4333,438.3083
2025-12-15 02:00:00,428.45,425,120,0.0,4.32,91.290435,0.0,0.0,0.0,4.320000000000007,4.32,428.45,425,-5.766700000000014,-18.991700000000037,2,91.290435,426.3417,461.0417,466.0,442.4083,447.6083
2025-12-15 03:00:00,426.3417,423,120,0.0,4.32,96.730172,0.0,0.0,0.0,0.0,4.32,426.3417,423,-2.1082999999999856,-14.223500000000001,3,96.730172,445.025,466.0,466.0,428.3583,456.5583
2025-12-15 04:00:00,445.025,435,120,0.0,4.32,98.828947,0.0,0.0,0.0,0.0,4.32,445.025,435,18.683299999999974,10.808299999999974,4,98.828947,461.0417,466.0,465.3833,368.0,452.1083
2025-12-15 05:00:00,461.0417,455,120,0.0,4.32,96.147414,0.0,0.0,0.0,0.0,4.32,461.0417,455,16.016700000000014,32.5917,5,96.147414,466.0,466.0,458.575,368.0,460.85
2025-12-15 06:00:00,466.0,466,120,0.0,4.32,86.745217,0.0,0.0,0.0,0.0,4.32,466.0,466,4.958300000000008,39.6583,6,86.745217,466.0,466.0,453.0917,368.0,466.0
2025-12-15 07:00:00,466.0,466,120,0.0,4.32,79.733044,0.0,0.0,0.0,0.0,4.32,466.0,466,0.0,20.975000000000023,7,79.733044,466.0,465.3833,447.4333,368.0,466.0
2025-12-15 08:00:00,466.0,466,120,0.0,4.32,74.18087,0.0,0.0,0.0,0.0,4.32,466.0,466,0.0,4.958300000000008,8,74.18087,466.0,458.575,442.4083,368.0,466.0
2025-12-15 09:00:00,466.0,466,120,0.0,4.32,64.683478,0.0,0.0,0.0,0.0,4.32,466.0,466,0.0,0.0,9,64.683478,465.3833,453.0917,428.3583,368.0,466.0
2025-12-15 10:00:00,465.3833,462,120,0.0,4.32,59.093913,0.0,0.0,0.0,0.0,4.32,465.3833,462,-0.6166999999999803,-0.6166999999999803,10,59.093913,458.575,447.4333,368.0,389.1333,466.0
2025-12-15 11:00:00,458.575,456,120,0.0,4.32,58.988696,0.0,0.0,0.0,0.0,4.32,458.575,456,-6.808300000000031,-7.425000000000011,11,58.988696,453.0917,442.4083,368.0,423.5167,462.75
2025-12-15 12:00:00,453.0917,448,120,0.0,4.32,58.249565,0.0,0.0,0.0,0.0,4.32,453.0917,448,-5.483299999999986,-12.908299999999997,12,58.249565,447.4333,428.3583,368.0,431.0504,453.5583
2025-12-15 13:00:00,447.4333,446,120,0.0,4.32,55.254783,0.0,0.0,0.0,0.0,4.32,447.4333,446,-5.658400000000029,-17.950000000000045,13,55.254783,442.4083,368.0,368.0,438.3083,447.0833
2025-12-15 14:00:00,442.4083,438,120,0.0,4.32,56.292174,0.0,0.0,0.0,0.0,4.32,442.4083,438,-5.024999999999977,-16.16669999999999,14,56.292174,428.3583,368.0,368.0,447.6083,456.2333
2025-12-15 15:00:00,428.3583,368,120,10.16,10.16,77.062609,10.16,10.160000000000014,10.160000000000007,10.160000000000007,10.16,428.3583,368,-14.050000000000011,-24.733400000000017,15,77.062609,368.0,368.0,368.0,456.5583,464.5167
2025-12-15 16:00:00,368.0,368,120,16.76,16.76,100.0,16.76,26.920000000000016,26.92000000000001,26.92000000000001,16.76,368.0,368,-60.358299999999986,-79.43329999999997,16,100.0,368.0,368.0,389.1333,452.1083,465.75
2025-12-15 17:00:00,368.0,368,120,6.1,17.02,100.0,6.1,33.02000000000002,33.02000000000001,33.02000000000001,17.02,368.0,368,0.0,-74.4083,17,100.0,368.0,368.0,423.5167,460.85,459.6833
2025-12-15 18:00:00,368.0,368,120,0.0,17.02,100.0,0.0,22.860000000000014,33.02000000000001,33.02000000000001,17.02,368.0,368,0.0,-60.358299999999986,18,100.0,368.0,368.0,431.0504,466.0,453.5667
2025-12-15 19:00:00,368.0,368,120,0.0,17.02,100.0,0.0,6.100000000000014,33.02000000000001,33.02000000000001,17.02,368.0,368,0.0,0.0,19,100.0,368.0,389.1333,438.3083,466.0,462.3583
2025-12-15 20:00:00,368.0,368,120,0.0,17.02,100.0,0.0,0.0,33.02000000000001,33.02000000000001,17.02,368.0,368,0.0,0.0,20,100.0,368.0,423.5167,447.6083,466.0,464.6667
2025-12-15 21:00:00,368.0,368,120,0.0,17.02,100.0,0.0,0.0,22.860000000000007,33.02000000000001,17.02,368.0,368,0.0,0.0,21,100.0,389.1333,431.0504,456.5583,466.0,465.395
2025-12-15 22:00:00,389.1333,368,120,0.0,17.02,100.0,0.0,0.0,6.100000000000007,33.02000000000001,17.02,389.1333,368,21.13330000000002,21.13330000000002,22,100.0,423.5167,438.3083,452.1083,466.0,464.475
2025-12-15 23:00:00,423.5167,420,120,0.0,17.02,100.0,0.0,0.0,0.0,33.02000000000001,17.02,423.5167,420,34.383399999999995,55.516700000000014,23,100.0,431.0504,447.6083,460.85,462.75,460.2833
2025-12-16 00:00:00,431.0504,427,119,0.0,17.02,100.0,0.0,0.0,0.0,33.02000000000001,17.02,431.0504,427,7.53370000000001,63.050400000000025,0,100.0,438.3083,456.5583,466.0,453.5583,447.5847
2025-12-16 01:00:00,438.3083,295,120,0.25,17.27,100.0,0.25,0.2500000000000142,0.2500000000000071,33.27000000000001,17.27,438.3083,295,7.25789999999995,49.174999999999955,1,100.0,447.6083,452.1083,466.0,447.0833,436.395
2025-12-16 02:00:00,447.6083,288,120,0.25,17.27,96.224347,0.25,0.5000000000000142,0.5000000000000071,33.52000000000001,17.27,447.6083,288,9.300000000000011,24.09159999999997,2,96.224347,456.5583,460.85,466.0,456.2333,424.3333
2025-12-16 03:00:00,456.5583,406,120,0.0,17.27,92.084483,0.0,0.5000000000000142,0.5000000000000071,23.360000000000007,17.27,456.5583,406,8.949999999999989,25.50789999999995,3,92.084483,452.1083,466.0,466.0,464.5167,415.9083
2025-12-16 04:00:00,452.1083,447,120,0.0,17.27,92.97069,0.0,0.2500000000000142,0.5000000000000071,6.600000000000007,17.27,452.1083,447,-4.449999999999989,13.800000000000011,4,92.97069,460.85,466.0,466.0,465.75,424.1917
2025-12-16 05:00:00,460.85,452,120,0.0,17.27,91.067826,0.0,0.0,0.5000000000000071,0.5000000000000071,17.27,460.85,452,8.741700000000037,13.241700000000037,5,91.067826,466.0,466.0,462.75,459.6833,442.3667
2025-12-16 06:00:00,466.0,465,120,0.0,17.27,75.630173,0.0,0.0,0.5000000000000071,0.5000000000000071,17.27,466.0,465,5.149999999999977,9.441700000000026,6,75.630173,466.0,466.0,453.5583,453.5667,462.5917
2025-12-16 07:00:00,466.0,466,120,0.0,17.27,63.525217,0.0,0.0,0.2500000000000071,0.5000000000000071,17.27,466.0,466,0.0,13.891700000000014,7,63.525217,466.0,466.0,447.0833,462.3583,466.0
2025-12-16 08:00:00,466.0,466,120,0.0,17.27,52.078261,0.0,0.0,0.0,0.5000000000000071,17.27,466.0,466,0.0,5.149999999999977,8,52.078261,466.0,462.75,456.2333,464.6667,466.0
2025-12-16 09:00:00,466.0,466,120,0.0,17.27,58.301739,0.0,0.0,0.0,0.5000000000000071,17.27,466.0,466,0.0,0.0,9,58.301739,466.0,453.5583,464.5167,465.395,466.0
2025-12-16 10:00:00,466.0,466,120,0.0,17.27,59.626316,0.0,0.0,0.0,0.5000000000000071,17.27,466.0,466,0.0,0.0,10,59.626316,462.75,447.0833,465.75,464.475,466.0
2025-12-16 11:00:00,462.75,458,120,0.0,17.27,64.385088,0.0,0.0,0.0,0.5000000000000071,17.27,462.75,458,-3.25,-3.25,11,64.385088,453.5583,456.2333,459.6833,460.2833,458.05
2025-12-16 12:00:00,453.5583,450,120,0.0,17.27,67.503478,0.0,0.0,0.0,0.5000000000000071,17.27,453.5583,450,-9.191700000000026,-12.441700000000026,12,67.503478,447.0833,464.5167,453.5667,447.5847,451.0167
2025-12-16 13:00:00,447.0833,443,120,0.0,17.27,60.872807,0.0,0.0,0.0,0.2500000000000071,17.27,447.0833,443,-6.474999999999966,-18.91669999999999,13,60.872807,456.2333,465.75,462.3583,436.395,443.4167
2025-12-16 14:00:00,456.2333,446,120,0.0,17.27,59.138596,0.0,0.0,0.0,0.0,17.27,456.2333,446,9.149999999999977,-6.516700000000014,14,59.138596,464.5167,459.6833,464.6667,424.3333,436.725
2025-12-16 15:00:00,464.5167,462,120,0.0,17.27,71.137069,0.0,0.0,0.0,0.0,17.27,464.5167,462,8.283400000000029,10.95840000000004,15,71.137069,465.75,453.5667,465.395,415.9083,426.6917
2025-12-16 16:00:00,465.75,456,120,0.0,4.57,75.055652,0.0,0.0,0.0,0.0,4.57,465.75,456,1.2332999999999856,18.66669999999999,16,75.055652,459.6833,462.3583,464.475,424.1917,418.5917
2025-12-16 17:00:00,459.6833,455,120,0.0,0.25,78.662281,0.0,0.0,0.0,0.0,0.25,459.6833,455,-6.066700000000026,3.4499999999999886,17,78.662281,453.5667,464.6667,460.2833,442.3667,412.2773
2025-12-16 18:00:00,453.5667,362,120,0.0,0.25,78.82087,0.0,0.0,0.0,0.0,0.25,453.5667,362,-6.1165999999999485,-10.949999999999989,18,78.82087,462.3583,465.395,447.5847,462.5917,416.45
2025-12-16 19:00:00,462.3583,459,120,0.0,0.25,80.132173,0.0,0.0,0.0,0.0,0.25,462.3583,459,8.79159999999996,-3.3917000000000144,19,80.132173,464.6667,464.475,436.395,466.0,435.7083
2025-12-16 20:00:00,464.6667,455,120,0.0,0.25,81.691304,0.0,0.0,0.0,0.0,0.25,464.6667,455,2.308400000000006,4.983400000000017,20,81.691304,465.395,460.2833,424.3333,466.0,438.9
2025-12-16 21:00:00,465.395,464,119,0.0,0.25,82.453913,0.0,0.0,0.0,0.0,0.25,465.395,464,0.7282999999999902,11.828299999999956,21,82.453913,464.475,447.5847,415.9083,466.0,424.2
2025-12-16 22:00:00,464.475,454,120,0.25,0.51,90.528695,0.25,0.2500000000000142,0.2500000000000071,0.2500000000000071,0.51,464.475,454,-0.9199999999999591,2.116700000000037,22,90.528695,460.2833,436.395,424.1917,466.0,427.8
2025-12-16 23:00:00,460.2833,454,120,0.25,0.51,100.0,0.25,0.5000000000000142,0.5000000000000071,0.5000000000000071,0.51,460.2833,454,-4.191700000000026,-4.383399999999995,23,100.0,447.5847,424.3333,442.3667,458.05,419.8571
2025-12-17 00:00:00,447.5847,406,118,0.25,0.76,98.824348,0.25,0.75,0.7500000000000071,0.7500000000000071,0.76,447.5847,406,-12.698599999999999,-17.810299999999984,0,98.824348,436.395,415.9083,462.5917,451.0167,419.6583
2025-12-17 01:00:00,436.395,431,119,0.25,0.76,94.446491,0.25,0.75,1.000000000000007,1.000000000000007,0.76,436.395,431,-11.189700000000016,-28.08000000000004,1,94.446491,424.3333,424.1917,466.0,443.4167,420.525
2025-12-17 02:00:00,424.3333,275,120,0.0,0.51,96.606897,0.0,0.5000000000000142,1.000000000000007,1.000000000000007,0.51,424.3333,275,-12.061699999999973,-35.94999999999999,2,96.606897,415.9083,442.3667,466.0,436.725,420.45
2025-12-17 03:00:00,415.9083,412,120,0.0,0.51,99.587931,0.0,0.2500000000000142,1.000000000000007,1.000000000000007,0.51,415.9083,412,-8.425000000000011,-31.6764,3,99.587931,424.1917,462.5917,466.0,426.6917,422.8
2025-12-17 04:00:00,424.1917,399,120,0.0,0.51,100.0,0.0,0.0,0.7500000000000071,1.000000000000007,0.51,424.1917,399,8.283400000000029,-12.203299999999956,4,100.0,442.3667,466.0,466.0,418.5917,425.6134
2025-12-17 05:00:00,442.3667,433,120,0.0,0.51,97.69569,0.0,0.0,0.5000000000000071,1.000000000000007,0.51,442.3667,433,18.174999999999955,18.033399999999972,5,97.69569,462.5917,466.0,458.05,412.2773,435.7667
2025-12-17 06:00:00,462.5917,453,120,0.0,0.51,69.600869,0.0,0.0,0.2500000000000071,1.000000000000007,0.51,462.5917,453,20.225000000000023,46.683400000000006,6,69.600869,466.0,466.0,451.0167,416.45,447.8908
2025-12-17 07:00:00,466.0,466,120,0.0,0.51,54.495652,0.0,0.0,0.0,1.000000000000007,0.51,466.0,466,3.408299999999997,41.808299999999974,7,54.495652,466.0,466.0,443.4167,435.7083,458.75
2025-12-17 08:00:00,466.0,466,120,0.0,0.51,48.056522,0.0,0.0,0.0,1.000000000000007,0.51,466.0,466,0.0,23.63330000000002,8,48.056522,466.0,458.05,436.725,438.9,460.575
2025-12-17 09:00:00,466.0,466,120,0.0,0.51,48.463478,0.0,0.0,0.0,1.000000000000007,0.51,466.0,466,0.0,3.408299999999997,9,48.463478,466.0,451.0167,426.6917,424.2,457.2583
2025-12-17 10:00:00,466.0,462,120,0.0,0.51,57.853043,0.0,0.0,0.0,0.7500000000000071,0.51,466.0,462,0.0,0.0,10,57.853043,458.05,443.4167,418.5917,427.8,456.8926
2025-12-17 11:00:00,458.05,454,120,0.0,0.51,62.526087,0.0,0.0,0.0,0.5000000000000071,0.51,458.05,454,-7.949999999999989,-7.949999999999989,11,62.526087,451.0167,436.725,412.2773,419.8571,459.7731
2025-12-17 12:00:00,451.0167,447,120,0.0,0.51,60.010435,0.0,0.0,0.0,0.2500000000000071,0.51,451.0167,447,-7.033299999999997,-14.983299999999986,12,60.010435,443.4167,426.6917,416.45,419.6583,454.7899
2025-12-17 13:00:00,443.4167,440,120,0.0,0.51,61.327826,0.0,0.0,0.0,0.0,0.51,443.4167,440,-7.600000000000023,-22.58330000000001,13,61.327826,436.725,418.5917,435.7083,420.525,456.325
2025-12-17 14:00:00,436.725,434,120,0.0,0.51,57.271304,0.0,0.0,0.0,0.0,0.51,436.725,434,-6.691699999999969,-21.32499999999999,14,57.271304,426.6917,412.2773,438.9,420.45,460.1917
2025-12-17 16:00:00,426.6917,423,120,0.0,0.51,60.8,0.0,0.0,0.0,0.0,0.51,426.6917,423,-10.033299999999997,-24.32499999999999,16,60.8,418.5917,416.45,424.2,422.8,457.6417
2025-12-17 17:00:00,418.5917,415,120,0.0,0.51,69.77193,0.0,0.0,0.0,0.0,0.51,418.5917,415,-8.100000000000023,-24.82499999999999,17,69.77193,412.2773,435.7083,427.8,425.6134,455.1417
2025-12-17 18:00:00,412.2773,369,119,0.0,0.51,74.250435,0.0,0.0,0.0,0.0,0.51,412.2773,369,-6.314399999999978,-24.447699999999998,18,74.250435,416.45,438.9,419.8571,435.7667,449.9417
2025-12-17 19:00:00,416.45,409,120,0.0,0.51,77.203509,0.0,0.0,0.0,0.0,0.51,416.45,409,4.172699999999963,-10.241700000000037,19,77.203509,435.7083,424.2,419.6583,447.8908,456.5882
2025-12-17 20:00:00,435.7083,426,120,0.0,0.51,79.29386,0.0,0.0,0.0,0.0,0.51,435.7083,426,19.25830000000002,17.116600000000005,20,79.29386,438.9,427.8,420.525,458.75,458.4167
2025-12-17 21:00:00,438.9,435,120,0.0,0.51,80.593044,0.0,0.0,0.0,0.0,0.51,438.9,435,3.191699999999969,26.622699999999952,21,80.593044,424.2,419.8571,420.45,460.575,458.3083
2025-12-17 22:00:00,424.2,364,120,6.1,6.35,86.872174,6.1,6.100000000000014,6.100000000000007,6.100000000000007,6.35,424.2,364,-14.699999999999989,7.75,22,86.872174,427.8,419.6583,422.8,457.2583,456.3833
2025-12-17 23:00:00,427.8,374,120,21.59,21.84,100.0,21.59,27.690000000000012,27.690000000000005,27.690000000000005,21.84,427.8,374,3.6000000000000227,-7.908299999999997,23,100.0,419.8571,420.525,425.6134,456.8926,450.525
2025-12-18 00:00:00,419.8571,419,119,14.48,21.84,100.0,14.48,42.170000000000016,42.17000000000001,42.17000000000001,21.84,419.8571,419,-7.942900000000009,-19.042899999999975,0,100.0,419.6583,420.45,435.7667,459.7731,443.8067
2025-12-18 01:00:00,419.6583,419,120,0.0,21.59,100.0,0.0,36.070000000000014,42.17000000000001,42.17000000000001,21.59,419.6583,419,-0.19880000000000564,-4.541699999999992,1,100.0,420.525,422.8,447.8908,454.7899,437.6167
2025-12-18 02:00:00,420.525,420,120,0.0,21.59,100.0,0.0,14.480000000000018,42.17000000000001,42.17000000000001,21.59,420.525,420,0.8666999999999803,-7.275000000000034,2,100.0,420.45,425.6134,458.75,456.325,431.0667
2025-12-18 03:00:00,420.45,218,120,0.25,21.84,100.0,0.25,0.25000000000001776,42.42000000000001,42.42000000000001,21.84,420.45,218,-0.07499999999998863,0.592899999999986,3,100.0,422.8,435.7667,460.575,460.1917,425.6583
2025-12-18 04:00:00,422.8,347,120,0.25,21.84,100.0,0.25,0.5000000000000178,36.57000000000001,42.67000000000001,21.84,422.8,347,2.3500000000000227,3.1417000000000144,4,100.0,425.6134,447.8908,457.2583,457.6417,426.5167
2025-12-18 05:00:00,425.6134,424,119,0.0,21.84,100.0,0.0,0.5000000000000178,14.980000000000011,42.67000000000001,21.84,425.6134,424,2.8134000000000015,5.088400000000036,5,100.0,435.7667,458.75,456.8926,455.1417,446.65
2025-12-18 06:00:00,435.7667,430,120,0.0,21.84,100.0,0.0,0.25000000000001776,0.5000000000000107,42.67000000000001,21.84,435.7667,430,10.153300000000002,15.316700000000026,6,100.0,447.8908,460.575,459.7731,449.9417,447.225
2025-12-18 07:00:00,447.8908,442,119,0.0,21.84,89.029565,0.0,0.0,0.5000000000000107,42.67000000000001,21.84,447.8908,442,12.124099999999999,25.0908,7,89.029565,458.75,457.2583,454.7899,456.5882,445.5083
2025-12-18 08:00:00,458.75,455,120,0.0,21.84,71.132759,0.0,0.0,0.5000000000000107,42.67000000000001,21.84,458.75,455,10.859199999999987,33.13659999999999,8,71.132759,460.575,456.8926,456.325,458.4167,459.45
2025-12-18 09:00:00,460.575,455,120,0.0,21.84,74.553043,0.0,0.0,0.25000000000001066,42.67000000000001,21.84,460.575,455,1.8249999999999886,24.808299999999974,9,74.553043,457.2583,459.7731,460.1917,458.3083,460.0
2025-12-18 10:00:00,457.2583,454,120,0.25,22.1,86.696552,0.25,0.25000000000001776,0.25000000000001066,36.82000000000001,22.1,457.2583,454,-3.316699999999969,9.367500000000007,10,86.696552,456.8926,454.7899,457.6417,456.3833,460.0
2025-12-18 11:00:00,456.8926,455,121,0.25,22.1,84.706087,0.25,0.5000000000000178,0.5000000000000107,15.480000000000011,22.1,456.8926,455,-0.3657000000000039,-1.8573999999999842,11,84.706087,459.7731,456.325,455.1417,450.525,460.0
2025-12-18 12:00:00,459.7731,456,119,0.0,22.1,70.718103,0.0,0.5000000000000178,0.5000000000000107,1.0000000000000107,22.1,459.7731,456,2.8804999999999836,-0.8018999999999892,12,70.718103,454.7899,460.1917,449.9417,443.8067,460.0
2025-12-18 13:00:00,454.7899,449,119,0.0,22.1,69.791304,0.0,0.25000000000001776,0.5000000000000107,1.0000000000000107,22.1,454.7899,449,-4.983200000000011,-2.468400000000031,13,69.791304,456.325,457.6417,456.5882,437.6167,460.0
2025-12-18 14:00:00,456.325,448,120,0.0,22.1,70.718966,0.0,0.0,0.5000000000000107,1.0000000000000107,22.1,456.325,448,1.5351,-0.5676000000000272,14,70.718966,460.1917,455.1417,458.4167,431.0667,460.0
2025-12-18 15:00:00,460.1917,457,120,0.0,22.1,76.890435,0.0,0.0,0.5000000000000107,0.7500000000000107,22.1,460.1917,457,3.866700000000037,0.4186000000000263,15,76.890435,457.6417,449.9417,458.3083,425.6583,460.0
2025-12-18 16:00:00,457.6417,457,120,0.0,22.1,83.815652,0.0,0.0,0.25000000000001066,0.5000000000000107,22.1,457.6417,457,-2.5500000000000114,2.8518000000000256,16,83.815652,455.1417,456.5882,456.3833,426.5167,460.0
2025-12-18 17:00:00,455.1417,344,120,0.25,22.35,95.318261,0.25,0.25000000000001776,0.25000000000001066,0.7500000000000107,22.35,455.1417,344,-2.5,-1.1832999999999743,17,95.318261,449.9417,458.4167,450.525,446.65,460.0
2025-12-18 18:00:00,449.9417,268,120,0.25,22.35,97.324348,0.25,0.5000000000000178,0.5000000000000107,1.0000000000000107,22.35,449.9417,268,-5.199999999999989,-10.25,18,97.324348,456.5882,458.3083,443.8067,447.225,460.0
2025-12-18 19:00:00,456.5882,454,119,0.25,22.61,90.330702,0.25,0.75,0.7500000000000107,1.2500000000000107,22.61,456.5882,454,6.646499999999946,-1.0535000000000423,19,90.330702,458.4167,456.3833,437.6167,445.5083,446.4
2025-12-18 20:00:00,458.4167,455,120,0.51,22.86,95.153913,0.51,1.0100000000000178,1.2600000000000107,1.7600000000000107,22.86,458.4167,455,1.8285000000000196,3.2749999999999773,20,95.153913,458.3083,450.525,431.0667,459.45,407.0167
2025-12-18 21:00:00,458.3083,449,120,0.25,22.86,95.635088,0.25,1.0100000000000178,1.5100000000000107,2.0100000000000104,22.86,458.3083,449,-0.10840000000001737,8.366599999999949,21,95.635088,456.3833,443.8067,425.6583,460.0,403.65
2025-12-18 22:00:00,456.3833,454,120,0.25,22.86,98.441379,0.25,1.0100000000000178,1.7600000000000107,2.0100000000000104,22.86,456.3833,454,-1.9249999999999545,-0.20489999999995234,22,98.441379,450.525,437.6167,426.5167,460.0,399.5667
2025-12-18 23:00:00,450.525,447,120,0.76,14.22,100.0,0.76,1.2600000000000178,2.2700000000000107,2.5200000000000107,14.22,450.525,447,-5.8583000000000425,-7.891700000000014,23,100.0,443.8067,431.0667,446.65,460.0,395.8583
2025-12-19 00:00:00,443.8067,440,119,0.51,2.29,100.0,0.51,1.5200000000000178,2.530000000000011,3.030000000000011,2.29,443.8067,440,-6.718299999999999,-14.501599999999996,0,100.0,437.6167,425.6583,447.225,460.0,393.8824
2025-12-19 01:00:00,437.6167,434,120,0.0,2.29,100.0,0.0,1.2700000000000178,2.280000000000011,3.030000000000011,2.29,437.6167,434,-6.189999999999998,-18.76660000000004,1,100.0,431.0667,426.5167,445.5083,460.0,391.5833
2025-12-19 02:00:00,431.0667,378,120,0.0,2.29,100.0,0.0,0.5100000000000178,1.7700000000000107,3.030000000000011,2.29,431.0667,378,-6.5499999999999545,-19.45829999999995,2,100.0,425.6583,446.65,459.45,460.0,389.575
2025-12-19 03:00:00,425.6583,418,120,0.0,2.29,100.0,0.0,0.0,1.5200000000000107,3.030000000000011,2.29,425.6583,418,-5.408400000000029,-18.14839999999998,3,100.0,426.5167,447.225,460.0,460.0,388.9
2025-12-19 04:00:00,426.5167,412,120,0.0,2.03,100.0,0.0,0.0,1.2700000000000107,3.030000000000011,2.03,426.5167,412,0.8584000000000174,-11.099999999999966,4,100.0,446.65,445.5083,460.0,460.0,403.9333
2025-12-19 05:00:00,446.65,437,120,0.0,2.03,100.0,0.0,0.0,0.5100000000000107,2.780000000000011,2.03,446.65,437,20.133299999999963,15.583299999999952,5,100.0,447.225,459.45,460.0,460.0,424.1333
2025-12-19 06:00:00,447.225,444,120,0.0,2.03,96.809565,0.0,0.0,0.0,2.530000000000011,2.03,447.225,444,0.5750000000000455,21.566700000000026,6,96.809565,445.5083,460.0,460.0,460.0,443.1583
2025-12-19 07:00:00,445.5083,441,120,0.0,2.03,86.907759,0.0,0.0,0.0,2.280000000000011,2.03,445.5083,441,-1.716700000000003,18.991600000000005,7,86.907759,459.45,460.0,460.0,446.4,458.1667
2025-12-19 08:00:00,459.45,454,120,0.0,2.03,75.178261,0.0,0.0,0.0,1.7700000000000107,2.03,459.45,454,13.941699999999969,12.800000000000011,8,75.178261,460.0,460.0,460.0,407.0167,460.4667
2025-12-19 09:00:00,460.0,460,120,0.0,2.03,71.096552,0.0,0.0,0.0,1.5200000000000107,2.03,460.0,460,0.5500000000000114,12.774999999999977,9,71.096552,460.0,460.0,460.0,403.65,463.3083
2025-12-19 10:00:00,460.0,460,120,0.0,1.78,81.412174,0.0,0.0,0.0,1.2700000000000107,1.78,460.0,460,0.0,14.49169999999998,10,81.412174,460.0,460.0,460.0,399.5667,466.0
2025-12-19 11:00:00,460.0,460,120,0.0,1.78,77.974783,0.0,0.0,0.0,0.5100000000000107,1.78,460.0,460,0.0,0.5500000000000114,11,77.974783,460.0,460.0,460.0,395.8583,466.0
2025-12-19 12:00:00,460.0,460,120,0.0,1.78,78.738261,0.0,0.0,0.0,0.0,1.78,460.0,460,0.0,0.0,12,78.738261,460.0,460.0,460.0,393.8824,466.0
2025-12-19 13:00:00,460.0,460,120,0.0,1.78,78.53913,0.0,0.0,0.0,0.0,1.78,460.0,460,0.0,0.0,13,78.53913,460.0,460.0,446.4,391.5833,465.5917
2025-12-19 14:00:00,460.0,460,120,0.0,1.78,79.88087,0.0,0.0,0.0,0.0,1.78,460.0,460,0.0,0.0,14,79.88087,460.0,460.0,407.0167,389.575,457.8917
2025-12-19 15:00:00,460.0,460,120,0.0,1.78,83.133913,0.0,0.0,0.0,0.0,1.78,460.0,460,0.0,0.0,15,83.133913,460.0,460.0,403.65,388.9,461.3583
2025-12-19 16:00:00,460.0,460,120,0.0,1.78,84.646087,0.0,0.0,0.0,0.0,1.78,460.0,460,0.0,0.0,16,84.646087,460.0,446.4,399.5667,403.9333,462.0833
2025-12-19 17:00:00,460.0,460,120,0.0,1.78,88.695652,0.0,0.0,0.0,0.0,1.78,460.0,460,0.0,0.0,17,88.695652,460.0,407.0167,395.8583,424.1333,459.875
2025-12-19 18:00:00,460.0,460,119,0.0,1.27,90.410435,0.0,0.0,0.0,0.0,1.27,460.0,460,0.0,0.0,18,90.410435,446.4,403.65,393.8824,443.1583,453.5083
2025-12-19 19:00:00,446.4,410,120,0.0,1.27,91.466666,0.0,0.0,0.0,0.0,1.27,446.4,410,-13.600000000000023,-13.600000000000023,19,91.466666,407.0167,399.5667,391.5833,458.1667,446.65
2025-12-19 20:00:00,407.0167,311,120,0.0,1.02,91.185087,0.0,0.0,0.0,0.0,1.02,407.0167,311,-39.38329999999996,-52.983299999999986,20,91.185087,403.65,395.8583,389.575,460.4667,445.1681
2025-12-19 21:00:00,403.65,401,120,0.0,0.76,92.960526,0.0,0.0,0.0,0.0,0.76,403.65,401,-3.366700000000037,-56.35000000000002,21,92.960526,399.5667,393.8824,388.9,463.3083,445.25
2025-12-19 22:00:00,399.5667,398,120,0.25,1.02,99.953913,0.25,0.25000000000001776,0.25000000000001066,0.25000000000001066,1.02,399.5667,398,-4.0832999999999515,-46.83329999999995,22,99.953913,395.8583,391.5833,403.9333,466.0,447.1
2025-12-19 23:00:00,395.8583,359,120,0.25,0.76,100.0,0.25,0.5000000000000178,0.5000000000000107,0.5000000000000107,0.76,395.8583,359,-3.70840000000004,-11.158400000000029,23,100.0,393.8824,389.575,424.1333,466.0,450.6583
2025-12-20 00:00:00,393.8824,393,119,0.0,0.25,99.983333,0.0,0.5000000000000178,0.5000000000000107,0.5000000000000107,0.25,393.8824,393,-1.9758999999999673,-9.767599999999959,0,99.983333,391.5833,388.9,443.1583,466.0,454.5126
2025-12-20 01:00:00,391.5833,391,120,0.0,0.25,98.506897,0.0,0.25000000000001776,0.5000000000000107,0.5000000000000107,0.25,391.5833,391,-2.29910000000001,-7.983400000000017,1,98.506897,389.575,403.9333,458.1667,465.5917,449.0333
2025-12-20 02:00:00,389.575,358,120,0.0,0.25,95.793043,0.0,0.0,0.5000000000000107,0.5000000000000107,0.25,389.575,358,-2.0083000000000197,-6.283299999999997,2,95.793043,388.9,424.1333,460.4667,457.8917,432.2083
2025-12-20 03:00:00,388.9,388,120,0.0,0.25,94.758621,0.0,0.0,0.5000000000000107,0.5000000000000107,0.25,388.9,388,-0.6750000000000114,-4.982400000000041,3,94.758621,403.9333,443.1583,463.3083,461.3583,420.3583
2025-12-20 04:00:00,403.9333,392,120,0.0,0.25,98.727826,0.0,0.0,0.25000000000001066,0.5000000000000107,0.25,403.9333,392,15.033299999999997,12.349999999999966,4,98.727826,424.1333,458.1667,466.0,462.0833,408.4583
2025-12-20 05:00:00,424.1333,414,120,0.0,0.25,100.0,0.0,0.0,0.0,0.5000000000000107,0.25,424.1333,414,20.200000000000045,34.55830000000003,5,100.0,443.1583,460.4667,466.0,459.875,417.6167
2025-12-20 06:00:00,443.1583,434,120,0.0,0.25,97.396552,0.0,0.0,0.0,0.5000000000000107,0.25,443.1583,434,19.024999999999977,54.25830000000002,6,97.396552,458.1667,463.3083,466.0,453.5083,437.0609
2025-12-20 07:00:00,458.1667,453,120,0.0,0.25,78.581739,0.0,0.0,0.0,0.5000000000000107,0.25,458.1667,453,15.008399999999995,54.23340000000002,7,78.581739,460.4667,466.0,465.5917,446.65,454.4417
2025-12-20 08:00:00,460.4667,458,120,0.25,0.51,69.101739,0.25,0.25000000000001776,0.25000000000001066,0.7500000000000107,0.51,460.4667,458,2.3000000000000114,36.33339999999998,8,69.101739,463.3083,466.0,457.8917,445.1681,460.8333
2025-12-20 09:00:00,463.3083,459,120,0.25,0.51,68.861739,0.25,0.5000000000000178,0.5000000000000107,1.0000000000000107,0.51,463.3083,459,2.8415999999999713,20.149999999999977,9,68.861739,466.0,466.0,461.3583,445.25,464.4083
2025-12-20 10:00:00,466.0,460,120,0.0,0.51,68.855172,0.0,0.5000000000000178,0.5000000000000107,0.7500000000000107,0.51,466.0,460,2.6917000000000257,7.833300000000008,10,68.855172,466.0,465.5917,462.0833,447.1,456.9833
2025-12-20 11:00:00,466.0,466,120,0.25,0.76,65.246087,0.25,0.5000000000000178,0.7500000000000107,0.7500000000000107,0.76,466.0,466,0.0,5.533299999999997,11,65.246087,466.0,457.8917,459.875,450.6583,448.075
2025-12-20 12:00:00,466.0,466,120,0.25,0.76,60.263793,0.25,0.5000000000000178,1.0000000000000107,1.0000000000000107,0.76,466.0,466,0.0,2.6917000000000257,12,60.263793,465.5917,461.3583,453.5083,454.5126,438.6583
2025-12-20 13:00:00,465.5917,461,120,0.0,0.76,72.537391,0.0,0.5000000000000178,1.0000000000000107,1.0000000000000107,0.76,465.5917,461,-0.408299999999997,-0.408299999999997,13,72.537391,457.8917,462.0833,446.65,449.0333,431.3
2025-12-20 14:00:00,457.8917,455,120,0.0,0.76,77.78,0.0,0.25000000000001776,0.7500000000000107,1.0000000000000107,0.76,457.8917,455,-7.699999999999989,-8.108299999999986,14,77.78,461.3583,459.875,445.1681,432.2083,423.3917
2025-12-20 15:00:00,461.3583,455,120,2.79,3.81,86.317241,2.79,2.790000000000018,3.2900000000000107,3.7900000000000107,3.81,461.3583,455,3.4665999999999713,-4.641700000000014,15,86.317241,462.0833,453.5083,445.25,420.3583,416.3667
2025-12-20 16:00:00,462.0833,454,120,7.62,9.14,100.0,7.62,10.410000000000018,10.91000000000001,11.41000000000001,9.14,462.0833,454,0.7250000000000227,-3.5083999999999946,16,100.0,459.875,446.65,447.1,408.4583,408.025
2025-12-20 17:00:00,459.875,454,120,5.84,14.99,100.0,5.84,16.250000000000018,16.50000000000001,17.25000000000001,14.99,459.875,454,-2.2083000000000084,1.9832999999999856,17,100.0,453.5083,445.1681,450.6583,417.6167,398.9417
2025-12-20 18:00:00,453.5083,446,120,5.59,15.24,100.0,5.59,19.05000000000002,21.84000000000001,22.84000000000001,15.24,453.5083,446,-6.36669999999998,-7.849999999999966,18,100.0,446.65,445.25,454.5126,437.0609,389.7833
2025-12-20 19:00:00,446.65,445,120,0.25,15.24,100.0,0.25,11.680000000000017,22.09000000000001,23.09000000000001,15.24,446.65,445,-6.8583000000000425,-15.433300000000031,19,100.0,445.1681,447.1,449.0333,454.4417,395.1429
2025-12-20 20:00:00,445.1681,444,119,0.0,15.24,100.0,0.0,5.840000000000018,22.09000000000001,22.84000000000001,15.24,445.1681,444,-1.481899999999996,-14.706900000000019,20,100.0,445.25,450.6583,432.2083,460.8333,402.9083
2025-12-20 21:00:00,445.25,444,120,0.0,15.24,100.0,0.0,0.25000000000001776,19.30000000000001,22.59000000000001,15.24,445.25,444,0.08190000000001874,-8.25830000000002,21,100.0,447.1,454.5126,420.3583,464.4083,404.625
2025-12-20 22:00:00,447.1,446,120,0.0,15.24,100.0,0.0,0.0,11.68000000000001,22.59000000000001,15.24,447.1,446,1.8500000000000227,0.4500000000000455,22,100.0,450.6583,449.0333,408.4583,456.9833,406.0083
2025-12-20 23:00:00,450.6583,448,120,0.25,15.24,100.0,0.25,0.25000000000001776,6.0900000000000105,22.59000000000001,15.24,450.6583,448,3.5582999999999743,5.490200000000016,23,100.0,454.5126,432.2083,417.6167,448.075,407.7417
2025-12-21 00:00:00,454.5126,356,119,0.25,15.24,100.0,0.25,0.5000000000000178,0.7500000000000107,22.59000000000001,15.24,454.5126,356,3.8543000000000234,9.26260000000002,0,100.0,449.0333,420.3583,437.0609,438.6583,408.7647
2025-12-21 01:00:00,449.0333,435,120,0.0,15.24,100.0,0.0,0.5000000000000178,0.5000000000000107,22.59000000000001,15.24,449.0333,435,-5.479300000000023,1.9332999999999743,1,100.0,432.2083,408.4583,454.4417,431.3,408.0
2025-12-21 02:00:00,432.2083,392,120,0.0,15.24,100.0,0.0,0.25000000000001776,0.5000000000000107,22.59000000000001,15.24,432.2083,392,-16.82499999999999,-18.44999999999999,2,100.0,420.3583,417.6167,460.8333,423.3917,410.9833
2025-12-21 03:00:00,420.3583,415,120,0.0,15.24,100.0,0.0,0.0,0.5000000000000107,19.80000000000001,15.24,420.3583,415,-11.850000000000023,-34.154300000000035,3,100.0,408.4583,437.0609,464.4083,416.3667,413.8833
2025-12-21 04:00:00,408.4583,278,120,0.0,15.24,100.0,0.0,0.0,0.5000000000000107,12.18000000000001,15.24,408.4583,278,-11.899999999999977,-40.57499999999999,4,100.0,417.6167,454.4417,456.9833,408.025,419.0083
2025-12-21 05:00:00,417.6167,408,120,0.0,15.24,100.0,0.0,0.0,0.25000000000001066,6.3400000000000105,15.24,417.6167,408,9.158399999999972,-14.591600000000028,5,100.0,437.0609,460.8333,448.075,398.9417,425.175
2025-12-21 06:00:00,437.0609,427,115,0.0,15.24,88.550893,0.0,0.0,0.0,0.7500000000000107,15.24,437.0609,427,19.444200000000023,16.702600000000018,6,88.550893,454.4417,464.4083,438.6583,389.7833,433.2333
2025-12-21 07:00:00,454.4417,447,120,0.0,15.24,73.315517,0.0,0.0,0.0,0.5000000000000107,15.24,454.4417,447,17.380800000000022,45.98340000000002,7,73.315517,460.8333,456.9833,431.3,395.1429,444.0583
2025-12-21 08:00:00,460.8333,458,120,0.0,15.24,77.75913,0.0,0.0,0.0,0.5000000000000107,15.24,460.8333,458,6.391599999999983,43.21660000000003,8,77.75913,464.4083,448.075,423.3917,402.9083,454.8917
2025-12-21 09:00:00,464.4083,458,120,0.0,14.99,70.182608,0.0,0.0,0.0,0.5000000000000107,14.99,464.4083,458,3.5749999999999886,27.347399999999993,9,70.182608,456.9833,438.6583,416.3667,404.625,463.8917
2025-12-21 10:00:00,456.9833,453,120,0.0,14.99,63.375862,0.0,0.0,0.0,0.5000000000000107,14.99,456.9833,453,-7.425000000000011,2.54159999999996,10,63.375862,448.075,431.3,408.025,406.0083,457.5083
2025-12-21 11:00:00,448.075,443,120,0.0,14.99,62.853043,0.0,0.0,0.0,0.25000000000001066,14.99,448.075,443,-8.908299999999997,-12.75830000000002,11,62.853043,438.6583,423.3917,398.9417,407.7417,464.6583
2025-12-21 12:00:00,438.6583,435,120,0.0,14.48,69.921739,0.0,0.0,0.0,0.0,14.48,438.6583,435,-9.416699999999992,-25.75,12,69.921739,431.3,416.3667,389.7833,408.7647,466.0
2025-12-21 13:00:00,431.3,428,120,0.0,14.48,68.893043,0.0,0.0,0.0,0.0,14.48,431.3,428,-7.358299999999986,-25.683299999999974,13,68.893043,423.3917,408.025,395.1429,408.0,455.6333
2025-12-21 14:00:00,423.3917,419,120,0.0,14.48,71.009566,0.0,0.0,0.0,0.0,14.48,423.3917,419,-7.908299999999997,-24.683299999999974,14,71.009566,416.3667,398.9417,402.9083,410.9833,446.8824
2025-12-21 15:00:00,416.3667,412,120,1.27,15.49,93.647826,1.27,1.2700000000000178,1.2700000000000107,1.2700000000000107,15.49,416.3667,412,-7.025000000000034,-22.291600000000017,15,93.647826,408.025,389.7833,404.625,413.8833,458.3583
2025-12-21 16:00:00,408.025,404,120,1.27,12.7,100.0,1.27,2.540000000000018,2.5400000000000107,2.5400000000000107,12.7,408.025,404,-8.341700000000003,-23.275000000000034,16,100.0,398.9417,395.1429,406.0083,419.0083,463.9328
2025-12-21 17:00:00,398.9417,394,120,0.25,7.37,99.926087,0.25,2.790000000000018,2.7900000000000107,2.7900000000000107,7.37,398.9417,394,-9.083299999999952,-24.44999999999999,17,99.926087,389.7833,402.9083,407.7417,425.175,457.6417
2025-12-21 18:00:00,389.7833,386,120,2.54,4.57,100.0,2.54,4.060000000000018,5.330000000000011,5.330000000000011,4.57,389.7833,386,-9.158400000000029,-26.583399999999983,18,100.0,395.1429,404.625,408.7647,433.2333,448.1667
2025-12-21 19:00:00,395.1429,388,119,3.56,7.62,100.0,3.56,6.350000000000017,8.890000000000011,8.890000000000011,7.62,395.1429,388,5.3596,-12.88209999999998,19,100.0,402.9083,406.0083,408.0,444.0583,459.7
2025-12-21 20:00:00,402.9083,400,120,3.05,9.14,100.0,3.05,9.150000000000018,11.94000000000001,11.94000000000001,9.14,402.9083,400,7.7654,3.9665999999999713,20,100.0,404.625,407.7417,410.9833,454.8917,464.2185
2025-12-21 21:00:00,404.625,224,120,1.02,9.4,100.0,1.02,7.630000000000018,11.690000000000012,12.960000000000012,9.4,404.625,224,1.716700000000003,14.841700000000003,21,100.0,406.0083,408.7647,413.8833,463.8917,462.7083
2025-12-21 22:00:00,406.0083,313,120,0.25,9.4,100.0,0.25,4.320000000000018,10.670000000000012,13.210000000000012,9.4,406.0083,313,1.3833000000000197,10.865400000000022,22,100.0,407.7417,408.0,419.0083,457.5083,453.6
2025-12-21 23:00:00,407.7417,367,120,0.0,9.4,100.0,0.0,1.2700000000000178,10.420000000000012,13.210000000000012,9.4,407.7417,367,1.7333999999999605,4.833399999999983,23,100.0,408.7647,410.9833,425.175,464.6583,446.2333
2025-12-22 00:00:00,408.7647,408,119,0.0,9.14,100.0,0.0,0.25000000000001776,7.8800000000000106,13.210000000000012,9.14,408.7647,408,1.0230000000000246,4.139700000000005,0,100.0,408.0,413.8833,433.2333,466.0,439.6387
2025-12-22 01:00:00,408.0,257,120,0.25,9.4,100.0,0.25,0.25000000000001776,4.570000000000011,13.460000000000012,9.4,408.0,257,-0.7647000000000048,1.9916999999999803,1,100.0,410.9833,419.0083,444.0583,455.6333,433.4333
2025-12-22 02:00:00,410.9833,410,120,0.25,9.4,100.0,0.25,0.5000000000000178,1.7700000000000107,13.710000000000012,9.4,410.9833,410,2.9832999999999856,3.2416000000000054,2,100.0,413.8833,425.175,454.8917,446.8824,427.775
2025-12-22 03:00:00,413.8833,383,120,0.0,9.4,100.0,0.0,0.5000000000000178,0.7500000000000107,12.440000000000012,9.4,413.8833,383,2.900000000000034,5.118600000000015,3,100.0,419.0083,433.2333,463.8917,458.3583,421.9417
2025-12-22 04:00:00,419.0083,416,120,0.0,9.4,100.0,0.0,0.25000000000001776,0.5000000000000107,11.170000000000012,9.4,419.0083,416,5.125,11.00830000000002,4,100.0,425.175,444.0583,457.5083,463.9328,427.2917
2025-12-22 05:00:00,425.175,422,120,0.0,9.4,100.0,0.0,0.0,0.5000000000000107,10.920000000000012,9.4,425.175,422,6.166699999999992,14.191700000000026,5,100.0,433.2333,454.8917,464.6583,457.6417,449.2667
2025-12-22 06:00:00,433.2333,429,120,0.0,9.4,99.126724,0.0,0.0,0.5000000000000107,8.38000000000001,9.4,433.2333,429,8.058299999999974,19.349999999999966,6,99.126724,444.0583,463.8917,466.0,448.1667,464.9917
2025-12-22 07:00:00,444.0583,438,120,0.0,9.4,84.239131,0.0,0.0,0.25000000000001066,4.82000000000001,9.4,444.0583,438,10.824999999999989,25.049999999999955,7,84.239131,454.8917,457.5083,455.6333,459.7,466.0
2025-12-22 08:00:00,454.8917,448,120,0.0,9.4,76.500862,0.0,0.0,0.0,1.7700000000000107,9.4,454.8917,448,10.83340000000004,29.716700000000003,8,76.500862,463.8917,464.6583,446.8824,464.2185,466.0
2025-12-22 09:00:00,463.8917,458,120,0.0,9.4,68.303478,0.0,0.0,0.0,0.7500000000000107,9.4,463.8917,458,9.0,30.65840000000003,9,68.303478,457.5083,466.0,458.3583,462.7083,466.0
2025-12-22 10:00:00,457.5083,453,120,0.0,9.4,63.028696,0.0,0.0,0.0,0.5000000000000107,9.4,457.5083,453,-6.383399999999995,13.450000000000045,10,63.028696,464.6583,455.6333,463.9328,453.6,462.9417
2025-12-22 11:00:00,464.6583,459,120,0.0,9.4,65.639131,0.0,0.0,0.0,0.5000000000000107,9.4,464.6583,459,7.149999999999977,9.766599999999983,11,65.639131,466.0,446.8824,457.6417,446.2333,457.025
2025-12-22 12:00:00,466.0,461,120,0.0,9.4,64.440517,0.0,0.0,0.0,0.5000000000000107,9.4,466.0,461,1.341700000000003,2.1082999999999856,12,64.440517,455.6333,458.3583,448.1667,439.6387,450.9583
2025-12-22 13:00:00,455.6333,450,120,0.0,9.4,66.731304,0.0,0.0,0.0,0.25000000000001066,9.4,455.6333,450,-10.36669999999998,-1.875,13,66.731304,446.8824,463.9328,459.7,433.4333,445.925
2025-12-22 14:00:00,446.8824,442,119,0.76,10.41,80.228448,0.76,0.7600000000000178,0.7600000000000107,0.7600000000000107,10.41,446.8824,442,-8.750900000000001,-17.77589999999998,14,80.228448,458.3583,457.6417,464.2185,427.775,454.2167
2025-12-22 15:00:00,458.3583,451,120,0.76,10.41,83.082456,0.76,1.5200000000000178,1.5200000000000107,1.5200000000000107,10.41,458.3583,451,11.475899999999967,-7.641700000000014,15,83.082456,463.9328,448.1667,462.7083,421.9417,459.1833
2025-12-22 16:00:00,463.9328,460,119,0.0,8.89,83.932759,0.0,1.5200000000000178,1.5200000000000107,1.5200000000000107,8.89,463.9328,460,5.5745000000000005,8.299499999999966,16,83.932759,457.6417,459.7,453.6,427.2917,453.775
2025-12-22 17:00:00,457.6417,452,120,0.0,8.89,86.270435,0.0,0.7600000000000178,1.5200000000000107,1.5200000000000107,8.89,457.6417,452,-6.291099999999972,10.759299999999996,17,86.270435,448.1667,464.2185,446.2333,449.2667,426.375
2025-12-22 18:00:00,448.1667,319,120,0.0,8.38,86.582609,0.0,0.0,1.5200000000000107,1.5200000000000107,8.38,448.1667,319,-9.475000000000023,-10.191599999999994,18,86.582609,459.7,462.7083,439.6387,464.9917,400.1417
2025-12-22 19:00:00,459.7,453,120,0.0,5.59,88.992983,0.0,0.0,1.5200000000000107,1.5200000000000107,5.59,459.7,453,11.533299999999997,-4.2327999999999975,19,88.992983,464.2185,453.6,433.4333,466.0,382.8167
2025-12-22 20:00:00,464.2185,463,119,0.0,2.54,91.414035,0.0,0.0,0.7600000000000107,1.5200000000000107,2.54,464.2185,463,4.518500000000017,6.5767999999999915,20,91.414035,462.7083,446.2333,427.775,466.0,375.3193
2025-12-22 21:00:00,462.7083,458,120,0.0,1.27,91.814035,0.0,0.0,0.0,1.5200000000000107,1.27,462.7083,458,-1.5101999999999975,14.541600000000017,21,91.814035,453.6,439.6387,421.9417,466.0,372.6017
2025-12-22 22:00:00,453.6,449,120,0.0,1.02,89.350862,0.0,0.0,0.0,1.5200000000000107,1.02,453.6,449,-9.108299999999986,-6.099999999999966,22,89.350862,446.2333,433.4333,427.2917,462.9417,373.2667
2025-12-22 23:00:00,446.2333,443,120,0.0,1.02,91.087826,0.0,0.0,0.0,1.5200000000000107,1.02,446.2333,443,-7.366700000000037,-17.98520000000002,23,91.087826,439.6387,427.775,449.2667,457.025,375.8333
2025-12-23 00:00:00,439.6387,436,119,0.0,1.02,92.516379,0.0,0.0,0.0,1.5200000000000107,1.02,439.6387,436,-6.594600000000014,-23.069600000000037,0,92.516379,433.4333,421.9417,464.9917,450.9583,379.4583
2025-12-23 01:00:00,433.4333,431,120,0.0,1.02,93.924348,0.0,0.0,0.0,1.5200000000000107,1.02,433.4333,431,-6.205399999999997,-20.16670000000005,1,93.924348,427.775,427.2917,466.0,445.925,382.0
2025-12-23 02:00:00,427.775,425,120,0.0,0.76,94.055652,0.0,0.0,0.0,0.7600000000000107,0.76,427.775,425,-5.658299999999997,-18.45830000000001,2,94.055652,421.9417,449.2667,466.0,454.2167,373.65
2025-12-23 03:00:00,421.9417,367,120,0.0,0.76,94.820001,0.0,0.0,0.0,0.0,0.76,421.9417,367,-5.8332999999999515,-17.696999999999946,3,94.820001,427.2917,464.9917,466.0,459.1833,381.5667
2025-12-23 04:00:00,427.2917,418,120,0.0,0.76,96.417241,0.0,0.0,0.0,0.0,0.76,427.2917,418,5.349999999999966,-6.141599999999983,4,96.417241,449.2667,466.0,462.9417,453.775,392.275
2025-12-23 05:00:00,449.2667,438,120,0.0,0.76,94.785218,0.0,0.0,0.0,0.0,0.76,449.2667,438,21.975000000000023,21.491700000000037,5,94.785218,464.9917,466.0,457.025,426.375,401.3583
2025-12-23 06:00:00,464.9917,459,120,0.0,0.76,85.520869,0.0,0.0,0.0,0.0,0.76,464.9917,459,15.724999999999966,43.049999999999955,6,85.520869,466.0,466.0,450.9583,400.1417,409.3
2025-12-23 07:00:00,466.0,466,120,0.0,0.76,77.310345,0.0,0.0,0.0,0.0,0.76,466.0,466,1.0083000000000197,38.70830000000001,7,77.310345,466.0,462.9417,445.925,382.8167,414.475
2025-12-23 08:00:00,466.0,466,120,0.0,0.76,70.758261,0.0,0.0,0.0,0.0,0.76,466.0,466,0.0,16.733299999999986,8,70.758261,466.0,457.025,454.2167,375.3193,428.8083
2025-12-23 09:00:00,466.0,466,120,0.0,0.76,64.901739,0.0,0.0,0.0,0.0,0.76,466.0,466,0.0,1.0083000000000197,9,64.901739,462.9417,450.9583,459.1833,372.6017,440.1417
2025-12-23 10:00:00,462.9417,460,120,0.0,0.76,63.839655,0.0,0.0,0.0,0.0,0.76,462.9417,460,-3.0582999999999743,-3.0582999999999743,10,63.839655,457.025,445.925,453.775,373.2667,451.8583
2025-12-23 11:00:00,457.025,454,120,1.78,2.54,62.235652,1.78,1.7800000000000178,1.7800000000000107,1.7800000000000107,2.54,457.025,454,-5.9167000000000485,-8.975000000000023,11,62.235652,450.9583,454.2167,426.375,375.8333,461.9417
2025-12-23 12:00:00,450.9583,448,120,1.78,2.54,61.537069,1.78,3.560000000000018,3.5600000000000107,3.5600000000000107,2.54,450.9583,448,-6.066699999999969,-15.041699999999992,12,61.537069,445.925,459.1833,400.1417,379.4583,457.3833
2025-12-23 13:00:00,445.925,443,120,0.25,2.79,66.506141,0.25,3.810000000000018,3.8100000000000107,3.8100000000000107,2.79,445.925,443,-5.033299999999997,-17.016700000000014,13,66.506141,454.2167,453.775,382.8167,382.0,445.375
2025-12-23 14:00:00,454.2167,450,120,9.4,11.94,97.377586,9.4,11.430000000000017,13.210000000000012,13.210000000000012,11.94,454.2167,450,8.291699999999992,-2.8082999999999743,14,97.377586,459.1833,426.375,375.3193,373.65,438.6
2025-12-23 15:00:00,459.1833,456,120,9.14,12.45,99.88087,9.14,18.79000000000002,22.350000000000012,22.350000000000012,12.45,459.1833,456,4.966599999999971,8.224999999999966,15,99.88087,453.775,400.1417,372.6017,381.5667,448.3
2025-12-23 16:00:00,453.775,442,120,1.02,12.45,100.0,1.02,19.56000000000002,23.37000000000001,23.37000000000001,12.45,453.775,442,-5.408299999999997,7.849999999999966,16,100.0,426.375,382.8167,373.2667,392.275,454.125
2025-12-23 17:00:00,426.375,410,120,0.0,12.45,100.0,0.0,10.16000000000002,21.59000000000001,23.37000000000001,12.45,426.375,410,-27.399999999999977,-27.841700000000003,17,100.0,400.1417,375.3193,375.8333,401.3583,454.7333
2025-12-23 18:00:00,400.1417,390,120,0.0,12.45,100.0,0.0,1.0200000000000196,19.810000000000013,23.37000000000001,12.45,400.1417,390,-26.233299999999986,-59.04159999999996,18,100.0,382.8167,372.6017,379.4583,409.3,453.5333
2025-12-23 19:00:00,382.8167,378,120,0.0,12.45,100.0,0.0,0.0,19.560000000000013,23.37000000000001,12.45,382.8167,378,-17.32499999999999,-70.95829999999995,19,100.0,375.3193,373.2667,382.0,414.475,454.4407
2025-12-23 20:00:00,375.3193,373,119,0.0,12.45,100.0,0.0,0.0,10.16000000000001,23.37000000000001,12.45,375.3193,373,-7.497400000000027,-51.0557,20,100.0,372.6017,375.8333,373.65,428.8083,457.8333
2025-12-23 21:00:00,372.6017,372,118,0.0,12.45,100.0,0.0,0.0,1.0200000000000107,23.37000000000001,12.45,372.6017,372,-2.7176000000000045,-27.54000000000002,21,100.0,373.2667,379.4583,381.5667,440.1417,457.3613
2025-12-23 22:00:00,373.2667,372,120,0.0,12.45,98.729565,0.0,0.0,0.0,23.37000000000001,12.45,373.2667,372,0.6650000000000205,-9.550000000000011,22,98.729565,375.8333,382.0,392.275,451.8583,451.7167
2025-12-23 23:00:00,375.8333,374,120,0.0,12.45,98.856522,0.0,0.0,0.0,21.59000000000001,12.45,375.8333,374,2.566599999999994,0.51400000000001,23,98.856522,379.4583,373.65,401.3583,461.9417,443.05
2025-12-24 00:00:00,379.4583,377,120,0.0,12.45,100.0,0.0,0.0,0.0,19.810000000000013,12.45,379.4583,377,3.625,6.8566000000000145,0,100.0,382.0,381.5667,409.3,457.3833,435.275
2025-12-24 01:00:00,382.0,378,120,0.0,12.45,96.611304,0.0,0.0,0.0,19.560000000000013,12.45,382.0,378,2.5416999999999916,8.733299999999986,1,96.611304,373.65,392.275,414.475,445.375,428.4833
2025-12-24 02:00:00,373.65,370,120,0.0,12.45,95.674782,0.0,0.0,0.0,10.16000000000001,12.45,373.65,370,-8.350000000000023,-2.183300000000031,2,95.674782,381.5667,401.3583,428.8083,438.6,421.8417
2025-12-24 03:00:00,381.5667,375,120,0.0,12.45,99.956034,0.0,0.0,0.0,1.0200000000000107,12.45,381.5667,375,7.9167000000000485,2.1084000000000174,3,99.956034,392.275,409.3,440.1417,448.3,416.0833
2025-12-24 04:00:00,392.275,380,120,0.0,12.45,99.90087,0.0,0.0,0.0,0.0,12.45,392.275,380,10.708299999999952,10.274999999999977,4,99.90087,401.3583,414.475,451.8583,454.125,428.4167
2025-12-24 05:00:00,401.3583,397,120,0.0,12.45,99.137069,0.0,0.0,0.0,0.0,12.45,401.3583,397,9.083300000000008,27.70830000000001,5,99.137069,409.3,428.8083,461.9417,454.7333,447.6083
2025-12-24 06:00:00,409.3,406,120,0.0,12.45,94.383478,0.0,0.0,0.0,0.0,12.45,409.3,406,7.941700000000026,27.733299999999986,6,94.383478,414.475,440.1417,457.3833,453.5333,461.0667
2025-12-24 07:00:00,414.475,407,120,0.0,12.45,82.522414,0.0,0.0,0.0,0.0,12.45,414.475,407,5.175000000000011,22.200000000000045,7,82.522414,428.8083,451.8583,445.375,454.4407,466.0
2025-12-24 08:00:00,428.8083,423,120,0.0,12.45,67.576522,0.0,0.0,0.0,0.0,12.45,428.8083,423,14.333299999999952,27.44999999999999,8,67.576522,440.1417,461.9417,438.6,457.8333,466.0
2025-12-24 09:00:00,440.1417,435,120,0.0,12.45,67.656896,0.0,0.0,0.0,0.0,12.45,440.1417,435,11.33340000000004,30.841700000000003,9,67.656896,451.8583,457.3833,448.3,457.3613,466.0
2025-12-24 10:00:00,451.8583,446,120,0.0,12.45,69.423684,0.0,0.0,0.0,0.0,12.45,451.8583,446,11.716599999999971,37.38329999999996,10,69.423684,461.9417,445.375,454.125,451.7167,461.5583
2025-12-24 11:00:00,461.9417,457,120,0.0,12.45,70.184483,0.0,0.0,0.0,0.0,12.45,461.9417,457,10.08340000000004,33.13340000000005,11,70.184483,457.3833,438.6,454.7333,443.05,453.125
2025-12-24 12:00:00,457.3833,451,120,0.0,10.67,68.540351,0.0,0.0,0.0,0.0,10.67,457.3833,451,-4.558400000000006,17.241600000000005,12,68.540351,445.375,448.3,453.5333,435.275,445.0252
2025-12-24 13:00:00,445.375,440,120,0.0,10.67,66.321552,0.0,0.0,0.0,0.0,10.67,445.375,440,-12.00830000000002,-6.483299999999986,13,66.321552,438.6,454.125,454.4407,428.4833,437.8083
2025-12-24 14:00:00,438.6,434,120,0.0,10.41,72.288696,0.0,0.0,0.0,0.0,10.41,438.6,434,-6.774999999999977,-23.341700000000003,14,72.288696,448.3,454.7333,457.8333,421.8417,432.025
2025-12-24 15:00:00,448.3,304,120,4.32,5.33,93.528448,4.32,4.32000000000002,4.320000000000011,4.320000000000011,5.33,448.3,304,9.699999999999989,-9.083300000000008,15,93.528448,454.125,453.5333,457.3613,416.0833,441.6417
2025-12-24 16:00:00,454.125,453,120,4.32,4.32,97.308696,4.32,8.64000000000002,8.640000000000011,8.640000000000011,4.32,454.125,453,5.824999999999989,8.75,16,97.308696,454.7333,454.4407,451.7167,428.4167,458.2833
2025-12-24 17:00:00,454.7333,453,120,0.0,4.32,95.086087,0.0,8.64000000000002,8.640000000000011,8.640000000000011,4.32,454.7333,453,0.6082999999999856,16.133299999999963,17,95.086087,453.5333,457.8333,443.05,447.6083,463.8583
2025-12-24 18:00:00,453.5333,450,120,0.0,4.32,97.118261,0.0,4.32000000000002,8.640000000000011,8.640000000000011,4.32,453.5333,450,-1.1999999999999886,5.233299999999986,18,97.118261,454.4407,457.3613,435.275,461.0667,465.025
2025-12-24 19:00:00,454.4407,451,118,0.0,4.32,94.224561,0.0,0.0,8.640000000000011,8.640000000000011,4.32,454.4407,451,0.9073999999999955,0.31569999999999254,19,94.224561,457.8333,451.7167,428.4833,466.0,465.9746
2025-12-24 20:00:00,457.8333,454,120,0.0,4.32,93.003509,0.0,0.0,8.640000000000011,8.640000000000011,4.32,457.8333,454,3.392600000000016,3.1000000000000227,20,93.003509,457.3613,443.05,421.8417,466.0,465.4701
2025-12-24 21:00:00,457.3613,454,119,0.0,4.32,93.043363,0.0,0.0,4.320000000000011,8.640000000000011,4.32,457.3613,454,-0.47199999999998,3.8280000000000314,21,93.043363,451.7167,435.275,416.0833,466.0,465.7583
2025-12-24 22:00:00,451.7167,447,120,0.0,4.32,93.964602,0.0,0.0,0.0,8.640000000000011,4.32,451.7167,447,-5.644600000000025,-2.7239999999999895,22,93.964602,443.05,428.4833,428.4167,461.5583,465.725
2025-12-24 23:00:00,443.05,439,120,0.0,4.32,96.306087,0.0,0.0,0.0,8.640000000000011,4.32,443.05,439,-8.666699999999992,-14.783299999999997,23,96.306087,435.275,421.8417,447.6083,453.125,465.6667
2025-12-25 00:00:00,435.275,432,120,0.0,4.32,93.424348,0.0,0.0,0.0,8.640000000000011,4.32,435.275,432,-7.775000000000034,-22.08630000000005,0,93.424348,428.4833,416.0833,461.0667,445.0252,465.4
2025-12-25 01:00:00,428.4833,425,120,0.0,4.32,94.817241,0.0,0.0,0.0,8.640000000000011,4.32,428.4833,425,-6.791699999999992,-23.233400000000017,1,94.817241,421.8417,428.4167,466.0,437.8083,465.7417
2025-12-25 02:00:00,421.8417,419,120,0.0,4.32,94.484347,0.0,0.0,0.0,8.640000000000011,4.32,421.8417,419,-6.641599999999983,-21.20830000000001,2,94.484347,416.0833,447.6083,466.0,432.025,466.0
2025-12-25 03:00:00,416.0833,413,120,0.0,4.32,96.416379,0.0,0.0,0.0,4.320000000000011,4.32,416.0833,413,-5.758399999999995,-19.19169999999997,3,96.416379,428.4167,461.0667,466.0,441.6417,466.0
2025-12-25 04:00:00,428.4167,418,120,0.0,4.32,98.411304,0.0,0.0,0.0,0.0,4.32,428.4167,418,12.333399999999983,-0.066599999999994,4,98.411304,447.6083,466.0,461.5583,458.2833,466.0
2025-12-25 05:00:00,447.6083,438,120,0.0,4.32,96.608696,0.0,0.0,0.0,0.0,4.32,447.6083,438,19.191599999999994,25.766599999999983,5,96.608696,461.0667,466.0,453.125,463.8583,466.0
2025-12-25 06:00:00,461.0667,457,120,0.0,4.32,74.405173,0.0,0.0,0.0,0.0,4.32,461.0667,457,13.45840000000004,44.98340000000002,6,74.405173,466.0,466.0,445.0252,465.025,466.0
2025-12-25 07:00:00,466.0,459,120,0.0,4.32,73.220869,0.0,0.0,0.0,0.0,4.32,466.0,459,4.933299999999974,37.58330000000001,7,73.220869,466.0,461.5583,437.8083,465.9746,466.0
2025-12-25 08:00:00,466.0,460,120,0.0,4.32,61.928448,0.0,0.0,0.0,0.0,4.32,466.0,460,0.0,18.391700000000014,8,61.928448,466.0,453.125,432.025,465.4701,466.0
2025-12-25 09:00:00,466.0,460,120,0.0,4.32,61.034782,0.0,0.0,0.0,0.0,4.32,466.0,460,0.0,4.933299999999974,9,61.034782,461.5583,445.0252,441.6417,465.7583,466.0
2025-12-25 10:00:00,461.5583,455,120,0.0,4.32,70.17913,0.0,0.0,0.0,0.0,4.32,461.5583,455,-4.441700000000026,-4.441700000000026,10,70.17913,453.125,437.8083,458.2833,465.725,466.0
2025-12-25 11:00:00,453.125,449,120,0.0,4.32,69.134782,0.0,0.0,0.0,0.0,4.32,453.125,449,-8.433299999999974,-12.875,11,69.134782,445.0252,432.025,463.8583,465.6667,466.0
2025-12-25 12:00:00,445.0252,441,119,0.0,4.32,66.450435,0.0,0.0,0.0,0.0,4.32,445.0252,441,-8.099800000000016,-20.974800000000016,12,66.450435,437.8083,441.6417,465.025,465.4,458.6917
2025-12-25 13:00:00,437.8083,435,120,0.0,4.32,65.527826,0.0,0.0,0.0,0.0,4.32,437.8083,435,-7.21690000000001,-23.75,13,65.527826,432.025,458.2833,465.9746,465.7417,451.7667
2025-12-25 14:00:00,432.025,429,120,0.0,4.32,68.84,0.0,0.0,0.0,0.0,4.32,432.025,429,-5.783299999999997,-21.100000000000023,14,68.84,441.6417,463.8583,465.4701,466.0,453.7833
2025-12-25 15:00:00,441.6417,323,120,2.03,5.33,94.151304,2.03,2.0300000000000193,2.0300000000000105,2.0300000000000105,5.33,441.6417,323,9.616700000000037,-3.3834999999999695,15,94.151304,458.2833,465.025,465.7583,466.0,458.4917
2025-12-25 16:00:00,458.2833,451,120,2.03,2.79,98.862931,2.03,4.060000000000019,4.06000000000001,4.06000000000001,2.79,458.2833,451,16.641599999999983,20.475000000000023,16,98.862931,463.8583,465.9746,465.725,466.0,456.375
2025-12-25 17:00:00,463.8583,462,120,0.76,2.79,99.635652,0.76,4.820000000000019,4.82000000000001,4.82000000000001,2.79,463.8583,462,5.574999999999989,31.83330000000001,17,99.635652,465.025,465.4701,465.6667,466.0,462.1083
2025-12-25 18:00:00,465.025,380,120,0.0,2.79,92.15,0.0,2.7900000000000196,4.82000000000001,4.82000000000001,2.79,465.025,380,1.1666999999999916,23.383299999999963,18,92.15,465.9746,465.7583,465.4,466.0,462.7667
2025-12-25 19:00:00,465.9746,449,118,0.25,3.05,91.711607,0.25,1.0100000000000195,5.07000000000001,5.07000000000001,3.05,465.9746,449,0.9496000000000322,7.6913000000000125,19,91.711607,465.4701,465.725,465.7417,466.0,463.0588
2025-12-25 20:00:00,465.4701,464,117,0.25,3.05,99.29469,0.25,0.5000000000000195,5.32000000000001,5.32000000000001,3.05,465.4701,464,-0.5045000000000073,1.6118000000000166,20,99.29469,465.7583,465.6667,466.0,466.0,463.6833
2025-12-25 21:00:00,465.7583,465,120,0.0,3.05,98.550877,0.0,0.5000000000000195,3.2900000000000107,5.32000000000001,3.05,465.7583,465,0.28820000000001755,0.7333000000000425,21,98.550877,465.725,465.4,466.0,466.0,461.2583
2025-12-25 22:00:00,465.725,464,120,0.0,3.05,97.994828,0.0,0.25000000000001954,1.2600000000000107,5.32000000000001,3.05,465.725,464,-0.033299999999997,-0.24959999999998672,22,97.994828,465.6667,465.7417,466.0,466.0,449.0583
2025-12-25 23:00:00,465.6667,465,120,0.0,3.05,100.0,0.0,0.0,0.5000000000000107,5.32000000000001,3.05,465.6667,465,-0.058300000000031105,0.19659999999998945,23,100.0,465.4,466.0,466.0,466.0,437.675
2025-12-26 00:00:00,465.4,465,120,0.0,3.05,99.343479,0.0,0.0,0.5000000000000107,5.32000000000001,3.05,465.4,465,-0.26670000000001437,-0.3583000000000425,0,99.343479,465.7417,466.0,466.0,458.6917,428.3667
2025-12-26 01:00:00,465.7417,460,120,0.0,3.05,97.367241,0.0,0.0,0.25000000000001066,5.32000000000001,3.05,465.7417,460,0.341700000000003,0.016699999999957527,1,97.367241,466.0,466.0,466.0,451.7667,420.3167
2025-12-26 02:00:00,466.0,460,119,0.0,3.05,97.636842,0.0,0.0,0.0,5.32000000000001,3.05,466.0,460,0.25830000000001974,0.33330000000000837,2,97.636842,466.0,466.0,466.0,453.7833,412.6583
2025-12-26 03:00:00,466.0,465,121,0.0,3.05,98.219999,0.0,0.0,0.0,3.2900000000000107,3.05,466.0,465,0.0,0.6000000000000227,3,98.219999,466.0,466.0,466.0,458.4917,407.95
2025-12-26 04:00:00,466.0,465,119,0.0,3.05,96.590351,0.0,0.0,0.0,1.2600000000000107,3.05,466.0,465,0.0,0.25830000000001974,4,96.590351,466.0,466.0,466.0,456.375,426.9333
2025-12-26 05:00:00,466.0,465,120,0.0,3.05,96.418261,0.0,0.0,0.0,0.5000000000000107,3.05,466.0,465,0.0,0.0,5,96.418261,466.0,466.0,466.0,462.1083,445.7917
2025-12-26 06:00:00,466.0,466,121,0.0,3.05,86.643966,0.0,0.0,0.0,0.5000000000000107,3.05,466.0,466,0.0,0.0,6,86.643966,466.0,466.0,458.6917,462.7667,462.0083
2025-12-26 07:00:00,466.0,466,119,0.0,3.05,83.112174,0.0,0.0,0.0,0.25000000000001066,3.05,466.0,466,0.0,0.0,7,83.112174,466.0,466.0,451.7667,463.0588,466.0
2025-12-26 08:00:00,466.0,466,121,0.0,3.05,72.505218,0.0,0.0,0.0,0.0,3.05,466.0,466,0.0,0.0,8,72.505218,466.0,466.0,453.7833,463.6833,466.0
2025-12-26 09:00:00,466.0,466,119,0.0,3.05,70.481739,0.0,0.0,0.0,0.0,3.05,466.0,466,0.0,0.0,9,70.481739,466.0,458.6917,458.4917,461.2583,466.0
2025-12-26 10:00:00,466.0,466,120,0.0,3.05,68.018965,0.0,0.0,0.0,0.0,3.05,466.0,466,0.0,0.0,10,68.018965,466.0,451.7667,456.375,449.0583,466.0
2025-12-26 11:00:00,466.0,461,120,0.0,3.05,65.98421,0.0,0.0,0.0,0.0,3.05,466.0,461,0.0,0.0,11,65.98421,458.6917,453.7833,462.1083,437.675,455.3167
2025-12-26 12:00:00,458.6917,454,120,0.0,3.05,65.366087,0.0,0.0,0.0,0.0,3.05,458.6917,454,-7.308299999999974,-7.308299999999974,12,65.366087,451.7667,458.4917,462.7667,428.3667,447.1083
2025-12-26 13:00:00,451.7667,448,120,0.0,3.05,67.88,0.0,0.0,0.0,0.0,3.05,451.7667,448,-6.925000000000011,-14.233299999999986,13,67.88,453.7833,456.375,463.0588,420.3167,438.3
2025-12-26 14:00:00,453.7833,367,120,11.68,14.48,85.752174,11.68,11.68000000000002,11.68000000000001,11.68000000000001,14.48,453.7833,367,2.0165999999999826,-12.216700000000003,14,85.752174,458.4917,462.1083,463.6833,412.6583,429.6833
2025-12-26 15:00:00,458.4917,457,120,11.68,13.97,100.0,11.68,23.36000000000002,23.36000000000001,23.36000000000001,13.97,458.4917,457,4.708399999999983,-0.20000000000004547,15,100.0,456.375,462.7667,461.2583,407.95,411.4333
2025-12-26 16:00:00,456.375,256,120,1.78,13.72,99.775862,1.78,25.14000000000002,25.14000000000001,25.14000000000001,13.72,456.375,256,-2.1166999999999803,4.608299999999986,16,99.775862,462.1083,463.0588,449.0583,426.9333,399.2667
2025-12-26 17:00:00,462.1083,461,120,2.03,13.97,99.741739,2.03,15.49000000000002,27.17000000000001,27.17000000000001,13.97,462.1083,461,5.733299999999986,8.324999999999989,17,99.741739,462.7667,463.6833,437.675,445.7917,366.825
2025-12-26 18:00:00,462.7667,461,120,2.03,16.0,100.0,2.03,5.840000000000019,29.20000000000001,29.20000000000001,16.0,462.7667,461,0.6584000000000287,4.275000000000034,18,100.0,463.0588,461.2583,428.3667,462.0083,342.1917
2025-12-26 19:00:00,463.0588,462,119,2.29,17.02,100.0,2.29,6.350000000000019,31.49000000000001,31.49000000000001,17.02,463.0588,462,0.2921000000000049,6.683800000000019,19,100.0,463.6833,449.0583,420.3167,466.0,309.2101
2025-12-26 20:00:00,463.6833,463,120,1.02,17.02,100.0,1.02,5.340000000000019,20.83000000000001,32.51000000000001,17.02,463.6833,463,0.624499999999955,1.5749999999999886,20,100.0,461.2583,437.675,412.6583,466.0,299.5667
2025-12-26 21:00:00,461.2583,360,120,0.0,17.02,100.0,0.0,3.3100000000000196,9.15000000000001,32.51000000000001,17.02,461.2583,360,-2.4249999999999545,-1.5083999999999946,21,100.0,449.0583,428.3667,407.95,466.0,298.875
2025-12-26 22:00:00,449.0583,351,120,0.0,17.02,100.0,0.0,1.0200000000000196,7.37000000000001,32.51000000000001,17.02,449.0583,351,-12.200000000000045,-14.000500000000045,22,100.0,437.675,420.3167,426.9333,466.0,301.8083
2025-12-26 23:00:00,437.675,308,120,0.25,17.27,100.0,0.25,0.25000000000001954,5.5900000000000105,32.76000000000001,17.27,437.675,308,-11.383299999999963,-26.008299999999963,23,100.0,428.3667,412.6583,445.7917,455.3167,306.0
2025-12-27 00:00:00,428.3667,330,120,0.25,17.27,100.0,0.25,0.5000000000000195,3.8100000000000107,33.01000000000001,17.27,428.3667,330,-9.308300000000031,-32.89160000000004,0,100.0,420.3167,407.95,462.0083,447.1083,310.9083
2025-12-27 01:00:00,420.3167,388,120,0.0,17.27,100.0,0.0,0.5000000000000195,1.5200000000000107,33.01000000000001,17.27,420.3167,388,-8.049999999999955,-28.74159999999995,1,100.0,412.6583,426.9333,466.0,438.3,316.1167
2025-12-27 02:00:00,412.6583,409,120,0.0,17.27,99.973276,0.0,0.25000000000001954,0.5000000000000107,21.33000000000001,17.27,412.6583,409,-7.658400000000029,-25.016700000000014,2,99.973276,407.95,445.7917,466.0,429.6833,321.4833
2025-12-27 03:00:00,407.95,270,120,0.0,17.27,94.244348,0.0,0.0,0.5000000000000107,9.65000000000001,17.27,407.95,270,-4.708300000000008,-20.41669999999999,3,94.244348,426.9333,462.0083,466.0,411.4333,327.4
2025-12-27 04:00:00,426.9333,417,120,0.0,17.27,90.665517,0.0,0.0,0.5000000000000107,7.87000000000001,17.27,426.9333,417,18.983299999999986,6.6165999999999485,4,90.665517,445.7917,466.0,466.0,399.2667,333.1333
2025-12-27 05:00:00,445.7917,436,120,0.0,17.27,93.586957,0.0,0.0,0.25000000000001066,5.8400000000000105,17.27,445.7917,436,18.858400000000017,33.133399999999995,5,93.586957,462.0083,466.0,455.3167,366.825,339.8
2025-12-27 06:00:00,462.0083,456,120,0.0,17.27,79.780172,0.0,0.0,0.0,3.8100000000000107,17.27,462.0083,456,16.216600000000028,54.05830000000003,6,79.780172,466.0,466.0,447.1083,342.1917,346.2269
2025-12-27 07:00:00,466.0,466,120,0.0,17.27,73.646956,0.0,0.0,0.0,1.5200000000000107,17.27,466.0,466,3.9916999999999803,39.066700000000026,7,73.646956,466.0,466.0,438.3,309.2101,353.1583
2025-12-27 08:00:00,466.0,466,120,0.0,17.27,72.937931,0.0,0.0,0.0,0.5000000000000107,17.27,466.0,466,0.0,20.20830000000001,8,72.937931,466.0,455.3167,429.6833,299.5667,361.0917
2025-12-27 09:00:00,466.0,466,120,0.0,17.27,69.02,0.0,0.0,0.0,0.5000000000000107,17.27,466.0,466,0.0,3.9916999999999803,9,69.02,466.0,447.1083,411.4333,298.875,367.8319
2025-12-27 10:00:00,466.0,460,120,0.0,17.27,65.147414,0.0,0.0,0.0,0.5000000000000107,17.27,466.0,460,0.0,0.0,10,65.147414,455.3167,438.3,399.2667,301.8083,373.6167
2025-12-27 11:00:00,455.3167,451,120,0.0,17.27,65.579131,0.0,0.0,0.0,0.25000000000001066,17.27,455.3167,451,-10.683299999999974,-10.683299999999974,11,65.579131,447.1083,429.6833,366.825,306.0,377.9417
2025-12-27 12:00:00,447.1083,443,120,0.0,17.27,53.864035,0.0,0.0,0.0,0.0,17.27,447.1083,443,-8.20840000000004,-18.891700000000014,12,53.864035,438.3,411.4333,342.1917,310.9083,382.8333
2025-12-27 13:00:00,438.3,433,120,0.0,17.27,59.145217,0.0,0.0,0.0,0.0,17.27,438.3,433,-8.808299999999974,-27.69999999999999,13,59.145217,429.6833,399.2667,309.2101,316.1167,387.4833
2025-12-27 14:00:00,429.6833,426,120,0.0,17.27,67.077391,0.0,0.0,0.0,0.0,17.27,429.6833,426,-8.616700000000037,-25.63340000000005,14,67.077391,411.4333,366.825,299.5667,321.4833,391.1167
2025-12-27 15:00:00,411.4333,221,120,28.7,34.29,87.098276,28.7,28.700000000000017,28.70000000000001,28.70000000000001,34.29,411.4333,221,-18.25,-35.67500000000001,15,87.098276,399.2667,342.1917,298.875,327.4,394.8083
2025-12-27 16:00:00,399.2667,381,120,30.73,36.58,99.037736,30.73,59.43000000000002,59.43000000000001,59.43000000000001,36.58,399.2667,381,-12.16659999999996,-39.0333,16,99.037736,366.825,309.2101,301.8083,333.1333,398.25
2025-12-27 17:00:00,366.825,355,120,2.29,35.05,99.0,2.29,61.72000000000002,61.72000000000001,61.72000000000001,35.05,366.825,355,-32.441700000000026,-62.858299999999986,17,99.0,342.1917,299.5667,306.0,339.8,394.825
2025-12-27 18:00:00,342.1917,322,120,12.7,45.47,99.0,12.7,45.72000000000003,74.42000000000002,74.42000000000002,45.47,342.1917,322,-24.633299999999963,-69.24159999999995,18,99.0,309.2101,298.875,310.9083,346.2269,366.4167
2025-12-27 19:00:00,309.2101,302,119,13.97,48.77,99.0,13.97,28.960000000000022,88.39000000000001,88.39000000000001,48.77,309.2101,302,-32.981600000000014,-90.0566,19,99.0,299.5667,301.8083,316.1167,353.1583,358.9068
2025-12-27 20:00:00,299.5667,298,120,4.32,52.07,99.0,4.32,30.990000000000023,92.71000000000001,92.71000000000001,52.07,299.5667,298,-9.643399999999986,-67.25829999999996,20,99.0,298.875,306.0,321.4833,361.0917,359.8824
2025-12-27 21:00:00,298.875,298,120,3.56,54.1,99.0,3.56,21.850000000000023,67.57000000000001,96.27000000000001,54.1,298.875,298,-0.6917000000000257,-43.316700000000026,21,99.0,301.8083,310.9083,327.4,367.8319,359.5417
2025-12-27 22:00:00,301.8083,300,120,2.03,55.12,99.0,2.03,9.910000000000021,38.87000000000001,98.30000000000001,55.12,301.8083,300,2.9332999999999743,-7.401800000000037,22,99.0,306.0,316.1167,333.1333,373.6167,346.5417
2025-12-27 23:00:00,306.0,304,120,0.76,55.12,99.009174,0.76,6.350000000000021,37.34000000000001,99.06000000000002,55.12,306.0,304,4.191700000000026,6.433299999999974,23,99.009174,310.9083,321.4833,339.8,377.9417,347.5083
2025-12-28 00:00:00,310.9083,308,120,0.0,54.86,99.954955,0.0,2.7900000000000214,24.64000000000001,99.06000000000002,54.86,310.9083,308,4.908299999999997,12.033299999999997,0,99.954955,316.1167,327.4,346.2269,382.8333,352.4417
2025-12-28 01:00:00,316.1167,313,120,0.0,54.86,100.0,0.0,0.7600000000000213,10.67000000000001,99.06000000000002,54.86,316.1167,313,5.208399999999983,14.308400000000006,1,100.0,321.4833,333.1333,353.1583,387.4833,359.1917
2025-12-28 02:00:00,321.4833,319,120,0.0,54.86,100.0,0.0,0.0,6.35000000000001,99.06000000000002,54.86,321.4833,319,5.366600000000005,15.483299999999986,2,100.0,327.4,339.8,361.0917,391.1167,365.5583
2025-12-28 03:00:00,327.4,324,120,0.0,54.86,100.0,0.0,0.0,2.7900000000000107,70.36000000000001,54.86,327.4,324,5.916699999999992,16.49169999999998,3,100.0,333.1333,346.2269,367.8319,394.8083,371.5583
2025-12-28 04:00:00,333.1333,330,120,0.0,54.86,100.0,0.0,0.0,0.7600000000000107,39.63000000000001,54.86,333.1333,330,5.7333000000000425,17.01660000000004,4,100.0,339.8,353.1583,373.6167,398.25,377.275
2025-12-28 05:00:00,339.8,336,120,0.0,54.86,100.0,0.0,0.0,0.0,37.34000000000001,54.86,339.8,336,6.666699999999992,18.316700000000026,5,100.0,346.2269,361.0917,377.9417,394.825,382.6417
2025-12-28 06:00:00,346.2269,343,119,0.0,54.86,100.0,0.0,0.0,0.0,24.64000000000001,54.86,346.2269,343,6.426899999999989,18.826900000000023,6,100.0,353.1583,367.8319,382.8333,366.4167,390.5
2025-12-28 07:00:00,353.1583,349,120,0.25,55.12,95.53913,0.25,0.2500000000000213,0.25000000000001066,10.92000000000001,55.12,353.1583,349,6.9313999999999965,20.024999999999977,7,95.53913,361.0917,373.6167,387.4833,358.9068,396.4
2025-12-28 08:00:00,361.0917,357,120,0.25,55.12,75.061739,0.25,0.5000000000000213,0.5000000000000107,6.85000000000001,55.12,361.0917,357,7.933400000000006,21.29169999999999,8,75.061739,367.8319,377.9417,391.1167,359.8824,400.9167
2025-12-28 09:00:00,367.8319,365,119,0.0,55.12,66.284483,0.0,0.5000000000000213,0.5000000000000107,3.2900000000000107,55.12,367.8319,365,6.740200000000016,21.605000000000018,9,66.284483,373.6167,382.8333,394.8083,359.5417,406.425
2025-12-28 10:00:00,373.6167,371,120,0.0,55.12,67.672174,0.0,0.2500000000000213,0.5000000000000107,1.2600000000000107,55.12,373.6167,371,5.7847999999999615,20.458399999999983,10,67.672174,377.9417,387.4833,398.25,346.5417,399.6333
2025-12-28 11:00:00,377.9417,375,120,0.0,55.12,72.625,0.0,0.0,0.5000000000000107,0.5000000000000107,55.12,377.9417,375,4.3250000000000455,16.850000000000023,11,72.625,382.8333,391.1167,394.825,347.5083,388.425
2025-12-28 12:00:00,382.8333,381,120,0.0,55.12,65.83913,0.0,0.0,0.5000000000000107,0.5000000000000107,55.12,382.8333,381,4.891599999999983,15.00139999999999,12,65.83913,387.4833,394.8083,366.4167,352.4417,381.9333
2025-12-28 13:00:00,387.4833,385,120,0.0,55.12,62.94087,0.0,0.0,0.25000000000001066,0.5000000000000107,55.12,387.4833,385,4.649999999999977,13.866600000000005,13,62.94087,391.1167,398.25,358.9068,359.1917,377.4333
2025-12-28 14:00:00,391.1167,389,120,0.0,55.12,65.685345,0.0,0.0,0.0,0.5000000000000107,55.12,391.1167,389,3.6333999999999946,13.174999999999955,14,65.685345,394.8083,394.825,359.8824,365.5583,375.1
2025-12-28 15:00:00,394.8083,392,120,0.0,55.12,70.910435,0.0,0.0,0.0,0.5000000000000107,55.12,394.8083,392,3.691599999999994,11.974999999999966,15,70.910435,398.25,366.4167,359.5417,371.5583,372.275
2025-12-28 16:00:00,398.25,396,120,0.0,25.4,81.157758,0.0,0.0,0.0,0.5000000000000107,25.4,398.25,396,3.4417000000000257,10.766700000000014,16,81.157758,394.825,358.9068,346.5417,377.275,371.275
2025-12-28 17:00:00,394.825,341,120,18.54,42.16,93.134782,18.54,18.54000000000002,18.54000000000001,19.04000000000001,42.16,394.825,341,-3.4250000000000114,3.7083000000000084,17,93.134782,366.4167,359.8824,347.5083,382.6417,369.7
2025-12-28 18:00:00,366.4167,361,120,18.8,42.16,100.0,18.8,37.34000000000002,37.34000000000001,37.84000000000001,42.16,366.4167,361,-28.408299999999997,-28.391599999999983,18,100.0,358.9068,359.5417,352.4417,390.5,384.725
2025-12-28 19:00:00,358.9068,358,118,0.25,28.7,100.0,0.25,37.59000000000002,37.59000000000001,37.84000000000001,28.7,358.9068,358,-7.509900000000016,-39.343200000000024,19,100.0,359.8824,346.5417,359.1917,396.4,392.8833
2025-12-28 20:00:00,359.8824,358,119,0.0,25.15,99.97913,0.0,19.050000000000022,37.59000000000001,37.59000000000001,25.15,359.8824,358,0.9756000000000427,-34.94259999999997,20,99.97913,359.5417,347.5083,365.5583,400.9167,394.4083
2025-12-28 21:00:00,359.5417,350,120,8.89,28.96,99.853044,8.89,9.140000000000022,46.48000000000001,46.48000000000001,28.96,359.5417,350,-0.34070000000002665,-6.875,21,99.853044,346.5417,352.4417,371.5583,406.425,393.75
2025-12-28 22:00:00,346.5417,345,120,8.89,28.96,100.0,8.89,17.780000000000022,55.37000000000001,55.37000000000001,28.96,346.5417,345,-13.0,-12.365099999999984,22,100.0,347.5083,359.1917,377.275,399.6333,392.975
2025-12-28 23:00:00,347.5083,346,120,0.0,28.19,100.0,0.0,17.780000000000022,36.83000000000001,55.37000000000001,28.19,347.5083,346,0.9666000000000281,-12.374099999999999,23,100.0,352.4417,365.5583,382.6417,388.425,392.8
2025-12-29 00:00:00,352.4417,295,120,0.0,28.19,100.0,0.0,8.890000000000022,18.030000000000012,55.37000000000001,28.19,352.4417,295,4.933400000000006,-7.099999999999966,0,100.0,359.1917,371.5583,390.5,381.9333,388.2167
2025-12-29 01:00:00,359.1917,356,120,0.0,28.19,100.0,0.0,0.0,17.780000000000012,55.37000000000001,28.19,359.1917,356,6.75,12.650000000000034,1,100.0,365.5583,377.275,396.4,377.4333,392.6917
2025-12-29 02:00:00,365.5583,362,120,0.0,28.19,100.0,0.0,0.0,17.780000000000012,55.37000000000001,28.19,365.5583,362,6.3665999999999485,18.049999999999955,2,100.0,371.5583,382.6417,400.9167,375.1,399.3583
2025-12-29 03:00:00,371.5583,369,120,0.0,28.19,100.0,0.0,0.0,8.890000000000011,55.37000000000001,28.19,371.5583,369,6.0,19.11659999999995,3,100.0,377.275,390.5,406.425,372.275,404.4417
2025-12-29 04:00:00,377.275,374,120,0.0,28.19,100.0,0.0,0.0,0.0,55.37000000000001,28.19,377.275,374,5.716700000000003,18.08329999999995,4,100.0,382.6417,396.4,399.6333,371.275,409.625
2025-12-29 05:00:00,382.6417,380,120,0.0,28.19,100.0,0.0,0.0,0.0,36.83000000000001,28.19,382.6417,380,5.366700000000037,17.08340000000004,5,100.0,390.5,400.9167,388.425,369.7,415.9
2025-12-29 06:00:00,390.5,386,120,0.0,28.19,91.659131,0.0,0.0,0.0,18.030000000000012,28.19,390.5,386,7.858299999999986,18.941700000000026,6,91.659131,396.4,406.425,381.9333,384.725,424.0333
2025-12-29 07:00:00,396.4,395,120,0.0,28.19,72.152586,0.0,0.0,0.0,17.780000000000012,28.19,396.4,395,5.899999999999977,19.125,7,72.152586,400.9167,399.6333,377.4333,392.8833,433.05
2025-12-29 08:00:00,400.9167,398,120,0.0,27.69,74.959131,0.0,0.0,0.0,17.780000000000012,27.69,400.9167,398,4.516700000000014,18.274999999999977,8,74.959131,406.425,388.425,375.1,394.4083,441.475
2025-12-29 09:00:00,406.425,404,120,0.0,27.69,75.370435,0.0,0.0,0.0,8.890000000000011,27.69,406.425,404,5.50830000000002,15.925000000000011,9,75.370435,399.6333,381.9333,372.275,393.75,449.5583
2025-12-29 10:00:00,399.6333,393,120,0.0,27.69,74.794828,0.0,0.0,0.0,0.0,27.69,399.6333,393,-6.791699999999992,3.2333000000000425,10,74.794828,388.425,377.4333,371.275,392.975,458.7083
2025-12-29 11:00:00,388.425,384,120,0.0,27.69,74.295652,0.0,0.0,0.0,0.0,27.69,388.425,384,-11.208300000000008,-12.49169999999998,11,74.295652,381.9333,375.1,369.7,392.8,453.1167
2025-12-29 12:00:00,381.9333,380,120,0.0,27.69,67.710435,0.0,0.0,0.0,0.0,27.69,381.9333,380,-6.491700000000037,-24.491700000000037,12,67.710435,377.4333,372.275,384.725,388.2167,438.875
2025-12-29 13:00:00,377.4333,375,120,0.0,27.69,65.875862,0.0,0.0,0.0,0.0,27.69,377.4333,375,-4.5,-22.200000000000045,13,65.875862,375.1,371.275,392.8833,392.6917,428.7333
2025-12-29 14:00:00,375.1,373,120,0.0,27.69,63.263478,0.0,0.0,0.0,0.0,27.69,375.1,373,-2.3332999999999515,-13.324999999999989,14,63.263478,372.275,369.7,394.4083,399.3583,434.3
2025-12-29 15:00:00,372.275,371,120,0.0,27.69,69.671304,0.0,0.0,0.0,0.0,27.69,372.275,371,-2.8250000000000455,-9.658299999999997,15,69.671304,371.275,384.725,393.75,404.4417,444.8583
2025-12-29 16:00:00,371.275,370,120,0.0,27.69,69.190351,0.0,0.0,0.0,0.0,27.69,371.275,370,-1.0,-6.158299999999997,16,69.190351,369.7,392.8833,392.975,409.625,435.0333
2025-12-29 17:00:00,369.7,264,120,0.0,27.69,75.432174,0.0,0.0,0.0,0.0,27.69,369.7,264,-1.5749999999999886,-5.400000000000034,17,75.432174,384.725,394.4083,392.8,415.9,428.8167
2025-12-29 18:00:00,384.725,348,120,3.56,12.45,91.121739,3.56,3.5600000000000214,3.5600000000000107,3.5600000000000107,12.45,384.725,348,15.025000000000034,12.450000000000045,18,91.121739,392.8833,393.75,388.2167,424.0333,445.5333
2025-12-29 19:00:00,392.8833,390,120,3.56,12.45,99.984483,3.56,7.120000000000021,7.120000000000011,7.120000000000011,12.45,392.8833,390,8.158299999999997,21.608300000000042,19,99.984483,394.4083,392.975,392.6917,433.05,457.7563
2025-12-29 20:00:00,394.4083,394,120,0.0,12.45,100.0,0.0,7.120000000000021,7.120000000000011,7.120000000000011,12.45,394.4083,394,1.5249999999999773,24.70830000000001,20,100.0,393.75,392.8,399.3583,441.475,461.0917
2025-12-29 21:00:00,393.75,393,120,0.0,12.45,100.0,0.0,3.5600000000000214,7.120000000000011,7.120000000000011,12.45,393.75,393,-0.658299999999997,9.024999999999977,21,100.0,392.975,388.2167,404.4417,449.5583,457.6134
2025-12-29 22:00:00,392.975,392,120,0.0,3.56,100.0,0.0,0.0,7.120000000000011,7.120000000000011,3.56,392.975,392,-0.7749999999999773,0.091700000000003,22,100.0,392.8,392.6917,409.625,458.7083,447.175
2025-12-29 23:00:00,392.8,392,120,0.25,3.81,98.964655,0.25,0.2500000000000213,7.370000000000011,7.370000000000011,3.81,392.8,392,-0.17500000000001137,-1.6082999999999856,23,98.964655,388.2167,399.3583,415.9,453.1167,437.6917
2025-12-30 00:00:00,388.2167,384,120,0.25,3.81,96.890435,0.25,0.5000000000000213,4.060000000000011,7.620000000000011,3.81,388.2167,384,-4.583300000000008,-5.533299999999997,0,96.890435,392.6917,404.4417,424.0333,438.875,429.3277
2025-12-30 01:00:00,392.6917,341,120,0.0,3.81,99.01638,0.0,0.5000000000000213,0.5000000000000107,7.620000000000011,3.81,392.6917,341,4.475000000000023,-0.283299999999997,1,99.01638,399.3583,409.625,433.05,428.7333,421.9583
2025-12-30 02:00:00,399.3583,396,120,0.0,3.81,100.0,0.0,0.2500000000000213,0.5000000000000107,7.620000000000011,3.81,399.3583,396,6.66659999999996,6.558299999999974,2,100.0,404.4417,415.9,441.475,434.3,414.8917
2025-12-30 03:00:00,404.4417,341,120,0.0,3.81,100.0,0.0,0.0,0.5000000000000107,7.620000000000011,3.81,404.4417,341,5.08340000000004,16.225000000000023,3,100.0,409.625,424.0333,449.5583,444.8583,408.1083
2025-12-30 04:00:00,409.625,304,120,0.0,3.81,100.0,0.0,0.0,0.5000000000000107,7.620000000000011,3.81,409.625,304,5.183299999999974,16.933299999999974,4,100.0,415.9,433.05,458.7083,435.0333,411.5417
2025-12-30 05:00:00,415.9,396,120,0.0,3.81,99.880172,0.0,0.0,0.25000000000001066,7.620000000000011,3.81,415.9,396,6.274999999999977,16.54169999999999,5,99.880172,424.0333,441.475,453.1167,428.8167,430.85
2025-12-30 06:00:00,424.0333,419,120,0.0,3.81,87.434783,0.0,0.0,0.0,4.060000000000011,3.81,424.0333,419,8.13330000000002,19.59159999999997,6,87.434783,433.05,449.5583,438.875,445.5333,449.1083
2025-12-30 07:00:00,433.05,428,120,0.0,3.81,72.82069,0.0,0.0,0.0,0.5000000000000107,3.81,433.05,428,9.016700000000014,23.42500000000001,7,72.82069,441.475,458.7083,428.7333,457.7563,463.4833
2025-12-30 08:00:00,441.475,437,120,0.0,3.81,68.504348,0.0,0.0,0.0,0.5000000000000107,3.81,441.475,437,8.425000000000011,25.575000000000045,8,68.504348,449.5583,453.1167,434.3,461.0917,466.0
2025-12-30 09:00:00,449.5583,446,120,0.0,3.81,71.257392,0.0,0.0,0.0,0.5000000000000107,3.81,449.5583,446,8.083299999999952,25.524999999999977,9,71.257392,458.7083,438.875,444.8583,457.6134,459.3333
2025-12-30 10:00:00,458.7083,454,120,0.0,3.81,71.375,0.0,0.0,0.0,0.5000000000000107,3.81,458.7083,454,9.150000000000034,25.658299999999997,10,71.375,453.1167,428.7333,435.0333,447.175,460.3917
2025-12-30 11:00:00,453.1167,445,120,0.0,3.81,67.492174,0.0,0.0,0.0,0.25000000000001066,3.81,453.1167,445,-5.591600000000028,11.641699999999958,11,67.492174,438.875,434.3,428.8167,437.6917,461.1833
2025-12-30 12:00:00,438.875,434,120,0.0,3.81,65.086087,0.0,0.0,0.0,0.0,3.81,438.875,434,-14.24169999999998,-10.683299999999974,12,65.086087,428.7333,444.8583,445.5333,429.3277,460.2083
2025-12-30 13:00:00,428.7333,424,120,0.0,3.81,65.270435,0.0,0.0,0.0,0.0,3.81,428.7333,424,-10.141700000000014,-29.975000000000023,13,65.270435,434.3,435.0333,457.7563,421.9583,454.15
2025-12-30 14:00:00,434.3,427,120,0.0,3.81,67.54,0.0,0.0,0.0,0.0,3.81,434.3,427,5.566700000000026,-18.81669999999997,14,67.54,444.8583,428.8167,461.0917,414.8917,445.225
2025-12-30 15:00:00,444.8583,441,120,0.0,3.81,67.451754,0.0,0.0,0.0,0.0,3.81,444.8583,441,10.558299999999974,5.983299999999986,15,67.451754,435.0333,445.5333,457.6134,408.1083,440.1417
2025-12-30 16:00:00,435.0333,429,120,0.0,3.81,72.678448,0.0,0.0,0.0,0.0,3.81,435.0333,429,-9.824999999999989,6.300000000000011,16,72.678448,428.8167,457.7563,447.175,411.5417,454.7
2025-12-30 17:00:00,428.8167,366,120,0.0,3.81,82.233913,0.0,0.0,0.0,0.0,3.81,428.8167,366,-6.216599999999971,-5.483299999999986,17,82.233913,445.5333,461.0917,437.6917,430.85,462.0917
2025-12-30 18:00:00,445.5333,438,120,0.0,3.81,80.753098,0.0,0.0,0.0,0.0,3.81,445.5333,438,16.71659999999997,0.6750000000000114,18,80.753098,457.7563,457.6134,429.3277,449.1083,458.4917
2025-12-30 19:00:00,457.7563,452,119,0.0,0.25,85.090351,0.0,0.0,0.0,0.0,0.25,457.7563,452,12.223000000000013,22.723000000000013,19,85.090351,461.0917,447.175,421.9583,463.4833,455.9417
2025-12-30 20:00:00,461.0917,453,120,0.0,0.25,87.506957,0.0,0.0,0.0,0.0,0.25,461.0917,453,3.335399999999993,32.27499999999998,20,87.506957,457.6134,437.6917,414.8917,466.0,458.8833
2025-12-30 21:00:00,457.6134,452,119,0.0,0.25,91.469298,0.0,0.0,0.0,0.0,0.25,457.6134,452,-3.47829999999999,12.080100000000016,21,91.469298,447.175,429.3277,408.1083,459.3333,460.2583
2025-12-30 22:00:00,447.175,442,120,0.0,0.25,93.661404,0.0,0.0,0.0,0.0,0.25,447.175,442,-10.438400000000001,-10.581299999999999,22,93.661404,437.6917,421.9583,411.5417,460.3917,453.9583
2025-12-30 23:00:00,437.6917,433,120,0.0,0.25,94.114782,0.0,0.0,0.0,0.0,0.25,437.6917,433,-9.483299999999986,-23.399999999999977,23,94.114782,429.3277,414.8917,430.85,461.1833,446.0083
2025-12-31 00:00:00,429.3277,425,119,0.0,0.0,93.746902,0.0,0.0,0.0,0.0,0.0,429.3277,425,-8.364000000000033,-28.28570000000002,0,93.746902,421.9583,408.1083,449.1083,460.2083,438.7143
2025-12-31 01:00:00,421.9583,418,120,0.0,0.0,93.968965,0.0,0.0,0.0,0.0,0.0,421.9583,418,-7.369399999999985,-25.216700000000003,1,93.968965,414.8917,411.5417,463.4833,454.15,432.1167
2025-12-31 02:00:00,414.8917,411,120,0.0,0.0,96.4,0.0,0.0,0.0,0.0,0.0,414.8917,411,-7.066599999999994,-22.80000000000001,2,96.4,408.1083,430.85,466.0,445.225,425.6917
2025-12-31 03:00:00,408.1083,405,120,0.25,0.25,99.975862,0.25,0.2500000000000213,0.25000000000001066,0.25000000000001066,0.25,408.1083,405,-6.783400000000029,-21.219400000000007,3,99.975862,411.5417,449.1083,459.3333,440.1417,419.0417
2025-12-31 04:00:00,411.5417,349,120,0.25,0.25,100.0,0.25,0.5000000000000213,0.5000000000000107,0.5000000000000107,0.25,411.5417,349,3.433400000000006,-10.416600000000017,4,100.0,430.85,463.4833,460.3917,454.7,414.475
2025-12-31 05:00:00,430.85,422,120,0.0,0.25,100.0,0.0,0.5000000000000213,0.5000000000000107,0.5000000000000107,0.25,430.85,422,19.30830000000003,15.958300000000008,5,100.0,449.1083,466.0,461.1833,462.0917,409.15
2025-12-31 06:00:00,449.1083,440,120,0.0,0.25,94.507758,0.0,0.2500000000000213,0.5000000000000107,0.5000000000000107,0.25,449.1083,440,18.258299999999963,41.0,6,94.507758,463.4833,459.3333,460.2083,458.4917,404.6917
2025-12-31 07:00:00,463.4833,456,120,0.25,0.51,78.887826,0.25,0.2500000000000213,0.7500000000000107,0.7500000000000107,0.51,463.4833,456,14.375,51.941599999999994,7,78.887826,466.0,460.3917,454.15,455.9417,404.4083
2025-12-31 08:00:00,466.0,458,120,0.25,0.51,68.122414,0.25,0.5000000000000213,1.0000000000000107,1.0000000000000107,0.51,466.0,458,2.5167000000000144,35.14999999999998,8,68.122414,459.3333,461.1833,445.225,458.8833,424.25
2025-12-31 09:00:00,459.3333,455,120,0.0,0.51,74.843478,0.0,0.5000000000000213,0.7500000000000107,1.0000000000000107,0.51,459.3333,455,-6.666699999999992,10.225000000000023,9,74.843478,460.3917,460.2083,440.1417,460.2583,444.975
2025-12-31 10:00:00,460.3917,456,120,0.0,0.51,71.985345,0.0,0.2500000000000213,0.5000000000000107,1.0000000000000107,0.51,460.3917,456,1.058400000000006,-3.0915999999999713,10,71.985345,461.1833,454.15,454.7,453.9583,461.0167
2025-12-31 11:00:00,461.1833,457,120,0.0,0.51,66.84,0.0,0.0,0.5000000000000107,1.0000000000000107,0.51,461.1833,457,0.7915999999999599,-4.816700000000026,11,66.84,460.2083,445.225,462.0917,446.0083,459.3833
2025-12-31 12:00:00,460.2083,456,120,0.0,0.51,67.489565,0.0,0.0,0.5000000000000107,1.0000000000000107,0.51,460.2083,456,-0.9749999999999659,0.875,12,67.489565,454.15,440.1417,458.4917,438.7143,452.1167
2025-12-31 13:00:00,454.15,450,120,0.0,0.51,71.92087,0.0,0.0,0.25000000000001066,1.0000000000000107,0.51,454.15,450,-6.058300000000031,-6.241700000000037,13,71.92087,445.225,454.7,455.9417,432.1167,443.6083
2025-12-31 14:00:00,445.225,441,120,0.0,0.51,73.824348,0.0,0.0,0.0,1.0000000000000107,0.51,445.225,441,-8.924999999999955,-15.958299999999952,14,73.824348,440.1417,462.0917,458.8833,425.6917,436.2833
2025-12-31 15:00:00,440.1417,437,120,0.0,0.51,74.206897,0.0,0.0,0.0,0.7500000000000107,0.51,440.1417,437,-5.083300000000008,-20.066599999999994,15,74.206897,454.7,458.4917,460.2583,419.0417,428.9917
2025-12-31 16:00:00,454.7,446,120,0.0,0.51,77.835652,0.0,0.0,0.0,0.5000000000000107,0.51,454.7,446,14.558299999999974,0.5500000000000114,16,77.835652,462.0917,455.9417,453.9583,414.475,421.5917
2025-12-31 17:00:00,462.0917,453,120,0.0,0.51,79.551724,0.0,0.0,0.0,0.5000000000000107,0.51,462.0917,453,7.391700000000014,16.86669999999998,17,79.551724,458.4917,458.8833,446.0083,409.15,432.9917
2025-12-31 18:00:00,458.4917,346,120,0.0,0.51,82.513913,0.0,0.0,0.0,0.5000000000000107,0.51,458.4917,346,-3.6000000000000227,18.349999999999966,18,82.513913,455.9417,460.2583,438.7143,404.6917,451.4202
2025-12-31 19:00:00,455.9417,453,120,0.0,0.51,83.591304,0.0,0.0,0.0,0.25000000000001066,0.51,455.9417,453,-2.5499999999999545,1.241700000000037,19,83.591304,458.8833,453.9583,432.1167,404.4083,461.2417
2025-12-31 20:00:00,458.8833,453,120,0.0,0.51,84.317242,0.0,0.0,0.0,0.0,0.51,458.8833,453,2.941599999999994,-3.2083999999999833,20,84.317242,460.2583,446.0083,425.6917,424.25,459.875
2025-12-31 21:00:00,460.2583,453,120,0.0,0.51,84.397391,0.0,0.0,0.0,0.0,0.51,460.2583,453,1.375,1.7666000000000395,21,84.397391,453.9583,438.7143,419.0417,444.975,421.1333
2025-12-31 22:00:00,453.9583,450,120,0.0,0.51,84.634782,0.0,0.0,0.0,0.0,0.51,453.9583,450,-6.300000000000011,-1.9834000000000174,22,84.634782,446.0083,432.1167,414.475,461.0167,324.3833
2025-12-31 23:00:00,446.0083,442,120,0.0,0.51,85.824348,0.0,0.0,0.0,0.0,0.51,446.0083,442,-7.949999999999989,-12.875,23,85.824348,438.7143,425.6917,409.15,459.3833,303.4917
2026-01-01 00:00:00,438.7143,435,119,0.0,0.51,86.728696,0.0,0.0,0.0,0.0,0.51,438.7143,435,-7.29400000000004,-21.54400000000004,0,86.728696,432.1167,419.0417,404.6917,452.1167,306.1092
2026-01-01 01:00:00,432.1167,429,120,0.0,0.51,87.395652,0.0,0.0,0.0,0.0,0.51,432.1167,429,-6.5976,-21.841600000000028,1,87.395652,425.6917,414.475,404.4083,443.6083,311.775
2026-01-01 02:00:00,425.6917,410,120,0.0,0.51,88.946956,0.0,0.0,0.0,0.0,0.51,425.6917,410,-6.4249999999999545,-20.316599999999994,2,88.946956,419.0417,409.15,424.25,436.2833,317.95
2026-01-01 03:00:00,419.0417,368,120,0.0,0.25,90.031304,0.0,0.0,0.0,0.0,0.25,419.0417,368,-6.650000000000034,-19.67259999999999,3,90.031304,414.475,404.6917,444.975,428.9917,324.375
2026-01-01 04:00:00,414.475,411,120,0.0,0.25,90.80087,0.0,0.0,0.0,0.0,0.25,414.475,411,-4.566699999999969,-17.641699999999958,4,90.80087,409.15,404.4083,461.0167,421.5917,331.2
2026-01-01 05:00:00,409.15,407,120,0.0,0.25,90.662069,0.0,0.0,0.0,0.0,0.25,409.15,407,-5.3250000000000455,-16.54170000000005,5,90.662069,404.6917,424.25,459.3833,432.9917,338.3667
2026-01-01 06:00:00,404.6917,403,120,0.0,0.25,87.512174,0.0,0.0,0.0,0.0,0.25,404.6917,403,-4.4582999999999515,-14.349999999999966,6,87.512174,404.4083,444.975,452.1167,451.4202,345.1583
2026-01-01 07:00:00,404.4083,401,120,0.0,0.25,81.826957,0.0,0.0,0.0,0.0,0.25,404.4083,401,-0.28340000000002874,-10.066700000000026,7,81.826957,424.25,461.0167,443.6083,461.2417,351.9417
2026-01-01 08:00:00,424.25,412,120,0.0,0.0,69.891304,0.0,0.0,0.0,0.0,0.0,424.25,412,19.841700000000003,15.100000000000023,8,69.891304,444.975,459.3833,436.2833,459.875,359.025
2026-01-01 09:00:00,444.975,435,120,0.0,0.0,67.492242,0.0,0.0,0.0,0.0,0.0,444.975,435,20.725000000000023,40.2833,9,67.492242,461.0167,452.1167,428.9917,421.1333,364.9667
2026-01-01 10:00:00,461.0167,455,120,0.0,0.0,62.852174,0.0,0.0,0.0,0.0,0.0,461.0167,455,16.04169999999999,56.60840000000002,10,62.852174,459.3833,443.6083,421.5917,324.3833,370.9833
2026-01-01 11:00:00,459.3833,456,120,0.0,0.0,61.597391,0.0,0.0,0.0,0.0,0.0,459.3833,456,-1.6333999999999946,35.13330000000002,11,61.597391,452.1167,436.2833,432.9917,303.4917,378.7667
2026-01-01 12:00:00,452.1167,447,120,0.0,0.0,57.033044,0.0,0.0,0.0,0.0,0.0,452.1167,447,-7.2666000000000395,7.1416999999999575,12,57.033044,443.6083,428.9917,451.4202,306.1092,383.4667
2026-01-01 13:00:00,443.6083,439,120,0.0,0.0,55.396552,0.0,0.0,0.0,0.0,0.0,443.6083,439,-8.508399999999995,-17.40840000000003,13,55.396552,436.2833,421.5917,461.2417,311.775,387.825
2026-01-01 14:00:00,436.2833,432,120,0.0,0.0,61.013044,0.0,0.0,0.0,0.0,0.0,436.2833,432,-7.324999999999989,-23.100000000000023,14,61.013044,428.9917,432.9917,459.875,317.95,391.95
2026-01-01 15:00:00,428.9917,425,120,0.0,0.0,69.617391,0.0,0.0,0.0,0.0,0.0,428.9917,425,-7.291600000000017,-23.125,15,69.617391,421.5917,451.4202,421.1333,324.375,395.5583
2026-01-01 16:00:00,421.5917,418,120,0.0,0.0,79.425,0.0,0.0,0.0,0.0,0.0,421.5917,418,-7.399999999999977,-22.016599999999983,16,79.425,432.9917,461.2417,324.3833,331.2,398.9167
2026-01-01 17:00:00,432.9917,423,120,0.0,0.0,81.983479,0.0,0.0,0.0,0.0,0.0,432.9917,423,11.399999999999977,-3.2916000000000167,17,81.983479,451.4202,459.875,303.4917,338.3667,402.575
2026-01-01 18:00:00,451.4202,396,119,0.0,0.0,88.721052,0.0,0.0,0.0,0.0,0.0,451.4202,396,18.428500000000042,22.428500000000042,18,88.721052,461.2417,421.1333,306.1092,345.1583,404.5
2026-01-01 19:00:00,461.2417,454,120,0.0,0.0,87.906195,0.0,0.0,0.0,0.0,0.0,461.2417,454,9.821499999999958,39.64999999999998,19,87.906195,459.875,324.3833,311.775,351.9417,408.05
2026-01-01 20:00:00,459.875,454,120,0.0,0.0,90.157895,0.0,0.0,0.0,0.0,0.0,459.875,454,-1.3666999999999803,26.88330000000002,20,90.157895,421.1333,303.4917,317.95,359.025,409.719
2026-01-01 21:00:00,421.1333,285,120,48.77,48.77,99.572807,48.77,48.770000000000024,48.77000000000001,48.77000000000001,48.77,421.1333,285,-38.74169999999998,-30.286900000000003,21,99.572807,324.3833,306.1092,324.375,364.9667,412.3667
2026-01-01 22:00:00,324.3833,306,120,50.8,52.58,100.0,50.8,99.57000000000002,99.57000000000002,99.57000000000002,52.58,324.3833,306,-96.75,-136.85839999999996,22,100.0,303.4917,311.775,331.2,370.9833,410.5042
2026-01-01 23:00:00,303.4917,303,120,3.81,53.09,100.0,3.81,103.38000000000002,103.38000000000001,103.38000000000001,53.09,303.4917,303,-20.89160000000004,-156.38330000000002,23,100.0,306.1092,317.95,338.3667,378.7667,396.275
2026-01-02 00:00:00,306.1092,304,119,0.76,53.85,100.0,0.76,55.37000000000002,104.14000000000001,104.14000000000001,53.85,306.1092,304,2.617500000000007,-115.02410000000003,0,100.0,311.775,324.375,345.1583,383.4667,376.4831
2026-01-02 01:00:00,311.775,309,120,0.76,54.1,100.0,0.76,5.330000000000021,104.90000000000002,104.90000000000002,54.1,311.775,309,5.66579999999999,-12.608300000000042,1,100.0,317.95,331.2,351.9417,387.825,364.4667
2026-01-02 02:00:00,317.95,315,120,0.25,54.36,100.0,0.25,1.7700000000000213,105.15000000000002,105.15000000000002,54.36,317.95,315,6.175000000000011,14.458300000000008,2,100.0,324.375,338.3667,359.025,391.95,359.8403
2026-01-02 03:00:00,324.375,321,120,0.25,54.36,100.0,0.25,1.2600000000000213,56.63000000000001,105.40000000000002,54.36,324.375,321,6.425000000000011,18.265800000000013,3,100.0,331.2,345.1583,364.9667,395.5583,373.0
2026-01-02 04:00:00,331.2,328,120,0.0,54.36,100.0,0.0,0.5000000000000213,5.830000000000014,105.40000000000002,54.36,331.2,328,6.824999999999989,19.42500000000001,4,100.0,338.3667,351.9417,370.9833,398.9167,383.1917
2026-01-02 05:00:00,338.3667,335,120,0.0,54.36,100.0,0.0,0.2500000000000213,2.0200000000000142,105.40000000000002,54.36,338.3667,335,7.166699999999992,20.41669999999999,5,100.0,345.1583,359.025,378.7667,402.575,389.5798
2026-01-02 06:00:00,345.1583,342,120,0.0,54.36,100.0,0.0,0.0,1.2600000000000142,105.40000000000002,54.36,345.1583,342,6.791600000000017,20.783299999999997,6,100.0,351.9417,364.9667,383.4667,404.5,389.4583
2026-01-02 07:00:00,351.9417,349,120,0.0,54.36,100.0,0.0,0.0,0.5000000000000142,105.40000000000002,54.36,351.9417,349,6.783400000000029,20.741700000000037,7,100.0,359.025,370.9833,387.825,408.05,392.05
2026-01-02 08:00:00,359.025,355,120,0.0,54.36,90.505172,0.0,0.0,0.2500000000000142,105.40000000000002,54.36,359.025,355,7.0832999999999515,20.658299999999997,8,90.505172,364.9667,378.7667,391.95,409.719,402.9917
2026-01-02 09:00:00,364.9667,362,120,0.0,54.36,77.543966,0.0,0.0,0.0,56.63000000000001,54.36,364.9667,362,5.941700000000026,19.808400000000006,9,77.543966,370.9833,383.4667,395.5583,412.3667,410.4417
2026-01-02 10:00:00,370.9833,366,120,0.0,54.36,68.876316,0.0,0.0,0.0,5.830000000000014,54.36,370.9833,366,6.016599999999983,19.04159999999996,10,68.876316,378.7667,387.825,398.9167,410.5042,402.85
2026-01-02 11:00:00,378.7667,375,120,0.0,54.36,66.426724,0.0,0.0,0.0,2.0200000000000142,54.36,378.7667,375,7.783400000000029,19.741700000000037,11,66.426724,383.4667,391.95,402.575,396.275,391.0917
2026-01-02 12:00:00,383.4667,381,120,0.0,54.36,70.534782,0.0,0.0,0.0,1.2600000000000142,54.36,383.4667,381,4.699999999999989,18.5,12,70.534782,387.825,395.5583,404.5,376.4831,383.575
2026-01-02 13:00:00,387.825,385,120,0.0,54.36,65.691304,0.0,0.0,0.0,0.5000000000000142,54.36,387.825,385,4.358299999999986,16.841700000000003,13,65.691304,391.95,398.9167,408.05,364.4667,379.45
2026-01-02 14:00:00,391.95,390,120,0.0,54.36,65.473276,0.0,0.0,0.0,0.2500000000000142,54.36,391.95,390,4.125,13.183299999999974,14,65.473276,395.5583,402.575,409.719,359.8403,378.3333
2026-01-02 15:00:00,395.5583,394,120,0.0,54.36,68.386957,0.0,0.0,0.0,0.0,54.36,395.5583,394,3.6082999999999856,12.091599999999971,15,68.386957,398.9167,404.5,412.3667,373.0,392.9
2026-01-02 16:00:00,398.9167,397,120,0.0,54.36,72.731304,0.0,0.0,0.0,0.0,54.36,398.9167,397,3.3584000000000174,11.091700000000003,16,72.731304,402.575,408.05,410.5042,383.1917,407.4417
2026-01-02 17:00:00,402.575,386,120,0.0,54.36,84.112174,0.0,0.0,0.0,0.0,54.36,402.575,386,3.658299999999997,10.625,17,84.112174,404.5,409.719,396.275,389.5798,419.5333
2026-01-02 18:00:00,404.5,307,118,2.29,56.9,96.285344,2.29,2.2900000000000214,2.2900000000000142,2.2900000000000142,56.9,404.5,307,1.9250000000000114,8.941700000000026,18,96.285344,408.05,412.3667,376.4831,389.4583,429.825
2026-01-02 19:00:00,408.05,405,120,4.06,59.18,100.0,4.06,6.350000000000021,6.350000000000014,6.350000000000014,59.18,408.05,405,3.5500000000000114,9.13330000000002,19,100.0,409.719,410.5042,364.4667,392.05,440.3136
2026-01-02 20:00:00,409.719,348,121,2.29,59.94,100.0,2.29,8.640000000000022,8.640000000000015,8.640000000000015,59.94,409.719,348,1.6689999999999827,7.1440000000000055,20,100.0,412.3667,396.275,359.8403,402.9917,448.3833
2026-01-02 21:00:00,412.3667,412,120,1.27,59.94,100.0,1.27,7.6200000000000205,9.910000000000014,9.910000000000014,59.94,412.3667,412,2.647699999999986,7.86669999999998,21,100.0,410.5042,376.4831,373.0,410.4417,456.4167
2026-01-02 22:00:00,410.5042,409,119,1.27,11.94,100.0,1.27,4.830000000000021,11.180000000000014,11.180000000000014,11.94,410.5042,409,-1.8624999999999545,2.4542000000000144,22,100.0,396.275,364.4667,383.1917,402.85,445.375
2026-01-02 23:00:00,396.275,385,120,2.29,11.18,100.0,2.29,4.830000000000021,13.470000000000013,13.470000000000013,11.18,396.275,385,-14.229200000000048,-13.444000000000017,23,100.0,376.4831,359.8403,389.5798,391.0917,435.1917
2026-01-03 00:00:00,376.4831,370,118,2.03,11.68,100.0,2.03,5.590000000000021,13.210000000000015,15.500000000000014,11.68,376.4831,370,-19.7919,-35.8836,0,100.0,364.4667,373.0,389.4583,383.575,426.2941
2026-01-03 01:00:00,364.4667,360,120,0.51,10.92,100.0,0.51,4.830000000000021,9.660000000000014,16.010000000000012,10.92,364.4667,360,-12.016399999999976,-46.03750000000002,1,100.0,359.8403,383.1917,392.05,379.45,418.1083
2026-01-03 02:00:00,359.8403,212,119,0.25,10.92,100.0,0.25,2.7900000000000214,7.620000000000014,16.260000000000012,10.92,359.8403,212,-4.62639999999999,-36.434699999999964,2,100.0,373.0,389.5798,402.9917,378.3333,410.5
2026-01-03 03:00:00,373.0,250,121,0.0,10.67,100.0,0.0,0.7600000000000213,6.350000000000014,16.260000000000012,10.67,373.0,250,13.159699999999987,-3.483099999999979,3,100.0,383.1917,389.4583,410.4417,392.9,402.875
2026-01-03 04:00:00,383.1917,314,120,0.0,10.67,100.0,0.0,0.2500000000000213,5.080000000000014,16.260000000000012,10.67,383.1917,314,10.191700000000026,18.725000000000023,4,100.0,389.5798,392.05,402.85,407.4417,393.2833
2026-01-03 05:00:00,389.5798,387,119,0.0,10.67,100.0,0.0,0.0,2.7900000000000142,16.260000000000012,10.67,389.5798,387,6.388099999999952,29.739499999999964,5,100.0,389.4583,402.9917,391.0917,419.5333,400.6667
2026-01-03 06:00:00,389.4583,384,120,0.0,10.67,100.0,0.0,0.0,0.7600000000000142,13.970000000000015,10.67,389.4583,384,-0.12149999999996908,16.45830000000001,6,100.0,392.05,410.4417,383.575,429.825,418.6417
2026-01-03 07:00:00,392.05,385,120,0.0,10.67,99.080172,0.0,0.0,0.2500000000000142,9.910000000000014,10.67,392.05,385,2.591700000000003,8.858299999999986,7,99.080172,402.9917,402.85,379.45,440.3136,435.9417
2026-01-03 08:00:00,402.9917,398,120,0.0,10.67,85.846957,0.0,0.0,0.0,7.620000000000014,10.67,402.9917,398,10.941699999999969,13.411900000000003,8,85.846957,410.4417,391.0917,378.3333,448.3833,453.125
2026-01-03 09:00:00,410.4417,407,120,0.0,10.67,76.947414,0.0,0.0,0.0,6.350000000000014,10.67,410.4417,407,7.4500000000000455,20.983400000000017,9,76.947414,402.85,383.575,392.9,456.4167,465.2
2026-01-03 10:00:00,402.85,396,120,0.0,10.67,69.82087,0.0,0.0,0.0,5.080000000000014,10.67,402.85,396,-7.591700000000003,10.800000000000011,10,69.82087,391.0917,379.45,407.4417,445.375,466.0
2026-01-03 11:00:00,391.0917,387,120,0.0,10.67,72.152174,0.0,0.0,0.0,2.7900000000000142,10.67,391.0917,387,-11.75830000000002,-11.899999999999977,11,72.152174,383.575,378.3333,419.5333,435.1917,461.9167
2026-01-03 12:00:00,383.575,381,120,0.0,10.67,70.951724,0.0,0.0,0.0,0.7600000000000142,10.67,383.575,381,-7.516700000000014,-26.866700000000037,12,70.951724,379.45,392.9,429.825,426.2941,451.6417
2026-01-03 13:00:00,379.45,378,120,0.0,10.67,70.370435,0.0,0.0,0.0,0.2500000000000142,10.67,379.45,378,-4.125,-23.400000000000034,13,70.370435,378.3333,407.4417,440.3136,418.1083,442.6917
2026-01-03 14:00:00,378.3333,375,120,0.0,10.67,81.164655,0.0,0.0,0.0,0.0,10.67,378.3333,375,-1.1166999999999803,-12.758399999999995,14,81.164655,392.9,419.5333,448.3833,410.5,463.5083
2026-01-03 15:00:00,392.9,385,120,0.0,10.67,86.786957,0.0,0.0,0.0,0.0,10.67,392.9,385,14.566699999999969,9.324999999999989,15,86.786957,407.4417,429.825,456.4167,402.875,464.7417
2026-01-03 16:00:00,407.4417,401,120,0.0,10.67,84.707826,0.0,0.0,0.0,0.0,10.67,407.4417,401,14.541700000000048,27.991700000000037,16,84.707826,419.5333,440.3136,445.375,393.2833,454.7667
2026-01-03 17:00:00,419.5333,413,120,0.0,10.67,89.08087,0.0,0.0,0.0,0.0,10.67,419.5333,413,12.091599999999971,41.19999999999999,17,89.08087,429.825,448.3833,435.1917,400.6667,398.0667
2026-01-03 18:00:00,429.825,329,120,0.0,10.67,99.054783,0.0,0.0,0.0,0.0,10.67,429.825,329,10.291699999999992,36.92500000000001,18,99.054783,440.3136,456.4167,426.2941,418.6417,356.1583
2026-01-03 19:00:00,440.3136,434,118,0.0,7.87,99.817699,0.0,0.0,0.0,0.0,7.87,440.3136,434,10.48860000000002,32.87189999999998,19,99.817699,448.3833,445.375,418.1083,435.9417,335.4583
2026-01-03 20:00:00,448.3833,441,120,0.0,5.84,98.422807,0.0,0.0,0.0,0.0,5.84,448.3833,441,8.069700000000012,28.850000000000023,20,98.422807,456.4167,435.1917,410.5,453.125,327.3167
2026-01-03 21:00:00,456.4167,452,120,0.0,5.33,99.087719,0.0,0.0,0.0,0.0,5.33,456.4167,452,8.033399999999972,26.591700000000003,21,99.087719,445.375,426.2941,402.875,465.2,326.9833
2026-01-03 22:00:00,445.375,405,120,0.0,3.81,97.996552,0.0,0.0,0.0,0.0,3.81,445.375,405,-11.041699999999992,5.061399999999992,22,97.996552,435.1917,418.1083,393.2833,466.0,329.8583
2026-01-03 23:00:00,435.1917,431,120,0.0,2.29,96.94087,0.0,0.0,0.0,0.0,2.29,435.1917,431,-10.183299999999974,-13.191599999999994,23,96.94087,426.2941,410.5,400.6667,461.9167,334.6723
2026-01-04 00:00:00,426.2941,422,119,0.0,0.51,99.533621,0.0,0.0,0.0,0.0,0.51,426.2941,422,-8.897600000000011,-30.122599999999977,0,99.533621,418.1083,402.875,418.6417,451.6417,337.6
2026-01-04 01:00:00,418.1083,414,120,0.0,0.25,99.916522,0.0,0.0,0.0,0.0,0.25,418.1083,414,-8.185800000000029,-27.266700000000014,1,99.916522,410.5,393.2833,435.9417,442.6917,346.6833
2026-01-04 02:00:00,410.5,395,120,0.0,0.0,99.353044,0.0,0.0,0.0,0.0,0.0,410.5,395,-7.608299999999986,-24.691700000000026,2,99.353044,402.875,400.6667,453.125,463.5083,353.0333
2026-01-04 03:00:00,402.875,326,120,0.0,0.0,98.607759,0.0,0.0,0.0,0.0,0.0,402.875,326,-7.625,-23.419100000000014,3,98.607759,393.2833,418.6417,465.2,464.7417,358.3
2026-01-04 04:00:00,393.2833,263,120,0.0,0.0,98.526957,0.0,0.0,0.0,0.0,0.0,393.2833,263,-9.591700000000003,-24.82499999999999,4,98.526957,400.6667,435.9417,466.0,454.7667,365.7167
2026-01-04 05:00:00,400.6667,394,120,0.0,0.0,100.0,0.0,0.0,0.0,0.0,0.0,400.6667,394,7.383399999999995,-9.833300000000008,5,100.0,418.6417,453.125,461.9167,398.0667,372.5
2026-01-04 06:00:00,418.6417,410,120,0.0,0.0,100.0,0.0,0.0,0.0,0.0,0.0,418.6417,410,17.975000000000023,15.766700000000014,6,100.0,435.9417,465.2,451.6417,356.1583,379.5
2026-01-04 07:00:00,435.9417,427,120,0.0,0.0,98.24,0.0,0.0,0.0,0.0,0.0,435.9417,427,17.30000000000001,42.65840000000003,7,98.24,453.125,466.0,442.6917,335.4583,386.0917
2026-01-04 08:00:00,453.125,445,120,0.0,0.0,90.147826,0.0,0.0,0.0,0.0,0.0,453.125,445,17.183299999999974,52.45830000000001,8,90.147826,465.2,461.9167,463.5083,327.3167,392.9083
2026-01-04 09:00:00,465.2,461,120,0.0,0.0,79.3,0.0,0.0,0.0,0.0,0.0,465.2,461,12.074999999999989,46.558299999999974,9,79.3,466.0,451.6417,464.7417,326.9833,398.6303
2026-01-04 10:00:00,466.0,466,120,0.0,0.0,69.471304,0.0,0.0,0.0,0.0,0.0,466.0,466,0.8000000000000114,30.058299999999974,10,69.471304,461.9167,442.6917,454.7667,329.8583,403.3667
2026-01-04 11:00:00,461.9167,457,120,0.0,0.0,68.152174,0.0,0.0,0.0,0.0,0.0,461.9167,457,-4.083300000000008,8.791699999999992,11,68.152174,451.6417,463.5083,398.0667,334.6723,408.275
2026-01-04 12:00:00,451.6417,446,120,0.0,0.0,70.844348,0.0,0.0,0.0,0.0,0.0,451.6417,446,-10.274999999999977,-13.558299999999974,12,70.844348,442.6917,464.7417,356.1583,337.6,411.8917
2026-01-04 13:00:00,442.6917,439,120,0.0,0.0,71.250877,0.0,0.0,0.0,0.0,0.0,442.6917,439,-8.949999999999989,-23.308299999999974,13,71.250877,463.5083,454.7667,335.4583,346.6833,417.9083
2026-01-04 15:00:00,463.5083,460,120,0.0,0.0,73.992242,0.0,0.0,0.0,0.0,0.0,463.5083,460,20.816599999999994,1.591600000000028,15,73.992242,464.7417,398.0667,327.3167,353.0333,416.9
2026-01-04 16:00:00,464.7417,453,120,0.0,0.0,93.455752,0.0,0.0,0.0,0.0,0.0,464.7417,453,1.2333999999999605,13.099999999999966,16,93.455752,454.7667,356.1583,326.9833,358.3,394.6667
2026-01-04 17:00:00,454.7667,411,120,24.38,24.38,100.0,24.38,24.38000000000002,24.380000000000013,24.380000000000013,24.38,454.7667,411,-9.974999999999966,12.074999999999989,17,100.0,398.0667,335.4583,329.8583,365.7167,378.2083
2026-01-04 18:00:00,398.0667,372,120,26.67,29.46,100.0,26.67,51.050000000000026,51.05000000000001,51.05000000000001,29.46,398.0667,372,-56.69999999999999,-65.4416,18,100.0,356.1583,327.3167,334.6723,372.5,383.975
2026-01-04 19:00:00,356.1583,344,120,5.08,33.27,100.0,5.08,56.130000000000024,56.13000000000002,56.13000000000002,33.27,356.1583,344,-41.90840000000003,-108.58339999999998,19,100.0,335.4583,326.9833,337.6,379.5,389.7395
2026-01-04 20:00:00,335.4583,330,120,4.06,35.31,100.0,4.06,35.810000000000024,60.19000000000001,60.19000000000001,35.31,335.4583,330,-20.69999999999999,-119.3084,20,100.0,327.3167,329.8583,346.6833,386.0917,395.3109
2026-01-04 21:00:00,327.3167,326,120,2.03,35.56,100.0,2.03,11.170000000000021,62.22000000000001,62.22000000000001,35.56,327.3167,326,-8.141599999999983,-70.75,21,100.0,326.9833,334.6723,353.0333,392.9083,400.916
2026-01-04 22:00:00,326.9833,326,120,0.25,35.56,100.0,0.25,6.340000000000021,62.47000000000001,62.47000000000001,35.56,326.9833,326,-0.3334000000000401,-29.17500000000001,22,100.0,329.8583,337.6,358.3,398.6303,407.025
2026-01-04 23:00:00,329.8583,328,120,0.0,35.56,100.0,0.0,2.280000000000021,38.09000000000002,62.47000000000001,35.56,329.8583,328,2.875,-5.600000000000023,23,100.0,334.6723,346.6833,365.7167,403.3667,413.225
2026-01-05 00:00:00,334.6723,332,119,0.0,35.56,100.0,0.0,0.2500000000000213,11.420000000000014,62.47000000000001,35.56,334.6723,332,4.814000000000021,7.355599999999981,0,100.0,337.6,353.0333,372.5,408.275,419.7059
2026-01-05 01:00:00,337.6,255,120,0.0,35.56,100.0,0.0,0.0,6.340000000000014,62.47000000000001,35.56,337.6,255,2.9277000000000157,10.616700000000037,1,100.0,346.6833,358.3,379.5,411.8917,426.7917
2026-01-05 02:00:00,346.6833,344,120,0.0,35.56,100.0,0.0,0.0,2.280000000000014,62.47000000000001,35.56,346.6833,344,9.083299999999952,16.82499999999999,2,100.0,353.0333,365.7167,386.0917,417.9083,434.25
2026-01-05 03:00:00,353.0333,350,120,0.0,35.56,100.0,0.0,0.0,0.2500000000000142,62.47000000000001,35.56,353.0333,350,6.350000000000023,18.36099999999999,3,100.0,358.3,372.5,392.9083,416.9,438.9
2026-01-05 04:00:00,358.3,267,120,0.0,35.56,100.0,0.0,0.0,0.0,62.47000000000001,35.56,358.3,267,5.266700000000014,20.69999999999999,4,100.0,365.7167,379.5,398.6303,394.6667,434.3417
2026-01-05 05:00:00,365.7167,363,120,0.0,35.56,100.0,0.0,0.0,0.0,38.09000000000002,35.56,365.7167,363,7.416699999999992,19.03340000000003,5,100.0,372.5,386.0917,403.3667,378.2083,443.8667
2026-01-05 06:00:00,372.5,369,120,0.0,35.56,100.0,0.0,0.0,0.0,11.420000000000014,35.56,372.5,369,6.783299999999997,19.466700000000003,6,100.0,379.5,392.9083,408.275,383.975,453.8917
2026-01-05 07:00:00,379.5,376,120,0.0,35.56,99.774783,0.0,0.0,0.0,6.340000000000014,35.56,379.5,376,7.0,21.19999999999999,7,99.774783,386.0917,398.6303,411.8917,389.7395,454.4083
2026-01-05 08:00:00,386.0917,383,120,0.0,35.56,92.688793,0.0,0.0,0.0,2.280000000000014,35.56,386.0917,383,6.591700000000003,20.375,8,92.688793,392.9083,403.3667,417.9083,395.3109,447.4583
2026-01-05 09:00:00,392.9083,389,120,0.25,35.81,80.778448,0.25,0.2500000000000213,0.2500000000000142,0.5000000000000142,35.81,392.9083,389,6.816599999999994,20.408299999999997,9,80.778448,398.6303,408.275,416.9,400.916,461.025
2026-01-05 10:00:00,398.6303,396,119,0.25,35.81,74.434211,0.25,0.5000000000000213,0.5000000000000142,0.5000000000000142,35.81,398.6303,396,5.72199999999998,19.130299999999977,10,74.434211,403.3667,411.8917,394.6667,407.025,462.7917
2026-01-05 11:00:00,403.3667,401,120,0.0,35.81,77.663478,0.0,0.5000000000000213,0.5000000000000142,0.5000000000000142,35.81,403.3667,401,4.736400000000003,17.274999999999977,11,77.663478,408.275,417.9083,378.2083,413.225,461.0833
2026-01-05 12:00:00,408.275,406,120,0.0,35.81,77.149565,0.0,0.2500000000000213,0.5000000000000142,0.5000000000000142,35.81,408.275,406,4.908299999999997,15.36669999999998,12,77.149565,411.8917,416.9,383.975,419.7059,461.55
2026-01-05 13:00:00,411.8917,407,120,0.0,35.81,81.004386,0.0,0.0,0.5000000000000142,0.5000000000000142,35.81,411.8917,407,3.616700000000037,13.261400000000037,13,81.004386,417.9083,394.6667,389.7395,426.7917,447.8583
2026-01-05 14:00:00,417.9083,416,120,0.0,35.81,75.718966,0.0,0.0,0.5000000000000142,0.5000000000000142,35.81,417.9083,416,6.016599999999983,14.541600000000017,14,75.718966,416.9,378.2083,395.3109,434.25,437.3417
2026-01-05 15:00:00,416.9,410,120,0.51,36.58,81.017391,0.51,0.5100000000000213,0.7600000000000142,1.0100000000000142,36.58,416.9,410,-1.0083000000000197,8.625,15,81.017391,394.6667,383.975,400.916,438.9,444.6583
2026-01-05 16:00:00,394.6667,376,120,11.18,47.24,100.0,11.18,11.69000000000002,11.690000000000014,12.190000000000014,47.24,394.6667,376,-22.233299999999986,-17.225000000000023,16,100.0,378.2083,389.7395,407.025,434.3417,457.8151
2026-01-05 17:00:00,378.2083,375,120,10.67,47.24,100.0,10.67,22.36000000000002,22.360000000000014,22.860000000000014,47.24,378.2083,375,-16.458399999999983,-39.69999999999999,17,100.0,383.975,395.3109,413.225,443.8667,462.55
2026-01-05 18:00:00,383.975,381,120,0.0,20.57,100.0,0.0,21.85000000000002,22.360000000000014,22.860000000000014,20.57,383.975,381,5.766700000000014,-32.924999999999955,18,100.0,389.7395,400.916,419.7059,453.8917,454.3167
2026-01-05 19:00:00,389.7395,387,119,0.0,17.27,100.0,0.0,10.670000000000021,22.360000000000014,22.860000000000014,17.27,389.7395,387,5.764499999999998,-4.927199999999971,19,100.0,395.3109,407.025,426.7917,454.4083,453.25
2026-01-05 20:00:00,395.3109,392,119,0.0,13.72,100.0,0.0,0.0,22.360000000000014,22.860000000000014,13.72,395.3109,392,5.571399999999983,17.102599999999995,20,100.0,400.916,413.225,434.25,447.4583,460.825
2026-01-05 21:00:00,400.916,398,119,0.0,11.94,100.0,0.0,0.0,21.850000000000012,22.610000000000014,11.94,400.916,398,5.605099999999993,16.940999999999974,21,100.0,407.025,419.7059,438.9,461.025,454.7333
2026-01-05 22:00:00,407.025,404,120,0.0,11.68,100.0,0.0,0.0,10.670000000000014,22.360000000000014,11.68,407.025,404,6.1089999999999804,17.285499999999956,22,100.0,413.225,426.7917,434.3417,462.7917,442.5583
2026-01-05 23:00:00,413.225,410,120,0.0,11.68,100.0,0.0,0.0,0.0,22.360000000000014,11.68,413.225,410,6.2000000000000455,17.91410000000002,23,100.0,419.7059,434.25,443.8667,461.0833,432.8667
2026-01-06 00:00:00,419.7059,416,119,0.0,11.68,100.0,0.0,0.0,0.0,22.360000000000014,11.68,419.7059,416,6.480899999999963,18.78989999999999,0,100.0,426.7917,438.9,453.8917,461.55,424.2167
2026-01-06 01:00:00,426.7917,423,120,0.25,11.94,100.0,0.25,0.2500000000000213,0.2500000000000142,22.610000000000014,11.94,426.7917,423,7.085800000000006,19.766700000000014,1,100.0,434.25,434.3417,454.4083,447.8583,414.7417
2026-01-06 02:00:00,434.25,431,120,0.25,11.94,100.0,0.25,0.5000000000000213,0.5000000000000142,22.860000000000014,11.94,434.25,431,7.458300000000008,21.024999999999977,2,100.0,438.9,443.8667,447.4583,437.3417,408.6667
2026-01-06 03:00:00,438.9,435,120,0.0,11.94,100.0,0.0,0.5000000000000213,0.5000000000000142,22.350000000000012,11.94,438.9,435,4.649999999999977,19.19409999999999,3,100.0,434.3417,453.8917,461.025,444.6583,402.6975
2026-01-06 04:00:00,434.3417,430,120,0.0,11.94,100.0,0.0,0.2500000000000213,0.5000000000000142,11.170000000000014,11.94,434.3417,430,-4.558299999999974,7.550000000000011,4,100.0,443.8667,454.4083,462.7917,457.8151,409.0333
2026-01-06 05:00:00,443.8667,440,120,0.0,11.94,100.0,0.0,0.0,0.5000000000000142,0.5000000000000142,11.94,443.8667,440,9.524999999999977,9.61669999999998,5,100.0,453.8917,447.4583,461.0833,462.55,428.375
2026-01-06 06:00:00,453.8917,447,120,0.0,11.94,95.693913,0.0,0.0,0.5000000000000142,0.5000000000000142,11.94,453.8917,447,10.025000000000034,14.991700000000037,6,95.693913,454.4083,461.025,461.55,454.3167,440.875
2026-01-06 07:00:00,454.4083,447,120,0.0,11.94,85.485345,0.0,0.0,0.2500000000000142,0.5000000000000142,11.94,454.4083,447,0.5165999999999826,20.066599999999994,7,85.485345,447.4583,462.7917,447.8583,453.25,441.7167
2026-01-06 08:00:00,447.4583,442,120,0.76,12.7,77.344348,0.76,0.7600000000000213,0.7600000000000142,1.2600000000000142,12.7,447.4583,442,-6.949999999999989,3.591600000000028,8,77.344348,461.025,461.0833,437.3417,460.825,457.2521
2026-01-06 09:00:00,461.025,455,120,0.76,12.45,76.067256,0.76,1.5200000000000213,1.5200000000000142,2.0200000000000142,12.45,461.025,455,13.566699999999969,7.133299999999963,9,76.067256,462.7917,461.55,444.6583,454.7333,463.8417
2026-01-06 10:00:00,462.7917,455,120,0.0,12.45,74.506956,0.0,1.5200000000000213,1.5200000000000142,2.0200000000000142,12.45,462.7917,455,1.7667000000000144,8.383399999999995,10,74.506956,461.0833,447.8583,457.8151,442.5583,458.425
2026-01-06 11:00:00,461.0833,455,120,0.0,12.45,72.766956,0.0,0.7600000000000213,1.5200000000000142,2.0200000000000142,12.45,461.0833,455,-1.7083999999999833,13.625,11,72.766956,461.55,437.3417,462.55,432.8667,449.05
2026-01-06 12:00:00,461.55,455,120,0.0,12.45,63.587069,0.0,0.0,1.5200000000000142,2.0200000000000142,12.45,461.55,455,0.466700000000003,0.5250000000000341,12,63.587069,447.8583,444.6583,454.3167,424.2167,439.2981
2026-01-06 13:00:00,447.8583,441,120,0.0,12.45,63.761739,0.0,0.0,1.5200000000000142,1.7700000000000142,12.45,447.8583,441,-13.691700000000026,-14.933400000000006,13,63.761739,437.3417,457.8151,453.25,414.7417,429.521
2026-01-06 14:00:00,437.3417,433,120,0.0,12.45,54.896522,0.0,0.0,0.7600000000000142,1.5200000000000142,12.45,437.3417,433,-10.516599999999983,-23.741600000000005,14,54.896522,444.6583,462.55,460.825,408.6667,430.025
2026-01-06 15:00:00,444.6583,437,120,0.0,12.45,63.131304,0.0,0.0,0.0,1.5200000000000142,12.45,444.6583,437,7.316599999999994,-16.891700000000014,15,63.131304,457.8151,454.3167,454.7333,402.6975,447.45
2026-01-06 16:00:00,457.8151,452,119,0.0,11.18,77.706034,0.0,0.0,0.0,1.5200000000000142,11.18,457.8151,452,13.156799999999976,9.956799999999987,16,77.706034,462.55,453.25,442.5583,409.0333,460.0167
2026-01-06 17:00:00,462.55,461,120,0.0,1.02,89.293043,0.0,0.0,0.0,1.5200000000000142,1.02,462.55,461,4.734900000000039,25.20830000000001,17,89.293043,454.3167,460.825,432.8667,428.375,459.0333
2026-01-06 18:00:00,454.3167,447,120,0.0,1.02,91.201724,0.0,0.0,0.0,1.5200000000000142,1.02,454.3167,447,-8.233299999999986,9.658400000000029,18,91.201724,453.25,454.7333,424.2167,440.875,458.4958
2026-01-06 19:00:00,453.25,446,120,0.0,1.02,94.539286,0.0,0.0,0.0,1.5200000000000142,1.02,453.25,446,-1.0667000000000257,-4.565099999999973,19,94.539286,460.825,442.5583,414.7417,441.7167,461.8
2026-01-06 20:00:00,460.825,357,120,0.0,1.02,96.677478,0.0,0.0,0.0,0.7600000000000142,1.02,460.825,357,7.574999999999989,-1.7250000000000227,20,96.677478,454.7333,432.8667,408.6667,457.2521,460.2
2026-01-06 21:00:00,454.7333,448,120,0.0,1.02,99.528947,0.0,0.0,0.0,0.0,1.02,454.7333,448,-6.091700000000003,0.4165999999999599,21,99.528947,442.5583,424.2167,402.6975,463.8417,452.9
2026-01-06 22:00:00,442.5583,420,120,0.0,1.02,100.0,0.0,0.0,0.0,0.0,1.02,442.5583,420,-12.175000000000011,-10.691700000000026,22,100.0,432.8667,414.7417,409.0333,458.425,451.8833
2026-01-06 23:00:00,432.8667,428,120,0.0,1.02,100.0,0.0,0.0,0.0,0.0,1.02,432.8667,428,-9.691599999999994,-27.95830000000001,23,100.0,424.2167,408.6667,428.375,449.05,447.1
2026-01-07 00:00:00,424.2167,420,120,0.0,1.02,100.0,0.0,0.0,0.0,0.0,1.02,424.2167,420,-8.649999999999977,-30.516599999999983,0,100.0,414.7417,402.6975,440.875,439.2981,440.075
2026-01-07 01:00:00,414.7417,338,120,0.0,1.02,100.0,0.0,0.0,0.0,0.0,1.02,414.7417,338,-9.475000000000023,-27.816599999999994,1,100.0,408.6667,409.0333,441.7167,429.521,433.3917
2026-01-07 02:00:00,408.6667,399,120,0.0,0.76,100.0,0.0,0.0,0.0,0.0,0.76,408.6667,399,-6.074999999999989,-24.19999999999999,2,100.0,402.6975,428.375,457.2521,430.025,426.6583
2026-01-07 03:00:00,402.6975,400,119,0.0,0.76,94.496491,0.0,0.0,0.0,0.0,0.76,402.6975,400,-5.969200000000001,-21.519200000000012,3,94.496491,409.0333,440.875,463.8417,447.45,420.8167
2026-01-07 04:00:00,409.0333,327,120,0.0,0.76,93.518261,0.0,0.0,0.0,0.0,0.76,409.0333,327,6.335800000000006,-5.708399999999983,4,93.518261,428.375,441.7167,458.425,460.0167,415.0167
2026-01-07 05:00:00,428.375,419,120,0.0,0.76,95.757759,0.0,0.0,0.0,0.0,0.76,428.375,419,19.341700000000003,19.70830000000001,5,95.757759,440.875,457.2521,449.05,459.0333,410.7417
2026-01-07 06:00:00,440.875,437,120,0.0,0.76,89.097391,0.0,0.0,0.0,0.0,0.76,440.875,437,12.5,38.17750000000001,6,89.097391,441.7167,463.8417,439.2981,458.4958,406.275
2026-01-07 07:00:00,441.7167,435,120,0.0,0.76,78.521739,0.0,0.0,0.0,0.0,0.76,441.7167,435,0.841700000000003,32.683400000000006,7,78.521739,457.2521,458.425,429.521,461.8,418.55
2026-01-07 08:00:00,457.2521,451,119,0.0,0.76,68.292174,0.0,0.0,0.0,0.0,0.76,457.2521,451,15.535399999999981,28.877099999999984,8,68.292174,463.8417,449.05,430.025,460.2,440.7167
2026-01-07 09:00:00,463.8417,457,120,0.0,0.0,64.054782,0.0,0.0,0.0,0.0,0.0,463.8417,457,6.5896000000000186,22.966700000000003,9,64.054782,458.425,439.2981,447.45,452.9,459.4333
2026-01-07 10:00:00,458.425,454,120,0.0,0.0,66.519131,0.0,0.0,0.0,0.0,0.0,458.425,454,-5.416699999999992,16.70830000000001,10,66.519131,449.05,429.521,460.0167,451.8833,466.0
2026-01-07 11:00:00,449.05,445,120,0.0,0.0,66.647414,0.0,0.0,0.0,0.0,0.0,449.05,445,-9.375,-8.202099999999973,11,66.647414,439.2981,430.025,459.0333,447.1,465.4167
2026-01-07 12:00:00,439.2981,435,104,0.0,0.0,58.323232,0.0,0.0,0.0,0.0,0.0,439.2981,435,-9.751900000000035,-24.543600000000026,12,58.323232,429.521,447.45,458.4958,440.075,466.0
2026-01-07 13:00:00,429.521,425,119,0.0,0.0,66.844737,0.0,0.0,0.0,0.0,0.0,429.521,425,-9.777099999999962,-28.903999999999996,13,66.844737,430.025,460.0167,461.8,433.3917,464.1833
2026-01-07 14:00:00,430.025,424,120,0.0,0.0,73.475862,0.0,0.0,0.0,0.0,0.0,430.025,424,0.5039999999999623,-19.025000000000034,14,73.475862,447.45,459.0333,460.2,426.6583,463.15
2026-01-07 15:00:00,447.45,438,120,0.0,0.0,76.292174,0.0,0.0,0.0,0.0,0.0,447.45,438,17.42500000000001,8.151900000000012,15,76.292174,460.0167,458.4958,452.9,420.8167,461.1
2026-01-07 16:00:00,460.0167,452,120,0.0,0.0,84.976522,0.0,0.0,0.0,0.0,0.0,460.0167,452,12.566700000000026,30.4957,16,84.976522,459.0333,461.8,451.8833,415.0167,455.084
2026-01-07 17:00:00,459.0333,452,120,0.0,0.0,86.057392,0.0,0.0,0.0,0.0,0.0,459.0333,452,-0.9834000000000174,29.00830000000002,17,86.057392,458.4958,460.2,447.1,410.7417,453.1333
2026-01-07 18:00:00,458.4958,336,119,0.0,0.0,87.066071,0.0,0.0,0.0,0.0,0.0,458.4958,336,-0.5375000000000227,11.045799999999986,18,87.066071,461.8,452.9,440.075,406.275,453.0667
2026-01-07 19:00:00,461.8,451,120,0.0,0.0,87.672072,0.0,0.0,0.0,0.0,0.0,461.8,451,3.304200000000037,1.783299999999997,19,87.672072,460.2,451.8833,433.3917,418.55,452.8151
2026-01-07 20:00:00,460.2,452,120,0.0,0.0,87.899115,0.0,0.0,0.0,0.0,0.0,460.2,452,-1.6000000000000227,1.1666999999999916,20,87.899115,452.9,447.1,426.6583,440.7167,458.6239
2026-01-07 21:00:00,452.9,450,120,0.0,0.0,98.291228,0.0,0.0,0.0,0.0,0.0,452.9,450,-7.300000000000011,-5.595799999999997,21,98.291228,451.8833,440.075,420.8167,459.4333,446.7333
2026-01-07 22:00:00,451.8833,450,120,0.0,0.0,100.0,0.0,0.0,0.0,0.0,0.0,451.8833,450,-1.0166999999999575,-9.916699999999992,22,100.0,447.1,433.3917,415.0167,466.0,448.7
2026-01-07 23:00:00,447.1,443,120,0.0,0.0,100.0,0.0,0.0,0.0,0.0,0.0,447.1,443,-4.783299999999997,-13.099999999999966,23,100.0,440.075,426.6583,410.7417,465.4167,454.1333
2026-01-08 00:00:00,440.075,437,120,0.0,0.0,100.0,0.0,0.0,0.0,0.0,0.0,440.075,437,-7.025000000000034,-12.824999999999989,0,100.0,433.3917,420.8167,406.275,466.0,455.735
2026-01-08 01:00:00,433.3917,430,120,0.0,0.0,100.0,0.0,0.0,0.0,0.0,0.0,433.3917,430,-6.683299999999974,-18.491600000000005,1,100.0,426.6583,415.0167,418.55,464.1833,435.6333
2026-01-08 02:00:00,426.6583,367,120,0.0,0.0,98.652586,0.0,0.0,0.0,0.0,0.0,426.6583,367,-6.733400000000017,-20.441700000000026,2,98.652586,420.8167,410.7417,440.7167,463.15,423.6667
2026-01-08 03:00:00,420.8167,306,120,0.0,0.0,89.650862,0.0,0.0,0.0,0.0,0.0,420.8167,306,-5.841599999999971,-19.258299999999963,3,89.650862,415.0167,406.275,459.4333,461.1,431.6583
2026-01-08 04:00:00,415.0167,300,120,0.0,0.0,91.315652,0.0,0.0,0.0,0.0,0.0,415.0167,300,-5.800000000000011,-18.375,4,91.315652,410.7417,418.55,466.0,455.084,448.85
2026-01-08 05:00:00,410.7417,408,120,0.0,0.0,97.661207,0.0,0.0,0.0,0.0,0.0,410.7417,408,-4.275000000000034,-15.916600000000017,5,97.661207,406.275,440.7167,465.4167,453.1333,460.2
2026-01-08 06:00:00,406.275,404,120,0.0,0.0,95.554782,0.0,0.0,0.0,0.0,0.0,406.275,404,-4.466700000000003,-14.541700000000048,6,95.554782,418.55,459.4333,466.0,453.0667,466.0
2026-01-08 07:00:00,418.55,406,120,0.0,0.0,84.49569,0.0,0.0,0.0,0.0,0.0,418.55,406,12.275000000000034,3.533299999999997,7,84.49569,440.7167,466.0,464.1833,452.8151,466.0
2026-01-08 08:00:00,440.7167,430,120,0.0,0.0,73.987931,0.0,0.0,0.0,0.0,0.0,440.7167,430,22.16669999999999,29.975000000000023,8,73.987931,459.4333,465.4167,463.15,458.6239,466.0
2026-01-08 09:00:00,459.4333,451,120,0.0,0.0,69.672174,0.0,0.0,0.0,0.0,0.0,459.4333,451,18.71659999999997,53.1583,9,69.672174,466.0,466.0,461.1,446.7333,466.0
2026-01-08 10:00:00,466.0,460,120,0.0,0.0,66.689474,0.0,0.0,0.0,0.0,0.0,466.0,460,6.566700000000026,47.44999999999999,10,66.689474,465.4167,464.1833,455.084,448.7,466.0
2026-01-08 11:00:00,465.4167,455,120,0.0,0.0,76.383478,0.0,0.0,0.0,0.0,0.0,465.4167,455,-0.5833000000000084,24.69999999999999,11,76.383478,466.0,463.15,453.1333,454.1333,466.0
2026-01-08 12:00:00,466.0,457,118,0.0,0.0,69.80087,0.0,0.0,0.0,0.0,0.0,466.0,457,0.5833000000000084,6.566700000000026,12,69.80087,464.1833,461.1,453.0667,455.735,464.2
2026-01-08 13:00:00,464.1833,449,120,1.78,1.78,74.441228,1.78,1.7800000000000213,1.7800000000000142,1.7800000000000142,1.78,464.1833,449,-1.8167000000000257,-1.8167000000000257,13,74.441228,463.15,455.084,452.8151,435.6333,462.2667
2026-01-08 14:00:00,463.15,452,120,2.29,2.79,99.958621,2.29,4.070000000000022,4.0700000000000145,4.0700000000000145,2.79,463.15,452,-1.033299999999997,-2.2667000000000144,14,99.958621,461.1,453.1333,458.6239,423.6667,463.925
2026-01-08 15:00:00,461.1,451,120,1.02,3.05,100.0,1.02,5.090000000000021,5.090000000000014,5.090000000000014,3.05,461.1,451,-2.0499999999999545,-4.899999999999977,15,100.0,455.084,453.0667,446.7333,431.6583,465.0583
2026-01-08 16:00:00,455.084,446,119,0.25,3.56,98.022609,0.25,3.5600000000000214,5.340000000000014,5.340000000000014,3.56,455.084,446,-6.0160000000000196,-9.099299999999971,16,98.022609,453.1333,452.8151,448.7,448.85,459.0917
2026-01-08 17:00:00,453.1333,446,120,0.25,3.56,99.834783,0.25,1.5200000000000213,5.590000000000014,5.590000000000014,3.56,453.1333,446,-1.9506999999999834,-10.016699999999958,17,99.834783,453.0667,458.6239,454.1333,460.2,460.6167
2026-01-08 18:00:00,453.0667,394,120,0.0,3.56,100.0,0.0,0.5000000000000213,5.590000000000014,5.590000000000014,3.56,453.0667,394,-0.066599999999994,-8.033299999999997,18,100.0,452.8151,446.7333,455.735,466.0,462.9667
2026-01-08 19:00:00,452.8151,450,119,1.78,5.33,100.0,1.78,2.0300000000000216,5.590000000000014,7.370000000000014,5.33,452.8151,450,-0.2516000000000531,-2.2689000000000306,19,100.0,458.6239,448.7,435.6333,466.0,462.9833
2026-01-08 20:00:00,458.6239,451,117,4.06,8.89,100.0,4.06,5.840000000000021,7.360000000000014,11.430000000000014,8.89,458.6239,451,5.808800000000019,5.490599999999972,20,100.0,446.7333,454.1333,423.6667,466.0,455.9496
2026-01-08 21:00:00,446.7333,440,120,3.81,10.41,100.0,3.81,9.650000000000022,10.150000000000015,15.240000000000014,10.41,446.7333,440,-11.890600000000006,-6.33340000000004,21,100.0,448.7,455.735,431.6583,466.0,456.7583
2026-01-08 22:00:00,448.7,424,120,1.27,10.92,100.0,1.27,9.140000000000022,11.170000000000014,16.510000000000012,10.92,448.7,424,1.966700000000003,-4.115099999999984,22,100.0,454.1333,435.6333,448.85,466.0,457.7083
2026-01-08 23:00:00,454.1333,204,120,0.51,10.92,100.0,0.51,5.590000000000021,11.430000000000014,17.020000000000014,10.92,454.1333,204,5.433300000000031,-4.490599999999972,23,100.0,455.735,423.6667,460.2,466.0,462.7583
2026-01-09 00:00:00,455.735,306,117,0.0,10.92,100.0,0.0,1.7800000000000213,11.430000000000014,17.020000000000014,10.92,455.735,306,1.601699999999994,9.001700000000028,0,100.0,435.6333,431.6583,466.0,464.2,459.7542
2026-01-09 01:00:00,435.6333,213,120,0.0,10.92,100.0,0.0,0.5100000000000213,9.650000000000013,15.240000000000014,10.92,435.6333,213,-20.101699999999994,-13.066699999999969,1,100.0,423.6667,448.85,466.0,462.2667,455.9
2026-01-09 02:00:00,423.6667,306,120,0.0,10.92,100.0,0.0,0.0,5.590000000000014,12.950000000000014,10.92,423.6667,306,-11.966600000000028,-30.466600000000028,2,100.0,431.6583,460.2,466.0,463.925,455.375
2026-01-09 03:00:00,431.6583,264,120,0.0,10.92,100.0,0.0,0.0,1.7800000000000142,11.930000000000014,10.92,431.6583,264,7.991600000000005,-24.076700000000017,3,100.0,448.85,466.0,466.0,465.0583,450.075
2026-01-09 04:00:00,448.85,397,120,0.0,10.92,100.0,0.0,0.0,0.5100000000000142,11.680000000000014,10.92,448.85,397,17.191700000000026,13.216700000000003,4,100.0,460.2,466.0,466.0,459.0917,448.7917
2026-01-09 05:00:00,460.2,452,120,0.25,11.18,100.0,0.25,0.2500000000000213,0.2500000000000142,11.680000000000014,11.18,460.2,452,11.349999999999966,36.5333,5,100.0,466.0,466.0,466.0,460.6167,460.0083
2026-01-09 06:00:00,466.0,464,120,0.25,11.18,99.84087,0.25,0.5000000000000213,0.5000000000000142,11.930000000000014,11.18,466.0,464,5.800000000000011,34.3417,6,99.84087,466.0,466.0,464.2,462.9667,465.0083
2026-01-09 07:00:00,466.0,466,119,0.0,11.18,94.716666,0.0,0.5000000000000213,0.5000000000000142,10.150000000000013,11.18,466.0,466,0.0,17.149999999999977,7,94.716666,466.0,466.0,462.2667,462.9833,466.0
2026-01-09 08:00:00,466.0,466,120,0.0,11.18,85.212069,0.0,0.2500000000000213,0.5000000000000142,6.090000000000014,11.18,466.0,466,0.0,5.800000000000011,8,85.212069,466.0,466.0,463.925,455.9496,466.0
2026-01-09 09:00:00,466.0,464,120,0.0,11.18,81.214912,0.0,0.0,0.5000000000000142,2.2800000000000145,11.18,466.0,464,0.0,0.0,9,81.214912,466.0,464.2,465.0583,456.7583,466.0
2026-01-09 10:00:00,466.0,466,120,0.0,11.18,82.446552,0.0,0.0,0.5000000000000142,1.0100000000000142,11.18,466.0,466,0.0,0.0,10,82.446552,466.0,462.2667,459.0917,457.7083,466.0
2026-01-09 11:00:00,466.0,466,119,0.0,11.18,80.588793,0.0,0.0,0.2500000000000142,0.5000000000000142,11.18,466.0,466,0.0,0.0,11,80.588793,464.2,463.925,460.6167,462.7583,466.0
2026-01-09 12:00:00,464.2,457,120,0.0,11.18,81.18,0.0,0.0,0.0,0.5000000000000142,11.18,464.2,457,-1.8000000000000114,-1.8000000000000114,12,81.18,462.2667,465.0583,462.9667,459.7542,466.0
2026-01-09 13:00:00,462.2667,457,120,0.0,11.18,80.446552,0.0,0.0,0.0,0.5000000000000142,11.18,462.2667,457,-1.9332999999999743,-3.7332999999999856,13,80.446552,463.925,459.0917,462.9833,455.9,466.0
2026-01-09 14:00:00,463.925,460,120,0.0,8.89,94.759131,0.0,0.0,0.0,0.5000000000000142,8.89,463.925,460,1.658299999999997,-2.0749999999999886,14,94.759131,465.0583,460.6167,455.9496,455.375,465.775
2026-01-09 15:00:00,465.0583,453,120,0.0,8.38,97.333044,0.0,0.0,0.0,0.5000000000000142,8.38,465.0583,453,1.133299999999963,0.8582999999999856,15,97.333044,459.0917,462.9667,456.7583,450.075,463.725
2026-01-09 16:00:00,459.0917,453,120,0.0,7.87,94.156522,0.0,0.0,0.0,0.5000000000000142,7.87,459.0917,453,-5.966599999999971,-3.1750000000000114,16,94.156522,460.6167,462.9833,457.7083,448.7917,463.0583
2026-01-09 17:00:00,460.6167,452,120,0.25,7.87,95.237391,0.25,0.2500000000000213,0.2500000000000142,0.5000000000000142,7.87,460.6167,452,1.5249999999999773,-3.308300000000031,17,95.237391,462.9667,455.9496,462.7583,460.0083,461.4333
2026-01-09 18:00:00,462.9667,451,120,1.02,8.89,100.0,1.02,1.2700000000000213,1.2700000000000142,1.2700000000000142,8.89,462.9667,451,2.3500000000000227,-2.0915999999999713,18,100.0,462.9833,456.7583,459.7542,465.0083,448.7917
2026-01-09 19:00:00,462.9833,451,120,1.78,9.4,100.0,1.78,3.050000000000021,3.050000000000014,3.050000000000014,9.4,462.9833,451,0.01659999999998263,3.8915999999999826,19,100.0,455.9496,457.7083,455.9,466.0,458.1008
2026-01-09 20:00:00,455.9496,450,119,3.81,9.14,100.0,3.81,6.610000000000022,6.8600000000000145,6.8600000000000145,9.14,455.9496,450,-7.03370000000001,-4.667100000000005,20,100.0,456.7583,462.7583,455.375,466.0,461.4746
2026-01-09 21:00:00,456.7583,294,120,3.05,8.64,100.0,3.05,8.640000000000022,9.910000000000014,9.910000000000014,8.64,456.7583,294,0.8087000000000444,-6.208399999999983,21,100.0,457.7083,459.7542,450.075,466.0,445.2917
2026-01-09 22:00:00,457.7083,267,120,0.0,7.37,100.0,0.0,6.860000000000022,9.910000000000014,9.910000000000014,7.37,457.7083,267,0.9499999999999886,-5.274999999999977,22,100.0,462.7583,455.9,448.7917,466.0,430.075
2026-01-09 23:00:00,462.7583,423,120,0.51,7.37,100.0,0.51,3.560000000000021,10.170000000000014,10.420000000000014,7.37,462.7583,423,5.050000000000011,6.808700000000044,23,100.0,459.7542,455.375,460.0083,466.0,415.0496
2026-01-10 00:00:00,459.7542,440,118,0.51,7.62,100.0,0.51,1.0200000000000213,9.660000000000014,10.930000000000014,7.62,459.7542,440,-3.004099999999994,2.995900000000006,0,100.0,455.9,450.075,465.0083,466.0,371.7179
2026-01-10 01:00:00,455.9,398,120,0.25,7.62,100.0,0.25,1.2700000000000213,8.130000000000015,11.180000000000014,7.62,455.9,398,-3.8542000000000485,-1.808300000000031,1,100.0,455.375,448.7917,466.0,466.0,283.0
2026-01-10 02:00:00,455.375,440,120,0.0,7.62,100.0,0.0,0.7600000000000213,4.3200000000000145,11.180000000000014,7.62,455.375,440,-0.5249999999999773,-7.38330000000002,2,100.0,450.075,460.0083,466.0,465.775,283.0
2026-01-10 03:00:00,450.075,316,120,0.0,7.62,100.0,0.0,0.2500000000000213,1.2700000000000142,11.180000000000014,7.62,450.075,316,-5.300000000000011,-9.679200000000037,3,100.0,448.7917,465.0083,466.0,463.725,283.0
2026-01-10 04:00:00,448.7917,245,120,0.0,7.62,100.0,0.0,0.0,1.2700000000000142,11.180000000000014,7.62,448.7917,245,-1.283299999999997,-7.108299999999986,4,100.0,460.0083,466.0,466.0,463.0583,283.0
2026-01-10 05:00:00,460.0083,425,120,0.0,7.62,100.0,0.0,0.0,0.7600000000000142,10.930000000000014,7.62,460.0083,425,11.216600000000028,4.63330000000002,5,100.0,465.0083,466.0,466.0,461.4333,283.0
2026-01-10 06:00:00,465.0083,463,120,0.0,7.37,100.0,0.0,0.0,0.2500000000000142,9.910000000000014,7.37,465.0083,463,5.0,14.933300000000031,6,100.0,466.0,466.0,466.0,448.7917,283.0
2026-01-10 07:00:00,466.0,466,120,0.0,7.37,96.449565,0.0,0.0,0.0,8.130000000000013,7.37,466.0,466,0.9916999999999803,17.20830000000001,7,96.449565,466.0,466.0,466.0,458.1008,283.0
2026-01-10 08:00:00,466.0,466,120,0.25,7.62,89.815652,0.25,0.2500000000000213,0.2500000000000142,4.5700000000000145,7.62,466.0,466,0.0,5.99169999999998,8,89.815652,466.0,466.0,465.775,461.4746,283.0
2026-01-10 09:00:00,466.0,466,120,0.25,7.62,85.5,0.25,0.5000000000000213,0.5000000000000142,1.7700000000000142,7.62,466.0,466,0.0,0.9916999999999803,9,85.5,466.0,466.0,463.725,445.2917,283.0
2026-01-10 10:00:00,466.0,466,120,0.0,7.62,83.447826,0.0,0.5000000000000213,0.5000000000000142,1.7700000000000142,7.62,466.0,466,0.0,0.0,10,83.447826,466.0,466.0,463.0583,430.075,283.0
2026-01-10 11:00:00,466.0,466,120,0.0,7.62,80.537719,0.0,0.2500000000000213,0.5000000000000142,1.2600000000000142,7.62,466.0,466,0.0,0.0,11,80.537719,466.0,465.775,461.4333,415.0496,283.0
2026-01-10 12:00:00,466.0,466,120,0.0,7.62,81.392105,0.0,0.0,0.5000000000000142,0.7500000000000142,7.62,466.0,466,0.0,0.0,12,81.392105,466.0,463.725,448.7917,371.7179,326.4667
2026-01-10 13:00:00,466.0,466,120,0.0,7.62,88.342242,0.0,0.0,0.5000000000000142,0.5000000000000142,7.62,466.0,466,0.0,0.0,13,88.342242,465.775,463.0583,458.1008,283.0,466.0
2026-01-10 14:00:00,465.775,452,120,1.02,8.89,90.558621,1.02,1.0200000000000213,1.2700000000000142,1.5200000000000142,8.89,465.775,452,-0.22500000000002274,-0.22500000000002274,14,90.558621,463.725,461.4333,461.4746,283.0,466.0
2026-01-10 15:00:00,463.725,452,120,4.57,12.45,100.0,4.57,5.590000000000021,5.590000000000014,6.090000000000014,12.45,463.725,452,-2.0499999999999545,-2.2749999999999773,15,100.0,463.0583,448.7917,445.2917,283.0,466.0
2026-01-10 16:00:00,463.0583,456,120,3.81,12.7,100.0,3.81,9.400000000000022,9.400000000000015,9.900000000000015,12.7,463.0583,456,-0.6667000000000485,-2.9417000000000257,16,100.0,461.4333,458.1008,430.075,283.0,466.0
2026-01-10 17:00:00,461.4333,454,120,0.25,12.7,100.0,0.25,8.630000000000022,9.650000000000015,10.150000000000015,12.7,461.4333,454,-1.625,-4.341700000000003,17,100.0,448.7917,461.4746,415.0496,283.0,466.0
2026-01-10 18:00:00,448.7917,444,120,0.0,12.45,100.0,0.0,4.060000000000022,9.650000000000015,10.150000000000015,12.45,448.7917,444,-12.641599999999983,-14.933300000000031,18,100.0,458.1008,445.2917,371.7179,283.0,466.0
2026-01-10 19:00:00,458.1008,452,119,0.0,11.68,100.0,0.0,0.2500000000000213,9.650000000000015,10.150000000000015,11.68,458.1008,452,9.3091,-4.957499999999982,19,100.0,461.4746,430.075,283.0,283.0,466.0
2026-01-10 20:00:00,461.4746,420,118,0.0,9.4,100.0,0.0,0.0,8.630000000000015,9.900000000000015,9.4,461.4746,420,3.373800000000017,0.0413000000000352,20,100.0,445.2917,415.0496,283.0,283.0,465.975
2026-01-10 21:00:00,445.2917,436,120,0.0,6.1,100.0,0.0,0.0,4.060000000000015,9.650000000000015,6.1,445.2917,436,-16.182900000000018,-3.5,21,100.0,430.075,371.7179,283.0,283.0,465.35
2026-01-10 22:00:00,430.075,423,120,0.0,6.1,100.0,0.0,0.0,0.2500000000000142,9.650000000000015,6.1,430.075,423,-15.216700000000003,-28.025800000000004,22,100.0,415.0496,283.0,283.0,283.0,465.05
2026-01-10 23:00:00,415.0496,275,121,0.0,6.1,100.0,0.0,0.0,0.0,9.650000000000015,6.1,415.0496,275,-15.02539999999999,-46.42500000000001,23,100.0,371.7179,283.0,283.0,283.0,462.0833
2026-01-11 00:00:00,371.7179,283,117,0.25,5.84,100.0,0.25,0.2500000000000213,0.2500000000000142,9.900000000000015,5.84,371.7179,283,-43.33170000000001,-73.5738,0,100.0,283.0,283.0,283.0,326.4667,465.8487
2026-01-11 01:00:00,283.0,283,120,0.25,5.59,100.0,0.25,0.5000000000000213,0.5000000000000142,10.150000000000015,5.59,283.0,283,-88.71789999999999,-147.075,1,100.0,283.0,283.0,283.0,466.0,465.45
2026-01-11 02:00:00,283.0,283,120,0.0,5.59,100.0,0.0,0.5000000000000213,0.5000000000000142,9.130000000000015,5.59,283.0,283,0.0,-132.0496,2,100.0,283.0,283.0,283.0,466.0,463.6917
2026-01-11 03:00:00,283.0,283,120,0.0,5.59,100.0,0.0,0.2500000000000213,0.5000000000000142,4.560000000000015,5.59,283.0,283,0.0,-88.71789999999999,3,100.0,283.0,283.0,283.0,466.0,465.3583
2026-01-11 04:00:00,283.0,283,120,0.0,5.59,100.0,0.0,0.0,0.5000000000000142,0.7500000000000142,5.59,283.0,283,0.0,0.0,4,100.0,283.0,283.0,283.0,466.0,463.7167
2026-01-11 05:00:00,283.0,283,120,0.0,5.59,100.0,0.0,0.0,0.5000000000000142,0.5000000000000142,5.59,283.0,283,0.0,0.0,5,100.0,283.0,283.0,283.0,466.0,465.975
2026-01-11 06:00:00,283.0,283,120,0.0,5.59,99.068966,0.0,0.0,0.2500000000000142,0.5000000000000142,5.59,283.0,283,0.0,0.0,6,99.068966,283.0,283.0,326.4667,466.0,465.95
2026-01-11 07:00:00,283.0,283,120,0.0,5.59,97.365218,0.0,0.0,0.0,0.5000000000000142,5.59,283.0,283,0.0,0.0,7,97.365218,283.0,283.0,466.0,466.0,464.0
2026-01-11 08:00:00,283.0,283,120,0.0,5.59,91.852586,0.0,0.0,0.0,0.5000000000000142,5.59,283.0,283,0.0,0.0,8,91.852586,283.0,283.0,466.0,465.975,466.0
2026-01-11 09:00:00,283.0,283,120,0.0,5.33,88.715517,0.0,0.0,0.0,0.5000000000000142,5.33,283.0,283,0.0,0.0,9,88.715517,283.0,326.4667,466.0,465.35,466.0
2026-01-11 10:00:00,283.0,283,120,0.0,5.33,87.755652,0.0,0.0,0.0,0.5000000000000142,5.33,283.0,283,0.0,0.0,10,87.755652,283.0,466.0,466.0,465.05,466.0
2026-01-11 11:00:00,283.0,283,120,0.0,5.33,85.053449,0.0,0.0,0.0,0.5000000000000142,5.33,283.0,283,0.0,0.0,11,85.053449,326.4667,466.0,466.0,462.0833,466.0
2026-01-11 12:00:00,326.4667,283,120,0.0,5.33,84.338261,0.0,0.0,0.0,0.2500000000000142,5.33,326.4667,283,43.4667,43.4667,12,84.338261,466.0,466.0,466.0,465.8487,466.0
2026-01-11 13:00:00,466.0,465,120,0.0,5.33,86.741379,0.0,0.0,0.0,0.0,5.33,466.0,465,139.5333,183.0,13,86.741379,466.0,466.0,466.0,465.45,466.0
2026-01-11 14:00:00,466.0,466,120,0.0,5.33,90.385218,0.0,0.0,0.0,0.0,5.33,466.0,466,0.0,183.0,14,90.385218,466.0,466.0,465.975,463.6917,462.9667
2026-01-11 15:00:00,466.0,466,120,0.25,4.06,91.087826,0.25,0.2500000000000213,0.2500000000000142,0.2500000000000142,4.06,466.0,466,0.0,139.5333,15,91.087826,466.0,466.0,465.35,465.3583,465.5714
2026-01-11 16:00:00,466.0,466,120,0.25,0.76,93.041739,0.25,0.5000000000000213,0.5000000000000142,0.5000000000000142,0.76,466.0,466,0.0,0.0,16,93.041739,466.0,466.0,465.05,463.7167,464.9328
2026-01-11 17:00:00,466.0,466,120,0.0,0.51,94.185965,0.0,0.5000000000000213,0.5000000000000142,0.5000000000000142,0.51,466.0,466,0.0,0.0,17,94.185965,466.0,465.975,462.0833,465.975,465.0167
2026-01-11 18:00:00,466.0,466,120,0.0,0.51,94.167241,0.0,0.2500000000000213,0.5000000000000142,0.5000000000000142,0.51,466.0,466,0.0,0.0,18,94.167241,466.0,465.35,465.8487,465.95,463.3417
2026-01-11 19:00:00,466.0,465,120,0.0,0.51,95.24,0.0,0.0,0.5000000000000142,0.5000000000000142,0.51,466.0,465,0.0,0.0,19,95.24,465.975,465.05,465.45,464.0,464.0833
2026-01-11 20:00:00,465.975,465,120,0.0,0.51,96.640708,0.0,0.0,0.5000000000000142,0.5000000000000142,0.51,465.975,465,-0.024999999999977263,-0.024999999999977263,20,96.640708,465.35,462.0833,463.6917,466.0,465.025
2026-01-11 21:00:00,465.35,411,120,0.0,0.51,98.911505,0.0,0.0,0.2500000000000142,0.5000000000000142,0.51,465.35,411,-0.625,-0.6499999999999773,21,98.911505,465.05,465.8487,465.3583,466.0,457.8167
2026-01-11 22:00:00,465.05,366,120,0.0,0.51,99.744827,0.0,0.0,0.0,0.5000000000000142,0.51,465.05,366,-0.30000000000001137,-0.9499999999999886,22,99.744827,462.0833,465.45,463.7167,466.0,445.4583
2026-01-11 23:00:00,462.0833,274,120,0.0,0.51,100.0,0.0,0.0,0.0,0.5000000000000142,0.51,462.0833,274,-2.966700000000003,-3.8917000000000144,23,100.0,465.8487,463.6917,465.975,466.0,435.775
2026-01-12 00:00:00,465.8487,465,119,0.0,0.51,100.0,0.0,0.0,0.0,0.5000000000000142,0.51,465.8487,465,3.7653999999999996,0.49869999999998527,0,100.0,465.45,465.3583,465.95,466.0,426.2185
2026-01-12 01:00:00,465.45,465,120,0.0,0.25,100.0,0.0,0.0,0.0,0.5000000000000142,0.25,465.45,465,-0.39870000000001937,0.39999999999997726,1,100.0,463.6917,463.7167,464.0,466.0,418.8833
2026-01-12 02:00:00,463.6917,220,120,0.0,0.25,100.0,0.0,0.0,0.0,0.5000000000000142,0.25,463.6917,220,-1.758299999999963,1.6084000000000174,2,100.0,465.3583,465.975,466.0,462.9667,405.6583
2026-01-12 03:00:00,465.3583,415,120,0.0,0.25,100.0,0.0,0.0,0.0,0.2500000000000142,0.25,465.3583,415,1.66659999999996,-0.4904000000000224,3,100.0,463.7167,465.95,466.0,465.5714,410.5763
2026-01-12 04:00:00,463.7167,284,120,0.0,0.25,100.0,0.0,0.0,0.0,0.0,0.25,463.7167,284,-1.6415999999999826,-1.7332999999999856,4,100.0,465.975,464.0,466.0,464.9328,431.0083
2026-01-12 05:00:00,465.975,465,120,0.0,0.25,100.0,0.0,0.0,0.0,0.0,0.25,465.975,465,2.2583000000000197,2.283299999999997,5,100.0,465.95,466.0,466.0,465.0167,451.2417
2026-01-12 06:00:00,465.95,465,120,0.0,0.25,100.0,0.0,0.0,0.0,0.0,0.25,465.95,465,-0.025000000000034106,0.591700000000003,6,100.0,464.0,466.0,466.0,463.3417,464.725
2026-01-12 07:00:00,464.0,451,120,0.76,1.02,100.0,0.76,0.7600000000000213,0.7600000000000142,0.7600000000000142,1.02,464.0,451,-1.9499999999999886,0.283299999999997,7,100.0,466.0,466.0,466.0,464.0833,466.0
2026-01-12 08:00:00,466.0,465,120,0.76,1.27,99.818261,0.76,1.5200000000000213,1.5200000000000142,1.5200000000000142,1.27,466.0,465,2.0,0.024999999999977263,8,99.818261,466.0,466.0,462.9667,465.025,466.0
2026-01-12 09:00:00,466.0,466,119,0.25,1.27,93.030172,0.25,1.7700000000000213,1.7700000000000142,1.7700000000000142,1.27,466.0,466,0.0,0.05000000000001137,9,93.030172,466.0,466.0,465.5714,457.8167,466.0
2026-01-12 10:00:00,466.0,466,120,0.0,1.27,91.353913,0.0,1.0100000000000213,1.7700000000000142,1.7700000000000142,1.27,466.0,466,0.0,2.0,10,91.353913,466.0,466.0,464.9328,445.4583,466.0
2026-01-12 11:00:00,466.0,466,120,0.0,1.27,83.986087,0.0,0.2500000000000213,1.7700000000000142,1.7700000000000142,1.27,466.0,466,0.0,0.0,11,83.986087,466.0,462.9667,465.0167,435.775,466.0
2026-01-12 12:00:00,466.0,466,120,0.0,1.27,81.996552,0.0,0.0,1.7700000000000142,1.7700000000000142,1.27,466.0,466,0.0,0.0,12,81.996552,466.0,465.5714,463.3417,426.2185,466.0
2026-01-12 13:00:00,466.0,464,120,0.0,1.27,86.22087,0.0,0.0,1.0100000000000142,1.7700000000000142,1.27,466.0,464,0.0,0.0,13,86.22087,462.9667,464.9328,464.0833,418.8833,466.0
2026-01-12 14:00:00,462.9667,460,120,0.0,1.27,89.232174,0.0,0.0,0.2500000000000142,1.7700000000000142,1.27,462.9667,460,-3.033299999999997,-3.033299999999997,14,89.232174,465.5714,465.0167,465.025,405.6583,466.0
2026-01-12 15:00:00,465.5714,454,119,2.79,4.06,94.829565,2.79,2.7900000000000214,2.7900000000000142,4.560000000000015,4.06,465.5714,454,2.60469999999998,-0.4286000000000172,15,94.829565,464.9328,463.3417,457.8167,410.5763,466.0
2026-01-12 16:00:00,464.9328,453,119,3.56,5.08,100.0,3.56,6.350000000000021,6.350000000000014,8.120000000000015,5.08,464.9328,453,-0.6385999999999967,-1.067200000000014,16,100.0,465.0167,464.0833,445.4583,431.0083,466.0
2026-01-12 17:00:00,465.0167,464,120,1.27,5.84,100.0,1.27,7.620000000000021,7.620000000000014,9.390000000000015,5.84,465.0167,464,0.08390000000002829,2.0500000000000114,17,100.0,463.3417,465.025,435.775,451.2417,466.0
2026-01-12 18:00:00,463.3417,460,120,0.76,5.84,100.0,0.76,5.590000000000021,8.380000000000015,10.150000000000015,5.84,463.3417,460,-1.6750000000000114,-2.22969999999998,18,100.0,464.0833,457.8167,426.2185,464.725,465.8917
2026-01-12 19:00:00,464.0833,462,120,0.0,5.84,100.0,0.0,2.0300000000000216,8.380000000000015,9.390000000000015,5.84,464.0833,462,0.7416000000000054,-0.8494999999999777,19,100.0,465.025,445.4583,418.8833,466.0,466.0
2026-01-12 20:00:00,465.025,452,120,0.0,5.84,100.0,0.0,0.7600000000000213,8.380000000000015,8.630000000000015,5.84,465.025,452,0.9416999999999689,0.008299999999962893,20,100.0,457.8167,435.775,405.6583,466.0,466.0
2026-01-12 21:00:00,457.8167,450,120,0.0,5.84,100.0,0.0,0.0,5.590000000000014,8.380000000000015,5.84,457.8167,450,-7.2082999999999515,-5.524999999999977,21,100.0,445.4583,426.2185,410.5763,466.0,466.0
2026-01-12 22:00:00,445.4583,440,120,0.0,5.84,100.0,0.0,0.0,2.0300000000000145,8.380000000000015,5.84,445.4583,440,-12.358400000000017,-18.625,22,100.0,435.775,418.8833,431.0083,466.0,465.9333
2026-01-12 23:00:00,435.775,431,120,0.0,5.84,100.0,0.0,0.0,0.7600000000000142,8.380000000000015,5.84,435.775,431,-9.683300000000031,-29.25,23,100.0,426.2185,405.6583,451.2417,466.0,463.8833
2026-01-13 00:00:00,426.2185,306,119,0.0,5.84,100.0,0.0,0.0,0.0,8.380000000000015,5.84,426.2185,306,-9.556499999999971,-31.59820000000002,0,100.0,418.8833,410.5763,464.725,466.0,464.2458
2026-01-13 01:00:00,418.8833,347,120,0.0,5.84,100.0,0.0,0.0,0.0,8.380000000000015,5.84,418.8833,347,-7.335199999999986,-26.57499999999999,1,100.0,405.6583,431.0083,466.0,466.0,463.725
2026-01-13 02:00:00,405.6583,213,120,0.25,6.1,100.0,0.25,0.2500000000000213,0.2500000000000142,8.630000000000015,6.1,405.6583,213,-13.225000000000023,-30.11669999999998,2,100.0,410.5763,451.2417,466.0,466.0,461.8
2026-01-13 03:00:00,410.5763,314,118,0.25,6.1,100.0,0.25,0.5000000000000213,0.5000000000000142,6.090000000000014,6.1,410.5763,314,4.918000000000006,-15.642200000000003,3,100.0,431.0083,464.725,466.0,466.0,464.1333
2026-01-13 04:00:00,431.0083,421,120,0.0,6.1,100.0,0.0,0.5000000000000213,0.5000000000000142,2.5300000000000145,6.1,431.0083,421,20.432000000000016,12.125,4,100.0,451.2417,466.0,466.0,466.0,464.8917
2026-01-13 05:00:00,451.2417,441,120,0.0,6.1,100.0,0.0,0.2500000000000213,0.5000000000000142,1.2600000000000142,6.1,451.2417,441,20.23339999999996,45.58339999999998,5,100.0,464.725,466.0,466.0,466.0,465.25
2026-01-13 06:00:00,464.725,460,120,0.0,6.1,97.581739,0.0,0.0,0.5000000000000142,0.5000000000000142,6.1,464.725,460,13.483300000000042,54.14870000000002,6,97.581739,466.0,466.0,466.0,465.8917,466.0
2026-01-13 07:00:00,466.0,466,120,0.0,6.1,92.186207,0.0,0.0,0.5000000000000142,0.5000000000000142,6.1,466.0,466,1.2749999999999773,34.99169999999998,7,92.186207,466.0,466.0,466.0,466.0,466.0
2026-01-13 08:00:00,466.0,466,120,0.0,5.33,89.94087,0.0,0.0,0.2500000000000142,0.5000000000000142,5.33,466.0,466,0.0,14.75830000000002,8,89.94087,466.0,466.0,466.0,466.0,466.0
2026-01-13 09:00:00,466.0,466,120,0.0,5.08,86.253098,0.0,0.0,0.0,0.5000000000000142,5.08,466.0,466,0.0,1.2749999999999773,9,86.253098,466.0,466.0,466.0,466.0,466.0
2026-01-13 10:00:00,466.0,466,120,0.0,5.08,85.066087,0.0,0.0,0.0,0.5000000000000142,5.08,466.0,466,0.0,0.0,10,85.066087,466.0,466.0,466.0,465.9333,466.0
2026-01-13 11:00:00,466.0,466,120,0.0,5.08,80.147826,0.0,0.0,0.0,0.5000000000000142,5.08,466.0,466,0.0,0.0,11,80.147826,466.0,466.0,466.0,463.8833,466.0
2026-01-13 12:00:00,466.0,466,120,0.0,5.08,80.329311,0.0,0.0,0.0,0.5000000000000142,5.08,466.0,466,0.0,0.0,12,80.329311,466.0,466.0,465.8917,464.2458,466.0
2026-01-13 13:00:00,466.0,466,120,0.0,5.08,84.902609,0.0,0.0,0.0,0.5000000000000142,5.08,466.0,466,0.0,0.0,13,84.902609,466.0,466.0,466.0,463.725,466.0
2026-01-13 14:00:00,466.0,466,120,0.0,5.08,80.740517,0.0,0.0,0.0,0.2500000000000142,5.08,466.0,466,0.0,0.0,14,80.740517,466.0,466.0,466.0,461.8,466.0
2026-01-13 15:00:00,466.0,466,120,0.0,5.08,82.446956,0.0,0.0,0.0,0.0,5.08,466.0,466,0.0,0.0,15,82.446956,466.0,465.8917,466.0,464.1333,466.0
2026-01-13 16:00:00,466.0,465,120,0.0,1.78,87.811305,0.0,0.0,0.0,0.0,1.78,466.0,465,0.0,0.0,16,87.811305,466.0,466.0,465.9333,464.8917,464.9664
2026-01-13 17:00:00,466.0,466,120,0.0,0.76,91.148696,0.0,0.0,0.0,0.0,0.76,466.0,466,0.0,0.0,17,91.148696,465.8917,466.0,463.8833,465.25,465.6
2026-01-13 18:00:00,465.8917,465,120,0.0,0.25,94.812281,0.0,0.0,0.0,0.0,0.25,465.8917,465,-0.10829999999998563,-0.10829999999998563,18,94.812281,466.0,466.0,464.2458,466.0,458.5546
2026-01-13 19:00:00,466.0,465,120,0.0,0.25,93.389474,0.0,0.0,0.0,0.0,0.25,466.0,465,0.10829999999998563,0.0,19,93.389474,466.0,465.9333,463.725,466.0,461.6525
2026-01-13 20:00:00,466.0,466,120,0.0,0.25,94.141071,0.0,0.0,0.0,0.0,0.25,466.0,466,0.0,0.0,20,94.141071,466.0,463.8833,461.8,466.0,464.9244
2026-01-13 21:00:00,466.0,466,120,0.0,0.25,99.040351,0.0,0.0,0.0,0.0,0.25,466.0,466,0.0,0.10829999999998563,21,99.040351,465.9333,464.2458,464.1333,466.0,463.0917
2026-01-13 22:00:00,465.9333,453,120,0.0,0.25,100.0,0.0,0.0,0.0,0.0,0.25,465.9333,453,-0.06670000000002574,-0.06670000000002574,22,100.0,463.8833,463.725,464.8917,466.0,462.7833
2026-01-13 23:00:00,463.8833,310,120,0.0,0.25,100.0,0.0,0.0,0.0,0.0,0.25,463.8833,310,-2.0499999999999545,-2.1166999999999803,23,100.0,464.2458,461.8,465.25,466.0,462.4153
2026-01-14 00:00:00,464.2458,309,118,0.0,0.25,100.0,0.0,0.0,0.0,0.0,0.25,464.2458,309,0.3624999999999545,-1.7542000000000257,0,100.0,463.725,464.1333,466.0,466.0,451.084
2026-01-14 01:00:00,463.725,250,120,0.0,0.25,100.0,0.0,0.0,0.0,0.0,0.25,463.725,250,-0.5207999999999515,-2.2082999999999515,1,100.0,461.8,464.8917,466.0,466.0,440.2167
2026-01-14 02:00:00,461.8,295,120,0.0,0.25,100.0,0.0,0.0,0.0,0.0,0.25,461.8,295,-1.9250000000000114,-2.0833000000000084,2,100.0,464.1333,465.25,466.0,466.0,431.7333
2026-01-14 03:00:00,464.1333,400,120,0.0,0.0,100.0,0.0,0.0,0.0,0.0,0.0,464.1333,400,2.3333000000000084,-0.11249999999995453,3,100.0,464.8917,466.0,466.0,466.0,424.55
2026-01-14 04:00:00,464.8917,452,120,0.0,0.0,100.0,0.0,0.0,0.0,0.0,0.0,464.8917,452,0.7583999999999946,1.1666999999999916,4,100.0,465.25,466.0,466.0,464.9664,433.7
2026-01-14 05:00:00,465.25,465,120,0.0,0.0,100.0,0.0,0.0,0.0,0.0,0.0,465.25,465,0.35829999999998563,3.4499999999999886,5,100.0,466.0,466.0,466.0,465.6,456.95
2026-01-14 06:00:00,466.0,465,120,0.0,0.0,99.991379,0.0,0.0,0.0,0.0,0.0,466.0,465,0.75,1.8666999999999803,6,99.991379,466.0,466.0,466.0,458.5546,464.65
2026-01-14 07:00:00,466.0,466,120,0.0,0.0,96.316521,0.0,0.0,0.0,0.0,0.0,466.0,466,0.0,1.1082999999999856,7,96.316521,466.0,466.0,466.0,461.6525,466.0
2026-01-14 08:00:00,466.0,466,118,0.0,0.0,94.2,0.0,0.0,0.0,0.0,0.0,466.0,466,0.0,0.75,8,94.2,466.0,466.0,466.0,464.9244,466.0
2026-01-14 09:00:00,466.0,466,120,0.0,0.0,92.71579,0.0,0.0,0.0,0.0,0.0,466.0,466,0.0,0.0,9,92.71579,466.0,466.0,466.0,463.0917,466.0
2026-01-14 10:00:00,466.0,466,120,0.0,0.0,82.996552,0.0,0.0,0.0,0.0,0.0,466.0,466,0.0,0.0,10,82.996552,466.0,466.0,464.9664,462.7833,466.0
2026-01-14 11:00:00,466.0,466,120,0.0,0.0,82.583478,0.0,0.0,0.0,0.0,0.0,466.0,466,0.0,0.0,11,82.583478,466.0,466.0,465.6,462.4153,466.0
2026-01-14 12:00:00,466.0,466,120,0.0,0.0,89.703478,0.0,0.0,0.0,0.0,0.0,466.0,466,0.0,0.0,12,89.703478,466.0,466.0,458.5546,451.084,466.0
2026-01-14 13:00:00,466.0,466,120,0.25,0.25,92.644348,0.25,0.2500000000000213,0.2500000000000142,0.2500000000000142,0.25,466.0,466,0.0,0.0,13,92.644348,466.0,464.9664,461.6525,440.2167,465.2667
2026-01-14 14:00:00,466.0,466,120,0.51,0.51,84.412069,0.51,0.7600000000000213,0.7600000000000142,0.7600000000000142,0.51,466.0,466,0.0,0.0,14,84.412069,466.0,465.6,464.9244,431.7333,461.2
2026-01-14 15:00:00,466.0,465,120,2.79,3.56,94.310435,2.79,3.550000000000021,3.550000000000014,3.550000000000014,3.56,466.0,465,0.0,0.0,15,94.310435,464.9664,458.5546,463.0917,424.55,454.8833
2026-01-14 16:00:00,464.9664,462,119,2.79,3.56,100.0,2.79,6.090000000000021,6.340000000000014,6.340000000000014,3.56,464.9664,462,-1.0335999999999785,-1.0335999999999785,16,100.0,465.6,461.6525,462.7833,433.7,455.675
2026-01-14 17:00:00,465.6,465,120,0.25,3.81,97.986087,0.25,5.830000000000021,6.590000000000014,6.590000000000014,3.81,465.6,465,0.6336000000000013,-0.39999999999997726,17,97.986087,458.5546,464.9244,462.4153,456.95,456.8083
2026-01-14 18:00:00,458.5546,453,119,0.25,3.81,96.895652,0.25,3.2900000000000214,6.840000000000014,6.840000000000014,3.81,458.5546,453,-7.045400000000029,-7.4454000000000065,18,96.895652,461.6525,463.0917,451.084,464.65,453.75
2026-01-14 19:00:00,461.6525,457,118,0.0,3.81,97.017699,0.0,0.5000000000000213,6.590000000000014,6.840000000000014,3.81,461.6525,457,3.0978999999999814,-3.3139000000000465,19,97.017699,464.9244,462.7833,440.2167,466.0,449.2185
2026-01-14 20:00:00,464.9244,464,119,0.0,3.81,98.700885,0.0,0.2500000000000213,6.080000000000014,6.840000000000014,3.81,464.9244,464,3.2719000000000165,-0.6756000000000313,20,98.700885,463.0917,462.4153,431.7333,466.0,454.3083
2026-01-14 21:00:00,463.0917,459,120,0.76,4.57,100.0,0.76,0.7600000000000213,4.050000000000014,7.600000000000014,4.57,463.0917,459,-1.8326999999999884,4.5371000000000095,21,100.0,462.7833,451.084,424.55,466.0,462.0252
2026-01-14 22:00:00,462.7833,452,120,1.27,5.33,100.0,1.27,2.0300000000000216,2.5300000000000145,8.870000000000013,5.33,462.7833,452,-0.308400000000006,1.130800000000022,22,100.0,462.4153,440.2167,433.7,466.0,464.125
2026-01-14 23:00:00,462.4153,428,118,0.51,5.33,100.0,0.51,2.5400000000000214,2.7900000000000142,9.380000000000013,5.33,462.4153,428,-0.367999999999995,-2.5090999999999894,23,100.0,451.084,431.7333,456.95,466.0,464.725
2026-01-15 00:00:00,451.084,445,119,0.0,5.33,100.0,0.0,1.7800000000000213,2.5400000000000142,9.380000000000013,5.33,451.084,445,-11.331299999999999,-12.0077,0,100.0,440.2167,424.55,464.65,466.0,459.9492
2026-01-15 01:00:00,440.2167,406,120,0.0,5.33,99.00431,0.0,0.5100000000000213,2.5400000000000142,9.130000000000013,5.33,440.2167,406,-10.8673,-22.566599999999994,1,99.00431,431.7333,433.7,466.0,465.2667,456.4333
2026-01-15 02:00:00,431.7333,392,120,0.25,5.59,100.0,0.25,0.2500000000000213,2.7900000000000142,8.870000000000015,5.59,431.7333,392,-8.483400000000017,-30.682000000000016,2,100.0,424.55,456.95,466.0,461.2,454.0917
2026-01-15 03:00:00,424.55,421,120,0.25,5.59,100.0,0.25,0.5000000000000213,2.2800000000000145,6.330000000000014,5.59,424.55,421,-7.183299999999974,-26.533999999999992,3,100.0,433.7,464.65,466.0,454.8833,452.3833
2026-01-15 04:00:00,433.7,237,120,0.0,5.59,100.0,0.0,0.5000000000000213,1.0100000000000142,3.5400000000000142,5.59,433.7,237,9.149999999999977,-6.516700000000014,4,100.0,456.95,466.0,466.0,455.675,450.9417
2026-01-15 05:00:00,456.95,448,120,0.0,5.59,100.0,0.0,0.2500000000000213,0.5000000000000142,3.2900000000000142,5.59,456.95,448,23.25,25.216700000000003,5,100.0,464.65,466.0,466.0,456.8083,455.125
2026-01-15 06:00:00,464.65,463,120,0.0,5.59,100.0,0.0,0.0,0.5000000000000142,3.0400000000000142,5.59,464.65,463,7.699999999999989,40.099999999999966,6,100.0,466.0,466.0,466.0,453.75,464.9083
2026-01-15 07:00:00,466.0,466,119,0.0,5.59,97.181034,0.0,0.0,0.5000000000000142,3.0400000000000142,5.59,466.0,466,1.3500000000000227,32.30000000000001,7,97.181034,466.0,466.0,465.2667,449.2185,466.0
2026-01-15 08:00:00,466.0,466,120,0.0,5.59,87.773913,0.0,0.0,0.2500000000000142,3.0400000000000142,5.59,466.0,466,0.0,9.050000000000011,8,87.773913,466.0,466.0,461.2,454.3083,466.0
2026-01-15 09:00:00,466.0,466,120,0.0,5.59,88.180172,0.0,0.0,0.0,2.2800000000000145,5.59,466.0,466,0.0,1.3500000000000227,9,88.180172,466.0,466.0,454.8833,462.0252,466.0
2026-01-15 10:00:00,466.0,466,120,0.0,5.59,84.25614,0.0,0.0,0.0,1.0100000000000142,5.59,466.0,466,0.0,0.0,10,84.25614,466.0,465.2667,455.675,464.125,464.6167
2026-01-15 11:00:00,466.0,466,120,0.0,5.59,88.923478,0.0,0.0,0.0,0.5000000000000142,5.59,466.0,466,0.0,0.0,11,88.923478,466.0,461.2,456.8083,464.725,466.0
2026-01-15 12:00:00,466.0,465,120,1.02,6.86,99.940517,1.02,1.0200000000000213,1.0200000000000142,1.5200000000000142,6.86,466.0,465,0.0,0.0,12,99.940517,465.2667,454.8833,453.75,459.9492,466.0
2026-01-15 13:00:00,465.2667,338,120,7.62,13.97,99.686956,7.62,8.640000000000022,8.640000000000015,9.140000000000015,13.97,465.2667,338,-0.7332999999999856,-0.7332999999999856,13,99.686956,461.2,455.675,449.2185,456.4333,459.7083
2026-01-15 14:00:00,461.2,455,120,7.87,14.48,100.0,7.87,16.51000000000002,16.510000000000012,16.760000000000012,14.48,461.2,455,-4.066700000000026,-4.800000000000011,14,100.0,454.8833,456.8083,454.3083,454.0917,456.5333
2026-01-15 15:00:00,454.8833,451,120,0.25,14.48,100.0,0.25,15.740000000000022,16.760000000000012,16.760000000000012,14.48,454.8833,451,-6.316699999999969,-11.11669999999998,15,100.0,455.675,453.75,462.0252,452.3833,465.6167
2026-01-15 16:00:00,455.675,451,120,0.0,11.68,100.0,0.0,8.12000000000002,16.760000000000012,16.760000000000012,11.68,455.675,451,0.7916999999999916,-9.591700000000003,16,100.0,456.8083,449.2185,464.125,450.9417,466.0
2026-01-15 17:00:00,456.8083,453,120,0.0,11.68,100.0,0.0,0.25000000000002043,16.760000000000012,16.760000000000012,11.68,456.8083,453,1.133299999999963,-4.391700000000014,17,100.0,453.75,454.3083,464.725,455.125,466.0
2026-01-15 18:00:00,453.75,451,120,0.0,11.18,100.0,0.0,0.0,15.740000000000014,16.760000000000012,11.18,453.75,451,-3.0582999999999743,-1.1333000000000197,18,100.0,449.2185,462.0252,459.9492,464.9083,461.75
2026-01-15 19:00:00,449.2185,448,119,0.0,11.18,100.0,0.0,0.0,8.120000000000013,16.760000000000012,11.18,449.2185,448,-4.531499999999994,-6.4565000000000055,19,100.0,454.3083,464.125,456.4333,466.0,464.339
2026-01-15 20:00:00,454.3083,449,120,0.0,11.18,100.0,0.0,0.0,0.2500000000000133,16.760000000000012,11.18,454.3083,449,5.089799999999968,-2.5,20,100.0,462.0252,464.725,454.0917,466.0,465.4167
2026-01-15 21:00:00,462.0252,459,119,0.0,11.18,100.0,0.0,0.0,0.0,16.760000000000012,11.18,462.0252,459,7.71690000000001,8.275199999999984,21,100.0,464.125,459.9492,452.3833,466.0,463.8167
2026-01-15 22:00:00,464.125,399,120,0.0,10.16,100.0,0.0,0.0,0.0,16.760000000000012,10.16,464.125,399,2.099800000000016,14.906499999999994,22,100.0,464.725,456.4333,450.9417,464.6167,454.3667
2026-01-15 23:00:00,464.725,463,120,0.0,9.65,100.0,0.0,0.0,0.0,16.760000000000012,9.65,464.725,463,0.6000000000000227,10.416700000000048,23,100.0,459.9492,454.0917,455.125,466.0,446.3583
2026-01-16 00:00:00,459.9492,458,118,0.0,9.65,100.0,0.0,0.0,0.0,15.740000000000014,9.65,459.9492,458,-4.775800000000004,-2.075999999999965,0,100.0,456.4333,452.3833,464.9083,466.0,439.1441
2026-01-16 01:00:00,456.4333,455,120,0.0,9.65,100.0,0.0,0.0,0.0,8.120000000000013,9.65,456.4333,455,-3.5159000000000447,-7.691700000000026,1,100.0,454.0917,450.9417,466.0,459.7083,432.675
2026-01-16 02:00:00,454.0917,453,120,0.0,9.65,100.0,0.0,0.0,0.0,0.2500000000000133,9.65,454.0917,453,-2.3415999999999713,-10.63330000000002,2,100.0,452.3833,455.125,466.0,456.5333,421.3833
2026-01-16 03:00:00,452.3833,451,120,0.0,9.4,100.0,0.0,0.0,0.0,0.0,9.4,452.3833,451,-1.7083999999999833,-7.565899999999999,3,100.0,450.9417,464.9083,466.0,465.6167,421.35
2026-01-16 04:00:00,450.9417,450,120,0.0,9.4,100.0,0.0,0.0,0.0,0.0,9.4,450.9417,450,-1.441599999999994,-5.4915999999999485,4,100.0,455.125,466.0,464.6167,466.0,432.6
2026-01-16 05:00:00,455.125,450,120,0.0,9.4,100.0,0.0,0.0,0.0,0.0,9.4,455.125,450,4.183299999999974,1.033299999999997,5,100.0,464.9083,466.0,466.0,466.0,454.5083
2026-01-16 06:00:00,464.9083,461,120,0.0,9.4,99.151304,0.0,0.0,0.0,0.0,9.4,464.9083,461,9.783299999999997,12.524999999999977,6,99.151304,466.0,466.0,466.0,461.75,464.675
2026-01-16 07:00:00,466.0,466,120,0.0,9.4,93.690434,0.0,0.0,0.0,0.0,9.4,466.0,466,1.091700000000003,15.058299999999974,7,93.690434,466.0,464.6167,459.7083,464.339,466.0
2026-01-16 08:00:00,466.0,466,120,0.0,9.4,88.723276,0.0,0.0,0.0,0.0,9.4,466.0,466,0.0,10.875,8,88.723276,466.0,466.0,456.5333,465.4167,466.0
2026-01-16 09:00:00,466.0,455,120,0.76,10.41,86.258261,0.76,0.7600000000000204,0.7600000000000133,0.7600000000000133,10.41,466.0,455,0.0,1.091700000000003,9,86.258261,464.6167,466.0,465.6167,463.8167,466.0
2026-01-16 10:00:00,464.6167,336,120,3.81,13.46,93.666667,3.81,4.570000000000021,4.570000000000014,4.570000000000014,13.46,464.6167,336,-1.3833000000000197,-1.3833000000000197,10,93.666667,466.0,459.7083,466.0,454.3667,466.0
2026-01-16 11:00:00,466.0,466,120,2.54,13.46,80.891379,2.54,7.110000000000021,7.110000000000014,7.110000000000014,13.46,466.0,466,1.3833000000000197,0.0,11,80.891379,466.0,456.5333,466.0,446.3583,466.0
2026-01-16 12:00:00,466.0,466,120,0.0,12.7,80.42,0.0,6.350000000000021,7.110000000000014,7.110000000000014,12.7,466.0,466,0.0,0.0,12,80.42,459.7083,465.6167,461.75,439.1441,466.0
2026-01-16 13:00:00,459.7083,452,120,0.0,12.19,80.428696,0.0,2.54000000000002,7.110000000000014,7.110000000000014,12.19,459.7083,452,-6.291699999999992,-4.908399999999972,13,80.428696,456.5333,466.0,464.339,432.675,466.0
2026-01-16 14:00:00,456.5333,449,120,0.0,4.06,82.237069,0.0,0.0,7.110000000000014,7.110000000000014,4.06,456.5333,449,-3.1750000000000114,-9.466700000000003,14,82.237069,465.6167,466.0,465.4167,421.3833,466.0
2026-01-16 15:00:00,465.6167,454,120,0.0,3.81,84.862609,0.0,0.0,6.350000000000014,7.110000000000014,3.81,465.6167,454,9.083399999999983,-0.38330000000001974,15,84.862609,466.0,461.75,463.8167,421.35,466.0
2026-01-16 16:00:00,466.0,455,120,0.0,3.81,87.647414,0.0,0.0,2.540000000000013,7.110000000000014,3.81,466.0,455,0.38330000000001974,6.291699999999992,16,87.647414,466.0,464.339,454.3667,432.6,466.0
2026-01-16 17:00:00,466.0,464,120,0.0,3.81,88.940351,0.0,0.0,0.0,7.110000000000014,3.81,466.0,464,0.0,9.466700000000003,17,88.940351,461.75,465.4167,446.3583,454.5083,466.0
2026-01-16 18:00:00,461.75,452,120,0.0,3.81,93.925217,0.0,0.0,0.0,7.110000000000014,3.81,461.75,452,-4.25,-3.8666999999999803,18,93.925217,464.339,463.8167,439.1441,464.675,466.0
2026-01-16 19:00:00,464.339,453,118,0.0,3.81,95.864912,0.0,0.0,0.0,7.110000000000014,3.81,464.339,453,2.5889999999999986,-1.6610000000000014,19,95.864912,465.4167,454.3667,432.675,466.0,466.0
2026-01-16 20:00:00,465.4167,453,120,0.0,3.81,96.760526,0.0,0.0,0.0,7.110000000000014,3.81,465.4167,453,1.077699999999993,-0.5833000000000084,20,96.760526,463.8167,446.3583,421.3833,466.0,465.1849
2026-01-16 21:00:00,463.8167,453,120,0.0,3.81,97.316667,0.0,0.0,0.0,6.350000000000014,3.81,463.8167,453,-1.599999999999966,2.0667000000000257,21,97.316667,454.3667,439.1441,421.35,466.0,458.425
2026-01-16 22:00:00,454.3667,450,120,0.0,3.81,98.693104,0.0,0.0,0.0,2.540000000000013,3.81,454.3667,450,-9.450000000000045,-9.972300000000018,22,98.693104,446.3583,432.675,432.6,466.0,450.675
2026-01-16 23:00:00,446.3583,443,120,0.0,3.81,99.531304,0.0,0.0,0.0,0.0,3.81,446.3583,443,-8.008399999999995,-19.058400000000006,23,99.531304,439.1441,421.3833,454.5083,466.0,443.7083
2026-01-17 00:00:00,439.1441,436,118,0.0,3.81,99.983333,0.0,0.0,0.0,0.0,3.81,439.1441,436,-7.214200000000005,-24.672600000000045,0,99.983333,432.675,421.35,464.675,466.0,436.5966
2026-01-17 01:00:00,432.675,430,120,0.0,3.81,99.86087,0.0,0.0,0.0,0.0,3.81,432.675,430,-6.469099999999969,-21.69169999999997,1,99.86087,421.3833,432.6,466.0,466.0,429.3333
2026-01-17 02:00:00,421.3833,174,120,0.0,3.81,99.996522,0.0,0.0,0.0,0.0,3.81,421.3833,174,-11.291699999999992,-24.974999999999966,2,99.996522,421.35,454.5083,466.0,466.0,423.2917
2026-01-17 03:00:00,421.35,419,120,0.0,3.81,100.0,0.0,0.0,0.0,0.0,3.81,421.35,419,-0.033299999999997,-17.794099999999958,3,100.0,432.6,464.675,466.0,466.0,418.1333
2026-01-17 04:00:00,432.6,388,120,0.0,3.81,99.97193,0.0,0.0,0.0,0.0,3.81,432.6,388,11.25,-0.07499999999998863,4,99.97193,454.5083,466.0,466.0,466.0,411.975
2026-01-17 05:00:00,454.5083,445,120,0.0,3.81,100.0,0.0,0.0,0.0,0.0,3.81,454.5083,445,21.908299999999997,33.125,5,100.0,464.675,466.0,466.0,466.0,411.5583
2026-01-17 06:00:00,464.675,462,120,0.0,3.81,98.790435,0.0,0.0,0.0,0.0,3.81,464.675,462,10.166699999999992,43.32499999999999,6,98.790435,466.0,466.0,466.0,466.0,431.6083
2026-01-17 07:00:00,466.0,466,120,0.25,4.06,92.980869,0.25,0.25000000000002,0.2500000000000129,0.2500000000000129,4.06,466.0,466,1.3249999999999886,33.39999999999998,7,92.980869,466.0,466.0,466.0,466.0,453.425
2026-01-17 08:00:00,466.0,466,120,0.25,4.06,84.775862,0.25,0.50000000000002,0.5000000000000129,0.5000000000000129,4.06,466.0,466,0.0,11.49169999999998,8,84.775862,466.0,466.0,466.0,465.1849,465.925
2026-01-17 09:00:00,466.0,466,120,0.0,4.06,82.466087,0.0,0.50000000000002,0.5000000000000129,0.5000000000000129,4.06,466.0,466,0.0,1.3249999999999886,9,82.466087,466.0,466.0,466.0,458.425,466.0
2026-01-17 10:00:00,466.0,466,120,0.0,0.51,81.312174,0.0,0.25000000000002,0.5000000000000129,0.5000000000000129,0.51,466.0,466,0.0,0.0,10,81.312174,466.0,466.0,466.0,450.675,466.0
2026-01-17 11:00:00,466.0,466,120,0.0,0.25,79.619827,0.0,0.0,0.5000000000000129,0.5000000000000129,0.25,466.0,466,0.0,0.0,11,79.619827,466.0,466.0,466.0,443.7083,466.0
2026-01-17 12:00:00,466.0,466,120,0.0,0.25,79.146491,0.0,0.0,0.5000000000000129,0.5000000000000129,0.25,466.0,466,0.0,0.0,12,79.146491,466.0,466.0,466.0,436.5966,466.0
2026-01-17 13:00:00,466.0,466,120,0.25,0.51,91.317391,0.25,0.25000000000002,0.5000000000000129,0.7500000000000129,0.51,466.0,466,0.0,0.0,13,91.317391,466.0,466.0,466.0,429.3333,466.0
2026-01-17 14:00:00,466.0,466,120,0.25,0.51,87.238261,0.25,0.50000000000002,0.5000000000000129,1.0000000000000129,0.51,466.0,466,0.0,0.0,14,87.238261,466.0,466.0,465.1849,423.2917,464.55
2026-01-17 15:00:00,466.0,466,120,0.0,0.51,82.810435,0.0,0.50000000000002,0.5000000000000129,1.0000000000000129,0.51,466.0,466,0.0,0.0,15,82.810435,466.0,466.0,458.425,418.1333,465.5882
2026-01-17 16:00:00,466.0,466,120,0.0,0.51,83.759483,0.0,0.25000000000002,0.5000000000000129,1.0000000000000129,0.51,466.0,466,0.0,0.0,16,83.759483,466.0,466.0,450.675,411.975,465.4333
2026-01-17 17:00:00,466.0,466,120,0.0,0.51,88.534783,0.0,0.0,0.5000000000000129,1.0000000000000129,0.51,466.0,466,0.0,0.0,17,88.534783,466.0,465.1849,443.7083,411.5583,464.9504
2026-01-17 18:00:00,466.0,466,120,0.0,0.51,93.887826,0.0,0.0,0.5000000000000129,1.0000000000000129,0.51,466.0,466,0.0,0.0,18,93.887826,466.0,458.425,436.5966,431.6083,466.0
2026-01-17 19:00:00,466.0,455,120,0.0,0.51,95.271681,0.0,0.0,0.2500000000000129,0.7500000000000129,0.51,466.0,455,0.0,0.0,19,95.271681,465.1849,450.675,429.3333,453.425,466.0
2026-01-17 20:00:00,465.1849,454,119,0.0,0.51,95.345946,0.0,0.0,0.0,0.5000000000000129,0.51,465.1849,454,-0.8150999999999726,-0.8150999999999726,20,95.345946,458.425,443.7083,423.2917,465.925,466.0
2026-01-17 21:00:00,458.425,453,120,0.0,0.51,96.169912,0.0,0.0,0.0,0.5000000000000129,0.51,458.425,453,-6.759900000000016,-7.574999999999989,21,96.169912,450.675,436.5966,418.1333,466.0,465.9832
2026-01-17 22:00:00,450.675,447,120,0.0,0.51,97.373913,0.0,0.0,0.0,0.5000000000000129,0.51,450.675,447,-7.75,-15.324999999999989,22,97.373913,443.7083,429.3333,411.975,466.0,463.4667
2026-01-17 23:00:00,443.7083,440,120,0.0,0.51,98.938261,0.0,0.0,0.0,0.5000000000000129,0.51,443.7083,440,-6.966700000000003,-21.47660000000002,23,98.938261,436.5966,423.2917,411.5583,466.0,454.5462
2026-01-18 00:00:00,436.5966,411,119,0.0,0.51,100.0,0.0,0.0,0.0,0.5000000000000129,0.51,436.5966,411,-7.111699999999985,-21.828399999999988,0,100.0,429.3333,418.1333,431.6083,466.0,446.8983
2026-01-18 01:00:00,429.3333,338,120,0.0,0.51,100.0,0.0,0.0,0.0,0.2500000000000129,0.51,429.3333,338,-7.263300000000015,-21.341700000000003,1,100.0,423.2917,411.975,453.425,466.0,440.2167
2026-01-18 02:00:00,423.2917,365,120,0.0,0.51,100.0,0.0,0.0,0.0,0.0,0.51,423.2917,365,-6.041600000000017,-20.416600000000017,2,100.0,418.1333,411.5583,465.925,464.55,432.9917
2026-01-18 03:00:00,418.1333,400,120,0.0,0.51,100.0,0.0,0.0,0.0,0.0,0.51,418.1333,400,-5.158399999999972,-18.463300000000004,3,100.0,411.975,431.6083,466.0,465.5882,439.1
2026-01-18 04:00:00,411.975,337,120,0.0,0.51,100.0,0.0,0.0,0.0,0.0,0.51,411.975,337,-6.158299999999997,-17.358299999999986,4,100.0,411.5583,453.425,466.0,465.4333,457.675
2026-01-18 05:00:00,411.5583,407,120,0.0,0.51,100.0,0.0,0.0,0.0,0.0,0.51,411.5583,407,-0.4167000000000485,-11.733400000000017,5,100.0,431.6083,465.925,466.0,464.9504,464.4667
2026-01-18 06:00:00,431.6083,420,120,0.0,0.51,99.993966,0.0,0.0,0.0,0.0,0.51,431.6083,420,20.05000000000001,13.474999999999966,6,99.993966,453.425,466.0,466.0,466.0,466.0
2026-01-18 07:00:00,453.425,443,120,0.0,0.51,99.51913,0.0,0.0,0.0,0.0,0.51,453.425,443,21.816700000000026,41.44999999999999,7,99.51913,465.925,466.0,466.0,466.0,466.0
2026-01-18 08:00:00,465.925,461,120,0.0,0.25,93.773043,0.0,0.0,0.0,0.0,0.25,465.925,461,12.5,54.36670000000004,8,93.773043,466.0,466.0,464.55,466.0,466.0
2026-01-18 09:00:00,466.0,466,120,0.0,0.25,88.231035,0.0,0.0,0.0,0.0,0.25,466.0,466,0.07499999999998863,34.391700000000014,9,88.231035,466.0,466.0,465.5882,465.9832,466.0
2026-01-18 10:00:00,466.0,466,120,0.25,0.51,85.442105,0.25,0.25000000000002,0.2500000000000129,0.2500000000000129,0.51,466.0,466,0.0,12.574999999999989,10,85.442105,466.0,466.0,465.4333,463.4667,466.0
2026-01-18 11:00:00,466.0,466,120,0.25,0.51,87.10431,0.25,0.50000000000002,0.5000000000000129,0.5000000000000129,0.51,466.0,466,0.0,0.07499999999998863,11,87.10431,466.0,464.55,464.9504,454.5462,466.0
2026-01-18 12:00:00,466.0,466,120,0.0,0.51,84.39913,0.0,0.50000000000002,0.5000000000000129,0.5000000000000129,0.51,466.0,466,0.0,0.0,12,84.39913,466.0,465.5882,466.0,446.8983,466.0
2026-01-18 13:00:00,466.0,463,120,0.0,0.51,80.904347,0.0,0.25000000000002,0.5000000000000129,0.5000000000000129,0.51,466.0,463,0.0,0.0,13,80.904347,464.55,465.4333,466.0,440.2167,466.0
2026-01-18 14:00:00,464.55,456,120,0.25,0.51,86.576724,0.25,0.25000000000002,0.7500000000000129,0.7500000000000129,0.51,464.55,456,-1.4499999999999886,-1.4499999999999886,14,86.576724,465.5882,464.9504,466.0,432.9917,466.0
2026-01-18 15:00:00,465.5882,455,119,1.02,1.78,95.279825,1.02,1.27000000000002,1.770000000000013,1.770000000000013,1.78,465.5882,455,1.0381999999999607,-0.4118000000000279,15,95.279825,465.4333,466.0,465.9832,439.1,466.0
2026-01-18 16:00:00,465.4333,465,120,1.27,2.29,100.0,1.27,2.54000000000002,2.790000000000013,3.040000000000013,2.29,465.4333,465,-0.15489999999999782,-0.5667000000000257,16,100.0,464.9504,466.0,463.4667,457.675,465.875
2026-01-18 17:00:00,464.9504,464,121,0.51,2.54,100.0,0.51,2.8000000000000203,3.050000000000013,3.550000000000013,2.54,464.9504,464,-0.48289999999997235,0.40039999999999054,17,100.0,466.0,466.0,454.5462,464.4667,465.2167
2026-01-18 18:00:00,466.0,465,120,0.25,2.54,100.0,0.25,2.03000000000002,3.300000000000013,3.800000000000013,2.54,466.0,465,1.049599999999998,0.4118000000000279,18,100.0,466.0,465.9832,446.8983,466.0,443.575
2026-01-18 19:00:00,466.0,465,118,0.0,2.54,99.561404,0.0,0.76000000000002,3.300000000000013,3.800000000000013,2.54,466.0,465,0.0,0.5667000000000257,19,99.561404,466.0,463.4667,440.2167,466.0,336.8319
2026-01-18 20:00:00,466.0,466,121,0.0,2.54,95.695652,0.0,0.25000000000002,3.050000000000013,3.800000000000013,2.54,466.0,466,0.0,1.049599999999998,20,95.695652,465.9832,454.5462,432.9917,466.0,295.3866
2026-01-18 21:00:00,465.9832,465,119,0.0,2.54,93.624561,0.0,0.0,2.0300000000000127,3.800000000000013,2.54,465.9832,465,-0.016799999999989268,-0.016799999999989268,21,93.624561,463.4667,446.8983,439.1,466.0,289.9
2026-01-18 22:00:00,463.4667,459,120,0.0,2.54,93.801739,0.0,0.0,0.7600000000000129,3.550000000000013,2.54,463.4667,459,-2.5165000000000077,-2.533299999999997,22,93.801739,454.5462,440.2167,457.675,466.0,291.5333
2026-01-18 23:00:00,454.5462,450,119,0.0,2.54,95.91062,0.0,0.0,0.2500000000000129,3.300000000000013,2.54,454.5462,450,-8.920500000000004,-11.453800000000001,23,95.91062,446.8983,432.9917,464.4667,466.0,294.8583
2026-01-19 00:00:00,446.8983,443,118,0.0,2.54,99.531305,0.0,0.0,0.0,3.300000000000013,2.54,446.8983,443,-7.647899999999993,-19.084900000000005,0,99.531305,440.2167,439.1,466.0,466.0,298.6555
2026-01-19 01:00:00,440.2167,437,120,0.0,2.54,100.0,0.0,0.0,0.0,3.300000000000013,2.54,440.2167,437,-6.681600000000003,-23.25,1,100.0,432.9917,457.675,466.0,466.0,302.7983
2026-01-19 02:00:00,432.9917,329,120,0.0,2.54,100.0,0.0,0.0,0.0,3.050000000000013,2.54,432.9917,329,-7.225000000000023,-21.55450000000002,2,100.0,439.1,464.4667,466.0,466.0,307.0
2026-01-19 03:00:00,439.1,395,120,0.0,2.54,100.0,0.0,0.0,0.0,2.0300000000000127,2.54,439.1,395,6.1083000000000425,-7.798299999999983,3,100.0,457.675,466.0,466.0,466.0,311.2917
2026-01-19 04:00:00,457.675,250,120,0.0,2.54,100.0,0.0,0.0,0.0,0.7600000000000129,2.54,457.675,250,18.57499999999999,17.45830000000001,4,100.0,464.4667,466.0,466.0,465.875,320.8667
2026-01-19 05:00:00,464.4667,463,120,0.0,2.54,100.0,0.0,0.0,0.0,0.2500000000000129,2.54,464.4667,463,6.791699999999992,31.475000000000023,5,100.0,466.0,466.0,466.0,465.2167,334.1417
2026-01-19 06:00:00,466.0,465,120,0.0,2.54,100.0,0.0,0.0,0.0,0.0,2.54,466.0,465,1.533299999999997,26.899999999999977,6,100.0,466.0,466.0,466.0,443.575,343.775
2026-01-19 07:00:00,466.0,466,120,0.0,2.54,99.225,0.0,0.0,0.0,0.0,2.54,466.0,466,0.0,8.324999999999989,7,99.225,466.0,466.0,466.0,336.8319,352.5917
2026-01-19 08:00:00,466.0,466,120,0.0,2.54,93.12087,0.0,0.0,0.0,0.0,2.54,466.0,466,0.0,1.533299999999997,8,93.12087,466.0,466.0,466.0,295.3866,360.0667
2026-01-19 09:00:00,466.0,466,120,0.0,2.54,87.145217,0.0,0.0,0.0,0.0,2.54,466.0,466,0.0,0.0,9,87.145217,466.0,466.0,466.0,289.9,368.2167
2026-01-19 10:00:00,466.0,466,120,0.0,2.54,82.28087,0.0,0.0,0.0,0.0,2.54,466.0,466,0.0,0.0,10,82.28087,466.0,466.0,465.875,291.5333,375.35
2026-01-19 11:00:00,466.0,466,120,0.0,2.29,77.119828,0.0,0.0,0.0,0.0,2.29,466.0,466,0.0,0.0,11,77.119828,466.0,466.0,465.2167,294.8583,381.0417
2026-01-19 12:00:00,466.0,466,120,0.0,2.29,72.443478,0.0,0.0,0.0,0.0,2.29,466.0,466,0.0,0.0,12,72.443478,466.0,466.0,443.575,298.6555,387.3917
2026-01-19 13:00:00,466.0,466,120,0.0,2.29,67.606087,0.0,0.0,0.0,0.0,2.29,466.0,466,0.0,0.0,13,67.606087,466.0,465.875,336.8319,302.7983,393.5
2026-01-19 14:00:00,466.0,466,120,0.0,2.29,74.088695,0.0,0.0,0.0,0.0,2.29,466.0,466,0.0,0.0,14,74.088695,466.0,465.2167,295.3866,307.0,399.15
2026-01-19 15:00:00,466.0,466,120,0.0,2.03,82.873913,0.0,0.0,0.0,0.0,2.03,466.0,466,0.0,0.0,15,82.873913,465.875,443.575,289.9,311.2917,405.2667
2026-01-19 16:00:00,465.875,465,120,0.0,0.76,90.112174,0.0,0.0,0.0,0.0,0.76,465.875,465,-0.125,-0.125,16,90.112174,465.2167,336.8319,291.5333,320.8667,409.7667
2026-01-19 17:00:00,465.2167,464,120,0.0,0.25,99.733913,0.0,0.0,0.0,0.0,0.25,465.2167,464,-0.658299999999997,-0.783299999999997,17,99.733913,443.575,295.3866,294.8583,334.1417,413.7167
2026-01-19 18:00:00,443.575,295,120,32.51,32.51,100.0,32.51,32.51000000000002,32.51000000000001,32.51000000000001,32.51,443.575,295,-21.641700000000014,-22.42500000000001,18,100.0,336.8319,289.9,298.6555,343.775,419.4917
2026-01-19 19:00:00,336.8319,305,119,37.34,38.35,100.0,37.34,69.85000000000002,69.85000000000002,69.85000000000002,38.35,336.8319,305,-106.74309999999997,-129.04309999999998,19,100.0,295.3866,291.5333,302.7983,352.5917,426.4
2026-01-19 20:00:00,295.3866,291,119,5.59,38.86,100.0,5.59,75.44000000000003,75.44000000000001,75.44000000000001,38.86,295.3866,291,-41.44530000000003,-169.83010000000002,20,100.0,289.9,294.8583,307.0,360.0667,433.5833
2026-01-19 21:00:00,289.9,289,120,0.76,39.12,100.0,0.76,43.690000000000026,76.20000000000002,76.20000000000002,39.12,289.9,289,-5.48660000000001,-153.675,21,100.0,291.5333,298.6555,311.2917,368.2167,441.05
2026-01-19 22:00:00,291.5333,290,120,0.25,39.12,100.0,0.25,6.600000000000021,76.45000000000002,76.45000000000002,39.12,291.5333,290,1.6333000000000197,-45.29860000000002,22,100.0,294.8583,302.7983,320.8667,375.35,448.9833
2026-01-19 23:00:00,294.8583,293,120,0.25,39.37,100.0,0.25,1.2600000000000213,76.70000000000002,76.70000000000002,39.37,294.8583,293,3.3249999999999886,-0.5283000000000015,23,100.0,298.6555,307.0,334.1417,381.0417,455.2627
2026-01-20 00:00:00,298.6555,297,119,0.25,39.37,100.0,0.25,0.75,44.44000000000002,76.95000000000002,39.37,298.6555,297,3.797200000000032,8.75550000000004,0,100.0,302.7983,311.2917,343.775,387.3917,451.2017
2026-01-20 01:00:00,302.7983,301,119,0.0,39.37,100.0,0.0,0.5000000000000213,7.100000000000014,76.95000000000002,39.37,302.7983,301,4.142799999999966,11.264999999999986,1,100.0,307.0,320.8667,352.5917,393.5,438.3697
2026-01-20 02:00:00,307.0,305,120,0.0,39.37,100.0,0.0,0.2500000000000213,1.5100000000000142,76.95000000000002,39.37,307.0,305,4.201700000000017,12.141700000000014,2,100.0,311.2917,334.1417,360.0667,399.15,428.0667
2026-01-20 03:00:00,311.2917,309,120,0.0,39.37,100.0,0.0,0.0,0.7500000000000142,76.95000000000002,39.37,311.2917,309,4.291699999999992,12.636199999999974,3,100.0,320.8667,343.775,368.2167,405.2667,431.6167
2026-01-20 04:00:00,320.8667,313,120,0.0,39.37,100.0,0.0,0.0,0.5000000000000142,76.95000000000002,39.37,320.8667,313,9.574999999999989,18.068399999999997,4,100.0,334.1417,352.5917,375.35,409.7667,445.575
2026-01-20 05:00:00,334.1417,329,120,0.0,39.37,100.0,0.0,0.0,0.2500000000000142,76.95000000000002,39.37,334.1417,329,13.275000000000034,27.141700000000014,5,100.0,343.775,360.0667,381.0417,413.7167,457.8667
2026-01-20 06:00:00,343.775,339,120,0.0,39.37,100.0,0.0,0.0,0.0,44.44000000000002,39.37,343.775,339,9.633299999999963,32.483299999999986,6,100.0,352.5917,368.2167,387.3917,419.4917,464.175
2026-01-20 07:00:00,352.5917,348,120,0.0,39.37,97.671304,0.0,0.0,0.0,7.100000000000014,39.37,352.5917,348,8.816700000000026,31.725000000000023,7,97.671304,360.0667,375.35,393.5,426.4,466.0
2026-01-20 08:00:00,360.0667,357,120,0.0,39.37,92.861739,0.0,0.0,0.0,1.5100000000000142,39.37,360.0667,357,7.475000000000023,25.92500000000001,8,92.861739,368.2167,381.0417,399.15,433.5833,466.0
2026-01-20 09:00:00,368.2167,364,120,0.0,39.37,81.249138,0.0,0.0,0.0,0.7500000000000142,39.37,368.2167,364,8.149999999999977,24.441700000000026,9,81.249138,375.35,387.3917,405.2667,441.05,466.0
2026-01-20 10:00:00,375.35,371,120,0.0,39.37,77.353043,0.0,0.0,0.0,0.5000000000000142,39.37,375.35,371,7.13330000000002,22.75830000000002,10,77.353043,381.0417,393.5,409.7667,448.9833,466.0
2026-01-20 11:00:00,381.0417,378,120,0.0,39.37,79.87931,0.0,0.0,0.0,0.2500000000000142,39.37,381.0417,378,5.691699999999969,20.974999999999966,11,79.87931,387.3917,399.15,413.7167,455.2627,466.0
2026-01-20 12:00:00,387.3917,384,120,0.0,39.37,77.615789,0.0,0.0,0.0,0.0,39.37,387.3917,384,6.350000000000023,19.17500000000001,12,77.615789,393.5,405.2667,419.4917,451.2017,466.0
2026-01-20 13:00:00,393.5,391,120,0.0,39.37,78.662069,0.0,0.0,0.0,0.0,39.37,393.5,391,6.108299999999986,18.149999999999977,13,78.662069,399.15,409.7667,426.4,438.3697,466.0
2026-01-20 14:00:00,399.15,396,120,0.0,39.37,86.140351,0.0,0.0,0.0,0.0,39.37,399.15,396,5.649999999999977,18.108299999999986,14,86.140351,405.2667,413.7167,433.5833,428.0667,466.0
2026-01-20 15:00:00,405.2667,402,120,0.0,39.37,86.47913,0.0,0.0,0.0,0.0,39.37,405.2667,402,6.116700000000037,17.875,15,86.47913,409.7667,419.4917,441.05,431.6167,466.0
2026-01-20 16:00:00,409.7667,407,120,0.51,40.13,94.371304,0.51,0.5100000000000213,0.5100000000000142,0.5100000000000142,40.13,409.7667,407,4.5,16.266700000000014,16,94.371304,413.7167,426.4,448.9833,445.575,466.0
2026-01-20 17:00:00,413.7167,410,120,0.51,40.13,100.0,0.51,1.0200000000000213,1.0200000000000142,1.0200000000000142,40.13,413.7167,410,3.9499999999999886,14.566700000000026,17,100.0,419.4917,433.5833,455.2627,457.8667,465.8583
2026-01-20 18:00:00,419.4917,381,120,0.0,40.13,100.0,0.0,1.0200000000000213,1.0200000000000142,1.0200000000000142,40.13,419.4917,381,5.774999999999977,14.224999999999966,18,100.0,426.4,441.05,451.2017,464.175,464.9833
2026-01-20 19:00:00,426.4,423,120,0.0,5.59,100.0,0.0,0.5100000000000213,1.0200000000000142,1.0200000000000142,5.59,426.4,423,6.908299999999997,16.633299999999963,19,100.0,433.5833,448.9833,438.3697,466.0,464.7583
2026-01-20 20:00:00,433.5833,430,120,0.76,2.54,100.0,0.76,0.7600000000000213,1.7800000000000142,1.7800000000000142,2.54,433.5833,430,7.183300000000031,19.866600000000005,20,100.0,441.05,455.2627,428.0667,466.0,464.4958
2026-01-20 21:00:00,441.05,437,120,0.76,2.03,100.0,0.76,1.5200000000000213,2.5400000000000142,2.5400000000000142,2.03,441.05,437,7.466700000000003,21.55830000000003,21,100.0,448.9833,451.2017,431.6167,466.0,464.7833
2026-01-20 22:00:00,448.9833,445,120,0.0,1.78,100.0,0.0,1.5200000000000213,2.0300000000000145,2.5400000000000142,1.78,448.9833,445,7.933299999999974,22.58330000000001,22,100.0,455.2627,438.3697,445.575,466.0,464.4417
2026-01-20 23:00:00,455.2627,435,118,0.25,1.78,100.0,0.25,1.0100000000000213,1.7700000000000142,2.7900000000000142,1.78,455.2627,435,6.27940000000001,21.679399999999987,23,100.0,451.2017,428.0667,457.8667,466.0,464.4417
2026-01-21 00:00:00,451.2017,444,119,0.25,1.78,100.0,0.25,0.5000000000000213,2.0200000000000142,3.0400000000000142,1.78,451.2017,444,-4.060999999999979,10.151700000000005,0,100.0,438.3697,431.6167,464.175,466.0,464.825
2026-01-21 01:00:00,438.3697,433,119,0.0,1.78,100.0,0.0,0.5000000000000213,2.0200000000000142,3.0400000000000142,1.78,438.3697,433,-12.831999999999994,-10.613599999999963,1,100.0,428.0667,445.575,466.0,466.0,464.1176
2026-01-21 02:00:00,428.0667,423,120,0.0,1.78,100.0,0.0,0.2500000000000213,1.2600000000000142,3.0400000000000142,1.78,428.0667,423,-10.302999999999997,-27.19599999999997,2,100.0,431.6167,457.8667,466.0,466.0,464.9333
2026-01-21 03:00:00,431.6167,418,120,0.0,1.78,100.0,0.0,0.0,0.5000000000000142,3.0400000000000142,1.78,431.6167,418,3.5499999999999545,-19.585000000000036,3,100.0,445.575,464.175,466.0,466.0,465.3333
2026-01-21 04:00:00,445.575,440,120,0.0,1.78,100.0,0.0,0.0,0.5000000000000142,2.5300000000000145,1.78,445.575,440,13.958300000000008,7.205299999999966,4,100.0,457.8667,466.0,466.0,466.0,464.8167
2026-01-21 05:00:00,457.8667,451,120,0.0,1.78,100.0,0.0,0.0,0.2500000000000142,2.0200000000000142,1.78,457.8667,451,12.291699999999992,29.799999999999955,5,100.0,464.175,466.0,466.0,465.8583,465.3
2026-01-21 06:00:00,464.175,452,120,0.0,1.78,99.827586,0.0,0.0,0.0,2.0200000000000142,1.78,464.175,452,6.308300000000031,32.55830000000003,6,99.827586,466.0,466.0,466.0,464.9833,465.9917
2026-01-21 07:00:00,466.0,466,120,0.0,1.78,94.635652,0.0,0.0,0.0,2.0200000000000142,1.78,466.0,466,1.8249999999999886,20.42500000000001,7,94.635652,466.0,466.0,466.0,464.7583,466.0
2026-01-21 08:00:00,466.0,466,120,0.0,1.78,90.691379,0.0,0.0,0.0,1.2600000000000142,1.78,466.0,466,0.0,8.13330000000002,8,90.691379,466.0,466.0,466.0,464.4958,466.0
2026-01-21 09:00:00,466.0,466,120,0.0,1.78,91.347368,0.0,0.0,0.0,0.5000000000000142,1.78,466.0,466,0.0,1.8249999999999886,9,91.347368,466.0,466.0,466.0,464.7833,466.0
2026-01-21 10:00:00,466.0,466,120,0.0,1.78,84.67913,0.0,0.0,0.0,0.5000000000000142,1.78,466.0,466,0.0,0.0,10,84.67913,466.0,466.0,466.0,464.4417,466.0
2026-01-21 11:00:00,466.0,466,120,0.0,1.78,77.394828,0.0,0.0,0.0,0.2500000000000142,1.78,466.0,466,0.0,0.0,11,77.394828,466.0,466.0,465.8583,464.4417,466.0
2026-01-21 12:00:00,466.0,466,120,0.0,1.78,76.326087,0.0,0.0,0.0,0.0,1.78,466.0,466,0.0,0.0,12,76.326087,466.0,466.0,464.9833,464.825,466.0
2026-01-21 13:00:00,466.0,466,120,0.0,1.78,83.381739,0.0,0.0,0.0,0.0,1.78,466.0,466,0.0,0.0,13,83.381739,466.0,466.0,464.7583,464.1176,464.925
2026-01-21 14:00:00,466.0,466,120,0.25,2.03,98.249565,0.25,0.2500000000000213,0.2500000000000142,0.2500000000000142,2.03,466.0,466,0.0,0.0,14,98.249565,466.0,465.8583,464.4958,464.9333,459.3
2026-01-21 15:00:00,466.0,466,120,0.25,2.03,91.257759,0.25,0.5000000000000213,0.5000000000000142,0.5000000000000142,2.03,466.0,466,0.0,0.0,15,91.257759,466.0,464.9833,464.7833,465.3333,462.9333
2026-01-21 16:00:00,466.0,466,120,0.0,2.03,94.724348,0.0,0.5000000000000213,0.5000000000000142,0.5000000000000142,2.03,466.0,466,0.0,0.0,16,94.724348,465.8583,464.7583,464.4417,464.8167,463.9
2026-01-21 17:00:00,465.8583,465,120,0.0,1.27,96.306141,0.0,0.2500000000000213,0.5000000000000142,0.5000000000000142,1.27,465.8583,465,-0.14170000000001437,-0.14170000000001437,17,96.306141,464.9833,464.4958,464.4417,465.3,464.375
2026-01-21 18:00:00,464.9833,464,120,0.0,1.27,96.991304,0.0,0.0,0.5000000000000142,0.5000000000000142,1.27,464.9833,464,-0.875,-1.0167000000000144,18,96.991304,464.7583,464.7833,464.825,465.9917,464.2667
2026-01-21 19:00:00,464.7583,464,120,0.0,1.27,99.062609,0.0,0.0,0.5000000000000142,0.5000000000000142,1.27,464.7583,464,-0.2249999999999659,-1.2416999999999803,19,99.062609,464.4958,464.4417,464.1176,466.0,464.6429
2026-01-21 20:00:00,464.4958,464,119,0.0,1.02,98.160526,0.0,0.0,0.2500000000000142,0.5000000000000142,1.02,464.4958,464,-0.2625000000000455,-1.3625000000000114,20,98.160526,464.7833,464.4417,464.9333,466.0,464.625
2026-01-21 21:00:00,464.7833,464,120,0.0,0.51,99.276316,0.0,0.0,0.0,0.5000000000000142,0.51,464.7833,464,0.28750000000002274,-0.19999999999998863,21,99.276316,464.4417,464.825,465.3333,466.0,449.0667
2026-01-21 22:00:00,464.4417,464,120,0.0,0.51,100.0,0.0,0.0,0.0,0.5000000000000142,0.51,464.4417,464,-0.34159999999997126,-0.316599999999994,22,100.0,464.4417,464.1176,464.8167,466.0,432.6833
2026-01-21 23:00:00,464.4417,464,120,0.0,0.51,100.0,0.0,0.0,0.0,0.5000000000000142,0.51,464.4417,464,0.0,-0.05409999999994852,23,100.0,464.825,464.9333,465.3,466.0,419.3417
2026-01-22 00:00:00,464.825,464,120,0.0,0.25,100.0,0.0,0.0,0.0,0.5000000000000142,0.25,464.825,464,0.3832999999999629,0.04169999999999163,0,100.0,464.1176,465.3333,465.9917,466.0,408.0833
2026-01-22 01:00:00,464.1176,368,119,0.0,0.25,100.0,0.0,0.0,0.0,0.5000000000000142,0.25,464.1176,368,-0.7074000000000069,-0.324100000000044,1,100.0,464.9333,464.8167,466.0,464.925,397.3162
2026-01-22 02:00:00,464.9333,464,120,0.0,0.25,100.0,0.0,0.0,0.0,0.2500000000000142,0.25,464.9333,464,0.8156999999999925,0.4915999999999485,2,100.0,465.3333,465.3,466.0,459.3,391.3
2026-01-22 03:00:00,465.3333,464,120,0.0,0.25,100.0,0.0,0.0,0.0,0.0,0.25,465.3333,464,0.4000000000000341,0.5083000000000197,3,100.0,464.8167,465.9917,466.0,462.9333,386.6583
2026-01-22 04:00:00,464.8167,438,120,0.0,0.25,100.0,0.0,0.0,0.0,0.0,0.25,464.8167,438,-0.5165999999999826,0.699100000000044,4,100.0,465.3,466.0,466.0,463.9,382.9583
2026-01-22 05:00:00,465.3,465,120,0.0,0.25,100.0,0.0,0.0,0.0,0.0,0.25,465.3,465,0.48329999999998563,0.3667000000000371,5,100.0,465.9917,466.0,466.0,464.375,380.7
2026-01-22 06:00:00,465.9917,465,120,0.0,0.25,100.0,0.0,0.0,0.0,0.0,0.25,465.9917,465,0.6916999999999689,0.6583999999999719,6,100.0,466.0,466.0,466.0,464.2667,379.6167
2026-01-22 07:00:00,466.0,466,120,0.0,0.25,99.703478,0.0,0.0,0.0,0.0,0.25,466.0,466,0.008300000000019736,1.1832999999999743,7,99.703478,466.0,466.0,464.925,464.6429,379.6417
2026-01-22 08:00:00,466.0,466,120,0.76,1.02,96.013913,0.76,0.7600000000000213,0.7600000000000142,0.7600000000000142,1.02,466.0,466,0.0,0.6999999999999886,8,96.013913,466.0,466.0,459.3,464.625,381.75
2026-01-22 09:00:00,466.0,466,120,0.76,1.02,89.793043,0.76,1.5200000000000213,1.5200000000000142,1.5200000000000142,1.02,466.0,466,0.0,0.008300000000019736,9,89.793043,466.0,466.0,462.9333,449.0667,381.375
2026-01-22 10:00:00,466.0,466,120,0.0,1.02,87.557759,0.0,1.5200000000000213,1.5200000000000142,1.5200000000000142,1.02,466.0,466,0.0,0.0,10,87.557759,466.0,464.925,463.9,432.6833,380.4917
2026-01-22 11:00:00,466.0,466,120,0.0,1.02,86.39913,0.0,0.7600000000000213,1.5200000000000142,1.5200000000000142,1.02,466.0,466,0.0,0.0,11,86.39913,466.0,459.3,464.375,419.3417,379.7167
2026-01-22 12:00:00,466.0,466,120,0.76,2.03,89.544348,0.76,0.7600000000000213,2.2800000000000145,2.2800000000000145,2.03,466.0,466,0.0,0.0,12,89.544348,464.925,462.9333,464.2667,408.0833,379.05
2026-01-22 13:00:00,464.925,456,120,4.32,5.59,100.0,4.32,5.080000000000021,6.600000000000015,6.600000000000015,5.59,464.925,456,-1.0749999999999886,-1.0749999999999886,13,100.0,459.3,463.9,464.6429,397.3162,378.15
2026-01-22 14:00:00,459.3,455,120,5.33,7.87,100.0,5.33,10.410000000000021,11.170000000000016,11.930000000000014,7.87,459.3,455,-5.625,-6.699999999999989,14,100.0,462.9333,464.375,464.625,391.3,378.2083
2026-01-22 15:00:00,462.9333,456,120,2.54,10.41,100.0,2.54,12.190000000000023,12.950000000000015,14.470000000000015,10.41,462.9333,456,3.633299999999963,-3.0667000000000257,15,100.0,463.9,464.2667,449.0667,386.6583,392.8833
2026-01-22 16:00:00,463.9,458,120,2.29,10.41,100.0,2.29,10.160000000000021,15.240000000000016,16.760000000000016,10.41,463.9,458,0.966700000000003,-1.025000000000034,16,100.0,464.375,464.6429,432.6833,382.9583,410.4083
2026-01-22 17:00:00,464.375,464,120,0.25,10.67,100.0,0.25,5.080000000000021,15.490000000000016,17.010000000000016,10.67,464.375,464,0.47500000000002274,5.074999999999989,17,100.0,464.2667,464.625,419.3417,380.7,425.3083
2026-01-22 18:00:00,464.2667,464,120,0.25,10.67,100.0,0.25,2.7900000000000214,14.980000000000015,17.260000000000016,10.67,464.2667,464,-0.10829999999998563,1.33340000000004,18,100.0,464.6429,449.0667,408.0833,379.6167,439.125
2026-01-22 19:00:00,464.6429,464,112,0.0,10.67,99.798131,0.0,0.5000000000000213,10.660000000000014,17.260000000000016,10.67,464.6429,464,0.376199999999983,0.7429000000000201,19,99.798131,464.625,432.6833,397.3162,379.6417,451.916
2026-01-22 20:00:00,464.625,460,120,0.0,10.67,99.729565,0.0,0.2500000000000213,5.330000000000014,16.500000000000014,10.67,464.625,460,-0.017899999999997362,0.25,20,99.729565,449.0667,419.3417,391.3,381.75,461.6417
2026-01-22 21:00:00,449.0667,440,120,0.0,10.67,100.0,0.0,0.0,2.7900000000000142,15.740000000000016,10.67,449.0667,440,-15.558299999999974,-15.199999999999989,21,100.0,432.6833,408.0833,386.6583,381.375,464.775
2026-01-22 22:00:00,432.6833,426,120,0.0,10.67,100.0,0.0,0.0,0.5000000000000142,15.740000000000016,10.67,432.6833,426,-16.38340000000005,-31.959600000000023,22,100.0,419.3417,397.3162,382.9583,380.4917,463.625
2026-01-22 23:00:00,419.3417,413,120,0.0,10.67,100.0,0.0,0.0,0.2500000000000142,15.740000000000016,10.67,419.3417,413,-13.341599999999971,-45.2833,23,100.0,408.0833,391.3,380.7,379.7167,454.925
2026-01-23 00:00:00,408.0833,403,120,0.0,10.67,100.0,0.0,0.0,0.0,14.980000000000015,10.67,408.0833,403,-11.258399999999995,-40.98340000000002,0,100.0,397.3162,386.6583,379.6167,379.05,445.9167
2026-01-23 01:00:00,397.3162,229,117,0.0,10.67,100.0,0.0,0.0,0.0,10.660000000000014,10.67,397.3162,229,-10.767100000000028,-35.36709999999999,1,100.0,391.3,382.9583,379.6417,378.15,438.1008
2026-01-23 02:00:00,391.3,327,120,0.0,10.67,100.0,0.0,0.0,0.0,5.330000000000014,10.67,391.3,327,-6.016199999999969,-28.04169999999999,2,100.0,386.6583,380.7,381.75,378.2083,429.3917
2026-01-23 03:00:00,386.6583,385,120,0.0,10.67,100.0,0.0,0.0,0.0,2.7900000000000142,10.67,386.6583,385,-4.641700000000014,-21.42500000000001,3,100.0,382.9583,379.6167,381.375,392.8833,421.9417
2026-01-23 04:00:00,382.9583,381,120,0.0,10.67,100.0,0.0,0.0,0.0,0.5000000000000142,10.67,382.9583,381,-3.6999999999999886,-14.357899999999972,4,100.0,380.7,379.6417,380.4917,410.4083,423.15
2026-01-23 05:00:00,380.7,380,120,0.0,10.67,100.0,0.0,0.0,0.0,0.2500000000000142,10.67,380.7,380,-2.2583000000000197,-10.600000000000023,5,100.0,379.6167,381.75,379.7167,425.3083,446.0417
2026-01-23 06:00:00,379.6167,379,120,0.0,10.67,100.0,0.0,0.0,0.0,0.0,10.67,379.6167,379,-1.0833000000000084,-7.041600000000017,6,100.0,379.6417,381.375,379.05,439.125,460.0917
2026-01-23 07:00:00,379.6417,379,120,0.0,10.67,98.505173,0.0,0.0,0.0,0.0,10.67,379.6417,379,0.025000000000034106,-3.316599999999994,7,98.505173,381.75,380.4917,378.15,451.916,466.0
2026-01-23 08:00:00,381.75,379,120,0.0,10.67,97.022608,0.0,0.0,0.0,0.0,10.67,381.75,379,2.1082999999999856,1.0500000000000114,8,97.022608,381.375,379.7167,378.2083,461.6417,466.0
2026-01-23 09:00:00,381.375,381,120,0.0,9.65,92.994783,0.0,0.0,0.0,0.0,9.65,381.375,381,-0.375,1.7583000000000197,9,92.994783,380.4917,379.05,392.8833,464.775,466.0
2026-01-23 10:00:00,380.4917,379,120,0.0,9.65,89.365218,0.0,0.0,0.0,0.0,9.65,380.4917,379,-0.8833000000000197,0.8499999999999659,10,89.365218,379.7167,378.15,410.4083,463.625,466.0
2026-01-23 11:00:00,379.7167,379,120,0.0,9.65,85.54138,0.0,0.0,0.0,0.0,9.65,379.7167,379,-0.7749999999999773,-2.033299999999997,11,85.54138,379.05,378.2083,425.3083,454.925,466.0
2026-01-23 12:00:00,379.05,378,120,0.0,9.65,81.903509,0.0,0.0,0.0,0.0,9.65,379.05,378,-0.6666999999999916,-2.3249999999999886,12,81.903509,378.15,392.8833,439.125,445.9167,466.0
2026-01-23 13:00:00,378.15,377,120,0.0,8.89,80.485344,0.0,0.0,0.0,0.0,8.89,378.15,377,-0.9000000000000341,-2.341700000000003,13,80.485344,378.2083,410.4083,451.916,438.1008,466.0
2026-01-23 14:00:00,378.2083,377,120,1.78,5.33,87.870175,1.78,1.7800000000000213,1.7800000000000142,1.7800000000000142,5.33,378.2083,377,0.058300000000031105,-1.5083999999999946,14,87.870175,392.8833,425.3083,461.6417,429.3917,459.6167
2026-01-23 15:00:00,392.8833,382,120,1.78,4.32,95.925217,1.78,3.5600000000000214,3.5600000000000143,3.5600000000000143,4.32,392.8833,382,14.675000000000011,13.833300000000008,15,95.925217,410.4083,439.125,464.775,421.9417,455.3917
2026-01-23 16:00:00,410.4083,402,120,0.25,2.29,93.443965,0.25,3.8100000000000214,3.8100000000000143,3.8100000000000143,2.29,410.4083,402,17.524999999999977,32.25830000000002,16,93.443965,425.3083,451.916,463.625,423.15,465.6333
2026-01-23 17:00:00,425.3083,418,120,0.51,2.54,99.99913,0.51,2.5400000000000214,4.3200000000000145,4.3200000000000145,2.54,425.3083,418,14.899999999999977,47.099999999999966,17,99.99913,439.125,461.6417,454.925,446.0417,466.0
2026-01-23 18:00:00,439.125,382,120,0.25,2.29,100.0,0.25,1.0100000000000213,4.5700000000000145,4.5700000000000145,2.29,439.125,382,13.816700000000026,46.24169999999998,18,100.0,451.916,464.775,445.9167,460.0917,462.325
2026-01-23 19:00:00,451.916,447,119,0.0,2.29,100.0,0.0,0.7600000000000213,4.5700000000000145,4.5700000000000145,2.29,451.916,447,12.790999999999997,41.5077,19,100.0,461.6417,463.625,438.1008,466.0,456.5917
2026-01-23 20:00:00,461.6417,458,120,0.0,2.29,100.0,0.0,0.2500000000000213,2.7900000000000142,4.5700000000000145,2.29,461.6417,458,9.725700000000018,36.33340000000004,20,100.0,464.775,454.925,429.3917,466.0,463.7333
2026-01-23 21:00:00,464.775,463,120,0.0,2.29,100.0,0.0,0.0,1.0100000000000142,4.5700000000000145,2.29,464.775,463,3.133299999999963,25.649999999999977,21,100.0,463.625,445.9167,421.9417,466.0,458.125
2026-01-23 22:00:00,463.625,393,120,0.0,2.29,100.0,0.0,0.0,0.7600000000000142,4.5700000000000145,2.29,463.625,393,-1.1499999999999773,11.709000000000003,22,100.0,454.925,438.1008,423.15,466.0,447.5
2026-01-23 23:00:00,454.925,450,120,0.0,2.29,100.0,0.0,0.0,0.2500000000000142,4.5700000000000145,2.29,454.925,450,-8.699999999999989,-6.716700000000003,23,100.0,445.9167,429.3917,446.0417,466.0,439.2333
2026-01-24 00:00:00,445.9167,442,120,0.0,2.29,100.0,0.0,0.0,0.0,4.5700000000000145,2.29,445.9167,442,-9.00830000000002,-18.858299999999986,0,100.0,438.1008,421.9417,460.0917,466.0,431.2583
2026-01-24 01:00:00,438.1008,434,119,0.0,2.29,100.0,0.0,0.0,0.0,4.5700000000000145,2.29,438.1008,434,-7.815899999999999,-25.524200000000008,1,100.0,429.3917,423.15,466.0,466.0,423.5085
2026-01-24 02:00:00,429.3917,366,120,0.25,2.54,100.0,0.25,0.2500000000000213,0.2500000000000142,3.0400000000000142,2.54,429.3917,366,-8.709099999999978,-25.533299999999997,2,100.0,421.9417,446.0417,466.0,459.6167,414.4583
2026-01-24 03:00:00,421.9417,260,120,0.25,2.54,100.0,0.25,0.5000000000000213,0.5000000000000142,1.5100000000000142,2.54,421.9417,260,-7.449999999999989,-23.974999999999966,3,100.0,423.15,460.0917,466.0,455.3917,407.3417
2026-01-24 04:00:00,423.15,293,120,0.0,2.54,100.0,0.0,0.5000000000000213,0.5000000000000142,1.2600000000000142,2.54,423.15,293,1.2082999999999515,-14.950800000000015,4,100.0,446.0417,466.0,466.0,465.6333,417.275
2026-01-24 05:00:00,446.0417,437,120,0.0,2.54,100.0,0.0,0.2500000000000213,0.5000000000000142,0.7500000000000142,2.54,446.0417,437,22.891700000000014,16.649999999999977,5,100.0,460.0917,466.0,466.0,466.0,438.65
2026-01-24 06:00:00,460.0917,453,120,0.0,2.54,97.731897,0.0,0.0,0.5000000000000142,0.5000000000000142,2.54,460.0917,453,14.050000000000011,38.14999999999998,6,97.731897,466.0,466.0,466.0,462.325,443.7167
2026-01-24 07:00:00,466.0,466,120,0.0,2.54,91.311304,0.0,0.0,0.5000000000000142,0.5000000000000142,2.54,466.0,466,5.908299999999997,42.85000000000002,7,91.311304,466.0,466.0,466.0,456.5917,460.425
2026-01-24 08:00:00,466.0,466,120,0.0,2.54,89.434783,0.0,0.0,0.2500000000000142,0.5000000000000142,2.54,466.0,466,0.0,19.95830000000001,8,89.434783,466.0,466.0,459.6167,463.7333,466.0
2026-01-24 09:00:00,466.0,466,120,0.0,2.54,86.290517,0.0,0.0,0.0,0.5000000000000142,2.54,466.0,466,0.0,5.908299999999997,9,86.290517,466.0,466.0,455.3917,458.125,466.0
2026-01-24 10:00:00,466.0,466,120,0.0,2.54,81.373913,0.0,0.0,0.0,0.5000000000000142,2.54,466.0,466,0.0,0.0,10,81.373913,466.0,466.0,465.6333,447.5,466.0
2026-01-24 11:00:00,466.0,466,120,0.0,2.54,76.911304,0.0,0.0,0.0,0.5000000000000142,2.54,466.0,466,0.0,0.0,11,76.911304,466.0,459.6167,466.0,439.2333,466.0
2026-01-24 12:00:00,466.0,466,120,0.0,2.54,74.590517,0.0,0.0,0.0,0.5000000000000142,2.54,466.0,466,0.0,0.0,12,74.590517,466.0,455.3917,462.325,431.2583,466.0
2026-01-24 13:00:00,466.0,465,120,0.0,2.54,71.826957,0.0,0.0,0.0,0.5000000000000142,2.54,466.0,465,0.0,0.0,13,71.826957,459.6167,465.6333,456.5917,423.5085,466.0
2026-01-24 14:00:00,459.6167,455,120,0.0,2.54,72.0,0.0,0.0,0.0,0.2500000000000142,2.54,459.6167,455,-6.38330000000002,-6.38330000000002,14,72.0,455.3917,466.0,463.7333,414.4583,466.0
2026-01-24 15:00:00,455.3917,450,120,0.0,0.76,75.232174,0.0,0.0,0.0,0.0,0.76,455.3917,450,-4.224999999999966,-10.608299999999986,15,75.232174,465.6333,462.325,458.125,407.3417,466.0
2026-01-24 16:00:00,465.6333,462,120,0.0,0.76,77.002609,0.0,0.0,0.0,0.0,0.76,465.6333,462,10.241600000000005,-0.36669999999998026,16,77.002609,466.0,456.5917,447.5,417.275,466.0
2026-01-24 17:00:00,466.0,466,120,0.0,0.51,82.122414,0.0,0.0,0.0,0.0,0.51,466.0,466,0.36669999999998026,6.38330000000002,17,82.122414,462.325,463.7333,439.2333,438.65,461.2269
2026-01-24 18:00:00,462.325,456,120,0.0,0.25,87.369565,0.0,0.0,0.0,0.0,0.25,462.325,456,-3.6750000000000114,6.933299999999974,18,87.369565,456.5917,458.125,431.2583,443.7167,464.3
2026-01-24 19:00:00,456.5917,452,120,0.0,0.25,89.86087,0.0,0.0,0.0,0.0,0.25,456.5917,452,-5.733299999999986,-9.041600000000017,19,89.86087,463.7333,447.5,423.5085,460.425,465.7667
2026-01-24 20:00:00,463.7333,462,120,0.0,0.25,92.902609,0.0,0.0,0.0,0.0,0.25,463.7333,462,7.141599999999983,-2.2667000000000144,20,92.902609,458.125,439.2333,414.4583,466.0,466.0
2026-01-24 21:00:00,458.125,452,120,0.0,0.25,96.403509,0.0,0.0,0.0,0.0,0.25,458.125,452,-5.608299999999986,-4.199999999999989,21,96.403509,447.5,431.2583,407.3417,466.0,466.0
2026-01-24 22:00:00,447.5,443,120,0.0,0.25,96.384483,0.0,0.0,0.0,0.0,0.25,447.5,443,-10.625,-9.091700000000003,22,96.384483,439.2333,423.5085,417.275,466.0,466.0
2026-01-24 23:00:00,439.2333,435,120,0.0,0.25,94.132174,0.0,0.0,0.0,0.0,0.25,439.2333,435,-8.266700000000014,-24.5,23,94.132174,431.2583,414.4583,438.65,466.0,464.2917
2026-01-25 00:00:00,431.2583,427,120,0.0,0.25,97.031034,0.0,0.0,0.0,0.0,0.25,431.2583,427,-7.974999999999966,-26.86669999999998,0,97.031034,423.5085,407.3417,443.7167,466.0,463.1667
2026-01-25 01:00:00,423.5085,420,118,0.0,0.25,97.65,0.0,0.0,0.0,0.0,0.25,423.5085,420,-7.749799999999993,-23.991499999999974,1,97.65,414.4583,417.275,460.425,466.0,464.8487
2026-01-25 02:00:00,414.4583,328,120,0.0,0.25,98.661207,0.0,0.0,0.0,0.0,0.25,414.4583,328,-9.050200000000018,-24.774999999999977,2,98.661207,407.3417,438.65,466.0,466.0,464.1
2026-01-25 03:00:00,407.3417,263,120,0.0,0.0,99.490517,0.0,0.0,0.0,0.0,0.0,407.3417,263,-7.116600000000005,-23.916600000000017,3,99.490517,417.275,443.7167,466.0,466.0,460.175
2026-01-25 04:00:00,417.275,257,120,0.0,0.0,99.998261,0.0,0.0,0.0,0.0,0.0,417.275,257,9.933299999999974,-6.233500000000049,4,99.998261,438.65,460.425,466.0,466.0,464.05
2026-01-25 05:00:00,438.65,429,120,0.0,0.0,99.561207,0.0,0.0,0.0,0.0,0.0,438.65,429,21.375,24.19169999999997,5,99.561207,443.7167,466.0,466.0,461.2269,466.0
2026-01-25 06:00:00,443.7167,440,120,0.0,0.0,89.217391,0.0,0.0,0.0,0.0,0.0,443.7167,440,5.066700000000026,36.375,6,89.217391,460.425,466.0,466.0,464.3,466.0
2026-01-25 07:00:00,460.425,452,120,0.0,0.0,86.450435,0.0,0.0,0.0,0.0,0.0,460.425,452,16.70830000000001,43.150000000000034,7,86.450435,466.0,466.0,466.0,465.7667,466.0
2026-01-25 08:00:00,466.0,466,120,0.0,0.0,83.173276,0.0,0.0,0.0,0.0,0.0,466.0,466,5.574999999999989,27.350000000000023,8,83.173276,466.0,466.0,466.0,466.0,466.0
2026-01-25 09:00:00,466.0,466,120,0.0,0.0,81.733913,0.0,0.0,0.0,0.0,0.0,466.0,466,0.0,22.283299999999997,9,81.733913,466.0,466.0,466.0,466.0,466.0
2026-01-25 10:00:00,466.0,466,120,0.0,0.0,79.661207,0.0,0.0,0.0,0.0,0.0,466.0,466,0.0,5.574999999999989,10,79.661207,466.0,466.0,466.0,466.0,466.0
2026-01-25 11:00:00,466.0,466,120,0.0,0.0,76.99138,0.0,0.0,0.0,0.0,0.0,466.0,466,0.0,0.0,11,76.99138,466.0,466.0,461.2269,464.2917,466.0
2026-01-25 12:00:00,466.0,466,120,0.0,0.0,73.686087,0.0,0.0,0.0,0.0,0.0,466.0,466,0.0,0.0,12,73.686087,466.0,466.0,464.3,463.1667,466.0
2026-01-25 13:00:00,466.0,466,120,0.0,0.0,81.440517,0.0,0.0,0.0,0.0,0.0,466.0,466,0.0,0.0,13,81.440517,466.0,466.0,465.7667,464.8487,466.0
2026-01-25 14:00:00,466.0,466,120,2.03,2.03,94.953044,2.03,2.030000000000021,2.030000000000014,2.030000000000014,2.03,466.0,466,0.0,0.0,14,94.953044,466.0,461.2269,466.0,464.1,466.0
2026-01-25 15:00:00,466.0,465,120,2.03,2.03,92.875652,2.03,4.060000000000021,4.060000000000014,4.060000000000014,2.03,466.0,465,0.0,0.0,15,92.875652,466.0,464.3,466.0,460.175,466.0
2026-01-25 16:00:00,466.0,465,120,0.0,2.03,90.855173,0.0,4.060000000000021,4.060000000000014,4.060000000000014,2.03,466.0,465,0.0,0.0,16,90.855173,461.2269,465.7667,466.0,464.05,466.0
2026-01-25 17:00:00,461.2269,458,119,0.0,2.03,93.990435,0.0,2.030000000000021,4.060000000000014,4.060000000000014,2.03,461.2269,458,-4.7730999999999995,-4.7730999999999995,17,93.990435,464.3,466.0,464.2917,466.0,466.0
2026-01-25 18:00:00,464.3,462,120,0.0,2.03,95.162069,0.0,0.0,4.060000000000014,4.060000000000014,2.03,464.3,462,3.073100000000011,-1.6999999999999886,18,95.162069,465.7667,466.0,463.1667,466.0,466.0
2026-01-25 19:00:00,465.7667,465,120,0.0,2.03,95.893043,0.0,0.0,4.060000000000014,4.060000000000014,2.03,465.7667,465,1.466700000000003,-0.23329999999998563,19,95.893043,466.0,466.0,464.8487,466.0,466.0
2026-01-25 20:00:00,466.0,466,119,0.0,2.03,96.437168,0.0,0.0,2.030000000000014,4.060000000000014,2.03,466.0,466,0.23329999999998563,4.7730999999999995,20,96.437168,466.0,464.2917,464.1,466.0,465.8167
2026-01-25 21:00:00,466.0,466,120,0.0,2.03,98.082609,0.0,0.0,0.0,4.060000000000014,2.03,466.0,466,0.0,1.6999999999999886,21,98.082609,466.0,463.1667,460.175,466.0,465.9417
2026-01-25 22:00:00,466.0,466,120,0.0,2.03,96.017391,0.0,0.0,0.0,4.060000000000014,2.03,466.0,466,0.0,0.23329999999998563,22,96.017391,464.2917,464.8487,464.05,466.0,464.9333
2026-01-25 23:00:00,464.2917,304,120,0.0,2.03,93.967241,0.0,0.0,0.0,4.060000000000014,2.03,464.2917,304,-1.7083000000000084,-1.7083000000000084,23,93.967241,463.1667,464.1,466.0,466.0,457.1333
2026-01-26 00:00:00,463.1667,272,120,0.0,2.03,94.716379,0.0,0.0,0.0,4.060000000000014,2.03,463.1667,272,-1.125,-2.8333000000000084,0,94.716379,464.8487,460.175,466.0,466.0,450.0833
2026-01-26 01:00:00,464.8487,384,119,0.0,2.03,95.929824,0.0,0.0,0.0,4.060000000000014,2.03,464.8487,384,1.6820000000000164,-1.151299999999992,1,95.929824,464.1,464.05,466.0,466.0,443.7059
2026-01-26 02:00:00,464.1,328,120,0.0,2.03,97.905173,0.0,0.0,0.0,2.030000000000014,2.03,464.1,328,-0.7486999999999853,-0.1916999999999689,2,97.905173,460.175,466.0,466.0,466.0,437.9917
2026-01-26 03:00:00,460.175,241,120,0.0,2.03,99.64174,0.0,0.0,0.0,0.0,2.03,460.175,241,-3.9250000000000114,-2.9916999999999803,3,99.64174,464.05,466.0,466.0,466.0,431.1681
2026-01-26 04:00:00,464.05,328,120,0.0,2.03,100.0,0.0,0.0,0.0,0.0,2.03,464.05,328,3.875,-0.7986999999999966,4,100.0,466.0,466.0,466.0,466.0,444.3583
2026-01-26 05:00:00,466.0,466,120,0.0,2.03,100.0,0.0,0.0,0.0,0.0,2.03,466.0,466,1.9499999999999886,1.8999999999999773,5,100.0,466.0,466.0,466.0,466.0,462.725
2026-01-26 06:00:00,466.0,466,120,0.0,2.03,98.773684,0.0,0.0,0.0,0.0,2.03,466.0,466,0.0,5.824999999999989,6,98.773684,466.0,466.0,466.0,466.0,465.575
2026-01-26 07:00:00,466.0,466,120,0.0,2.03,90.773276,0.0,0.0,0.0,0.0,2.03,466.0,466,0.0,1.9499999999999886,7,90.773276,466.0,466.0,466.0,466.0,466.0
2026-01-26 08:00:00,466.0,466,120,0.0,2.03,85.857017,0.0,0.0,0.0,0.0,2.03,466.0,466,0.0,0.0,8,85.857017,466.0,466.0,466.0,465.8167,466.0
2026-01-26 09:00:00,466.0,466,120,0.0,2.03,83.232174,0.0,0.0,0.0,0.0,2.03,466.0,466,0.0,0.0,9,83.232174,466.0,466.0,466.0,465.9417,466.0
2026-01-26 10:00:00,466.0,466,120,0.0,2.03,80.983478,0.0,0.0,0.0,0.0,2.03,466.0,466,0.0,0.0,10,80.983478,466.0,466.0,466.0,464.9333,466.0
2026-01-26 11:00:00,466.0,466,119,0.0,2.03,76.62,0.0,0.0,0.0,0.0,2.03,466.0,466,0.0,0.0,11,76.62,466.0,466.0,466.0,457.1333,466.0
2026-01-26 12:00:00,466.0,466,121,0.0,2.03,76.33362,0.0,0.0,0.0,0.0,2.03,466.0,466,0.0,0.0,12,76.33362,466.0,466.0,466.0,450.0833,466.0
2026-01-26 13:00:00,466.0,466,120,0.0,2.03,80.161739,0.0,0.0,0.0,0.0,2.03,466.0,466,0.0,0.0,13,80.161739,466.0,466.0,466.0,443.7059,466.0
2026-01-26 14:00:00,466.0,466,112,0.0,2.03,85.53578,0.0,0.0,0.0,0.0,2.03,466.0,466,0.0,0.0,14,85.53578,466.0,466.0,465.8167,437.9917,466.0
2026-01-26 15:00:00,466.0,466,121,0.0,0.0,85.295652,0.0,0.0,0.0,0.0,0.0,466.0,466,0.0,0.0,15,85.295652,466.0,466.0,465.9417,431.1681,466.0
2026-01-26 16:00:00,466.0,466,119,0.0,0.0,92.693913,0.0,0.0,0.0,0.0,0.0,466.0,466,0.0,0.0,16,92.693913,466.0,466.0,464.9333,444.3583,466.0
2026-01-26 17:00:00,466.0,466,120,0.0,0.0,88.312069,0.0,0.0,0.0,0.0,0.0,466.0,466,0.0,0.0,17,88.312069,466.0,465.8167,457.1333,462.725,465.2583
2026-01-26 18:00:00,466.0,466,120,0.0,0.0,87.077391,0.0,0.0,0.0,0.0,0.0,466.0,466,0.0,0.0,18,87.077391,466.0,465.9417,450.0833,465.575,459.8
2026-01-26 19:00:00,466.0,466,120,0.0,0.0,88.225217,0.0,0.0,0.0,0.0,0.0,466.0,466,0.0,0.0,19,88.225217,465.8167,464.9333,443.7059,466.0,464.395
2026-01-26 20:00:00,465.8167,465,120,0.0,0.0,90.604386,0.0,0.0,0.0,0.0,0.0,465.8167,465,-0.18329999999997426,-0.18329999999997426,20,90.604386,465.9417,457.1333,437.9917,466.0,465.65
2026-01-26 21:00:00,465.9417,465,120,0.0,0.0,94.073044,0.0,0.0,0.0,0.0,0.0,465.9417,465,0.125,-0.05829999999997426,21,94.073044,464.9333,450.0833,431.1681,466.0,465.9917
2026-01-26 22:00:00,464.9333,462,120,0.0,0.0,96.176724,0.0,0.0,0.0,0.0,0.0,464.9333,462,-1.0084000000000515,-1.0667000000000257,22,96.176724,457.1333,443.7059,444.3583,466.0,464.8083
2026-01-26 23:00:00,457.1333,453,120,0.0,0.0,95.561739,0.0,0.0,0.0,0.0,0.0,457.1333,453,-7.7999999999999545,-8.683400000000006,23,95.561739,450.0833,437.9917,462.725,466.0,452.925
2026-01-27 00:00:00,450.0833,447,120,0.0,0.0,96.358261,0.0,0.0,0.0,0.0,0.0,450.0833,447,-7.050000000000011,-15.858400000000017,0,96.358261,443.7059,431.1681,465.575,466.0,442.3333
2026-01-27 01:00:00,443.7059,440,119,0.0,0.0,98.475,0.0,0.0,0.0,0.0,0.0,443.7059,440,-6.377400000000023,-21.22739999999999,1,98.475,437.9917,444.3583,466.0,466.0,433.125
2026-01-27 02:00:00,437.9917,422,120,0.0,0.0,99.572174,0.0,0.0,0.0,0.0,0.0,437.9917,422,-5.714200000000005,-19.14160000000004,2,99.572174,431.1681,462.725,466.0,466.0,423.9083
2026-01-27 03:00:00,431.1681,313,119,0.0,0.0,99.923009,0.0,0.0,0.0,0.0,0.0,431.1681,313,-6.823599999999999,-18.915200000000027,3,99.923009,444.3583,465.575,466.0,466.0,416.9412
2026-01-27 04:00:00,444.3583,228,120,0.0,0.0,99.805217,0.0,0.0,0.0,0.0,0.0,444.3583,228,13.190200000000004,0.6524000000000001,4,99.805217,462.725,466.0,466.0,466.0,409.175
2026-01-27 05:00:00,462.725,459,120,0.0,0.0,99.996491,0.0,0.0,0.0,0.0,0.0,462.725,459,18.366700000000037,24.733300000000042,5,99.996491,465.575,466.0,466.0,465.2583,418.9167
2026-01-27 06:00:00,465.575,464,120,0.0,0.0,100.0,0.0,0.0,0.0,0.0,0.0,465.575,464,2.849999999999966,34.40690000000001,6,100.0,466.0,466.0,466.0,459.8,440.8917
2026-01-27 07:00:00,466.0,466,120,0.0,0.0,99.507826,0.0,0.0,0.0,0.0,0.0,466.0,466,0.42500000000001137,21.641700000000014,7,99.507826,466.0,466.0,466.0,464.395,445.7333
2026-01-27 08:00:00,466.0,466,120,0.0,0.0,95.541739,0.0,0.0,0.0,0.0,0.0,466.0,466,0.0,3.2749999999999773,8,95.541739,466.0,466.0,466.0,465.65,461.7083
2026-01-27 09:00:00,466.0,466,120,0.25,0.25,95.218103,0.25,0.2500000000000213,0.2500000000000142,0.2500000000000142,0.25,466.0,466,0.0,0.42500000000001137,9,95.218103,466.0,466.0,466.0,465.9917,466.0
2026-01-27 10:00:00,466.0,466,120,1.27,1.27,100.0,1.27,1.5200000000000213,1.5200000000000142,1.5200000000000142,1.27,466.0,466,0.0,0.0,10,100.0,466.0,466.0,466.0,464.8083,466.0
2026-01-27 11:00:00,466.0,466,120,1.02,1.27,100.0,1.02,2.5400000000000214,2.5400000000000142,2.5400000000000142,1.27,466.0,466,0.0,0.0,11,100.0,466.0,466.0,465.2583,452.925,466.0
2026-01-27 12:00:00,466.0,466,120,0.0,1.27,99.981739,0.0,2.2900000000000214,2.5400000000000142,2.5400000000000142,1.27,466.0,466,0.0,0.0,12,99.981739,466.0,466.0,459.8,442.3333,466.0
2026-01-27 13:00:00,466.0,466,120,0.25,1.78,100.0,0.25,1.2700000000000213,2.7900000000000142,2.7900000000000142,1.78,466.0,466,0.0,0.0,13,100.0,466.0,466.0,464.395,433.125,466.0
2026-01-27 14:00:00,466.0,466,120,2.54,4.32,100.0,2.54,2.7900000000000214,5.330000000000014,5.330000000000014,4.32,466.0,466,0.0,0.0,14,100.0,466.0,465.2583,465.65,423.9083,466.0
2026-01-27 15:00:00,466.0,466,120,3.05,5.84,100.0,3.05,5.840000000000021,8.130000000000013,8.380000000000013,5.84,466.0,466,0.0,0.0,15,100.0,466.0,459.8,465.9917,416.9412,466.0
2026-01-27 16:00:00,466.0,466,120,1.27,6.1,100.0,1.27,6.860000000000021,8.130000000000015,9.650000000000015,6.1,466.0,466,0.0,0.0,16,100.0,465.2583,464.395,464.8083,409.175,466.0
2026-01-27 17:00:00,465.2583,461,120,0.25,6.1,100.0,0.25,4.570000000000022,7.360000000000014,9.900000000000015,6.1,465.2583,461,-0.7416999999999803,-0.7416999999999803,17,100.0,459.8,465.65,452.925,418.9167,466.0
2026-01-27 18:00:00,459.8,455,120,0.0,6.1,100.0,0.0,1.5200000000000213,7.360000000000014,9.900000000000015,6.1,459.8,455,-5.458300000000008,-6.199999999999989,18,100.0,464.395,465.9917,442.3333,440.8917,465.3333
2026-01-27 19:00:00,464.395,463,119,0.0,6.1,100.0,0.0,0.2500000000000213,7.110000000000014,9.900000000000015,6.1,464.395,463,4.59499999999997,-1.6050000000000182,19,100.0,465.65,464.8083,433.125,445.7333,466.0
2026-01-27 20:00:00,465.65,465,120,0.0,6.1,100.0,0.0,0.0,4.5700000000000145,9.900000000000015,6.1,465.65,465,1.2549999999999955,0.3916999999999575,20,100.0,465.9917,452.925,423.9083,461.7083,465.1176
2026-01-27 21:00:00,465.9917,465,120,0.0,6.1,100.0,0.0,0.0,1.5200000000000142,9.650000000000015,6.1,465.9917,465,0.341700000000003,6.191699999999969,21,100.0,464.8083,442.3333,416.9412,466.0,465.0
2026-01-27 22:00:00,464.8083,460,120,0.0,6.1,100.0,0.0,0.0,0.2500000000000142,8.380000000000015,6.1,464.8083,460,-1.183400000000006,0.41329999999999245,22,100.0,452.925,433.125,409.175,466.0,464.5
2026-01-27 23:00:00,452.925,447,120,0.0,6.1,100.0,0.0,0.0,0.0,7.360000000000014,6.1,452.925,447,-11.883299999999963,-12.724999999999966,23,100.0,442.3333,423.9083,418.9167,466.0,456.9167
2026-01-28 00:00:00,442.3333,438,120,0.0,6.1,100.0,0.0,0.0,0.0,7.360000000000014,6.1,442.3333,438,-10.591700000000003,-23.658399999999972,0,100.0,433.125,416.9412,440.8917,466.0,449.0583
2026-01-28 01:00:00,433.125,429,120,0.0,6.1,100.0,0.0,0.0,0.0,7.110000000000014,6.1,433.125,429,-9.208300000000008,-31.683299999999974,1,100.0,423.9083,409.175,445.7333,466.0,440.8917
2026-01-28 02:00:00,423.9083,326,120,0.0,6.1,100.0,0.0,0.0,0.0,4.5700000000000145,6.1,423.9083,326,-9.216700000000003,-29.016700000000014,2,100.0,416.9412,418.9167,461.7083,466.0,435.4917
2026-01-28 03:00:00,416.9412,339,119,0.0,6.1,100.0,0.0,0.0,0.0,1.5200000000000142,6.1,416.9412,339,-6.967100000000016,-25.392100000000028,3,100.0,409.175,440.8917,466.0,466.0,426.9076
2026-01-28 04:00:00,409.175,353,120,0.0,6.1,100.0,0.0,0.0,0.0,0.2500000000000142,6.1,409.175,353,-7.766199999999969,-23.94999999999999,4,100.0,418.9167,445.7333,466.0,466.0,441.0167
2026-01-28 05:00:00,418.9167,408,120,0.0,6.1,100.0,0.0,0.0,0.0,0.0,6.1,418.9167,408,9.74169999999998,-4.991600000000005,5,100.0,440.8917,461.7083,466.0,466.0,459.7333
2026-01-28 06:00:00,440.8917,430,120,0.0,6.1,96.67069,0.0,0.0,0.0,0.0,6.1,440.8917,430,21.975000000000023,23.950500000000034,6,96.67069,445.7333,466.0,466.0,465.3333,463.5417
2026-01-28 07:00:00,445.7333,441,120,0.0,6.1,92.412174,0.0,0.0,0.0,0.0,6.1,445.7333,441,4.841599999999971,36.558299999999974,7,92.412174,461.7083,466.0,466.0,466.0,457.925
2026-01-28 08:00:00,461.7083,453,120,0.0,6.1,89.999999,0.0,0.0,0.0,0.0,6.1,461.7083,453,15.975000000000023,42.79160000000002,8,89.999999,466.0,466.0,466.0,465.1176,465.45
2026-01-28 09:00:00,466.0,466,120,0.0,6.1,88.956522,0.0,0.0,0.0,0.0,6.1,466.0,466,4.291699999999992,25.108299999999986,9,88.956522,466.0,466.0,466.0,465.0,466.0
2026-01-28 10:00:00,466.0,466,120,0.0,5.84,85.430702,0.0,0.0,0.0,0.0,5.84,466.0,466,0.0,20.266700000000014,10,85.430702,466.0,466.0,466.0,464.5,466.0
2026-01-28 11:00:00,466.0,466,120,0.0,4.57,81.691228,0.0,0.0,0.0,0.0,4.57,466.0,466,0.0,4.291699999999992,11,81.691228,466.0,466.0,466.0,456.9167,466.0
2026-01-28 12:00:00,466.0,466,120,0.0,4.57,76.668103,0.0,0.0,0.0,0.0,4.57,466.0,466,0.0,0.0,12,76.668103,466.0,466.0,465.3333,449.0583,466.0
2026-01-28 13:00:00,466.0,466,120,0.0,4.57,80.214783,0.0,0.0,0.0,0.0,4.57,466.0,466,0.0,0.0,13,80.214783,466.0,466.0,466.0,440.8917,466.0
2026-01-28 14:00:00,466.0,466,120,0.25,4.06,88.64569,0.25,0.2500000000000213,0.2500000000000142,0.2500000000000142,4.06,466.0,466,0.0,0.0,14,88.64569,466.0,466.0,465.1176,435.4917,466.0
2026-01-28 15:00:00,466.0,466,120,0.25,1.78,89.276316,0.25,0.5000000000000213,0.5000000000000142,0.5000000000000142,1.78,466.0,466,0.0,0.0,15,89.276316,466.0,465.3333,465.0,426.9076,460.4083
2026-01-28 16:00:00,466.0,466,120,0.0,0.51,86.078448,0.0,0.5000000000000213,0.5000000000000142,0.5000000000000142,0.51,466.0,466,0.0,0.0,16,86.078448,466.0,466.0,464.5,441.0167,453.1345
2026-01-28 17:00:00,466.0,466,120,0.0,0.25,83.259131,0.0,0.2500000000000213,0.5000000000000142,0.5000000000000142,0.25,466.0,466,0.0,0.0,17,83.259131,465.3333,465.1176,456.9167,459.7333,443.9417
2026-01-28 18:00:00,465.3333,373,120,0.0,0.25,87.555264,0.0,0.0,0.5000000000000142,0.5000000000000142,0.25,465.3333,373,-0.6666999999999916,-0.6666999999999916,18,87.555264,466.0,465.0,449.0583,463.5417,440.5167
2026-01-28 19:00:00,466.0,465,120,0.0,0.25,98.669026,0.0,0.0,0.5000000000000142,0.5000000000000142,0.25,466.0,465,0.6666999999999916,0.0,19,98.669026,465.1176,464.5,440.8917,457.925,457.1917
2026-01-28 20:00:00,465.1176,465,119,0.0,0.25,100.0,0.0,0.0,0.2500000000000142,0.5000000000000142,0.25,465.1176,465,-0.8824000000000183,-0.8824000000000183,20,100.0,465.0,456.9167,435.4917,465.45,464.3333
2026-01-28 21:00:00,465.0,465,120,0.0,0.25,100.0,0.0,0.0,0.0,0.5000000000000142,0.25,465.0,465,-0.11759999999998172,-0.33330000000000837,21,100.0,464.5,449.0583,426.9076,466.0,465.9916
2026-01-28 22:00:00,464.5,462,120,0.0,0.25,100.0,0.0,0.0,0.0,0.5000000000000142,0.25,464.5,462,-0.5,-1.5,22,100.0,456.9167,440.8917,441.0167,466.0,465.0
2026-01-28 23:00:00,456.9167,452,120,0.0,0.25,99.998261,0.0,0.0,0.0,0.5000000000000142,0.25,456.9167,452,-7.583300000000008,-8.20089999999999,23,99.998261,449.0583,435.4917,459.7333,466.0,455.8333
2026-01-29 00:00:00,449.0583,446,120,0.0,0.25,99.991304,0.0,0.0,0.0,0.5000000000000142,0.25,449.0583,446,-7.858400000000017,-15.941700000000026,0,99.991304,440.8917,426.9076,463.5417,466.0,448.0083
2026-01-29 01:00:00,440.8917,328,120,0.0,0.25,100.0,0.0,0.0,0.0,0.5000000000000142,0.25,440.8917,328,-8.16659999999996,-23.608299999999986,1,100.0,435.4917,441.0167,457.925,466.0,441.1667
2026-01-29 02:00:00,435.4917,433,120,0.0,0.25,100.0,0.0,0.0,0.0,0.2500000000000142,0.25,435.4917,433,-5.400000000000034,-21.42500000000001,2,100.0,426.9076,459.7333,465.45,466.0,434.7417
2026-01-29 03:00:00,426.9076,268,119,0.0,0.25,100.0,0.0,0.0,0.0,0.0,0.25,426.9076,268,-8.584099999999978,-22.150699999999972,3,100.0,441.0167,463.5417,466.0,460.4083,428.8898
2026-01-29 04:00:00,441.0167,429,120,0.0,0.25,100.0,0.0,0.0,0.0,0.0,0.25,441.0167,429,14.109100000000012,0.125,4,100.0,459.7333,457.925,466.0,453.1345,424.325
2026-01-29 05:00:00,459.7333,452,120,0.0,0.25,100.0,0.0,0.0,0.0,0.0,0.25,459.7333,452,18.71659999999997,24.241600000000005,5,100.0,463.5417,465.45,466.0,443.9417,440.325
2026-01-29 06:00:00,463.5417,460,120,0.0,0.25,99.657895,0.0,0.0,0.0,0.0,0.25,463.5417,460,3.808400000000006,36.63409999999999,6,99.657895,457.925,466.0,466.0,440.5167,448.7167
2026-01-29 07:00:00,457.925,455,120,0.0,0.25,94.325,0.0,0.0,0.0,0.0,0.25,457.925,455,-5.61669999999998,16.908299999999997,7,94.325,465.45,466.0,466.0,457.1917,465.8917
2026-01-29 08:00:00,465.45,461,120,0.0,0.25,87.607018,0.0,0.0,0.0,0.0,0.25,465.45,461,7.524999999999977,5.716700000000003,8,87.607018,466.0,466.0,466.0,464.3333,466.0
2026-01-29 09:00:00,466.0,466,120,0.0,0.25,82.874138,0.0,0.0,0.0,0.0,0.25,466.0,466,0.5500000000000114,2.4583000000000084,9,82.874138,466.0,466.0,460.4083,465.9916,466.0
2026-01-29 10:00:00,466.0,466,120,0.0,0.25,78.990435,0.0,0.0,0.0,0.0,0.25,466.0,466,0.0,8.074999999999989,10,78.990435,466.0,466.0,453.1345,465.0,466.0
2026-01-29 11:00:00,466.0,466,120,0.0,0.25,75.854782,0.0,0.0,0.0,0.0,0.25,466.0,466,0.0,0.5500000000000114,11,75.854782,466.0,466.0,443.9417,455.8333,466.0
2026-01-29 12:00:00,466.0,466,120,0.0,0.25,72.415652,0.0,0.0,0.0,0.0,0.25,466.0,466,0.0,0.0,12,72.415652,466.0,460.4083,440.5167,448.0083,466.0
2026-01-29 13:00:00,466.0,466,119,0.0,0.25,67.463716,0.0,0.0,0.0,0.0,0.25,466.0,466,0.0,0.0,13,67.463716,466.0,453.1345,457.1917,441.1667,464.4917
2026-01-29 14:00:00,466.0,465,120,0.0,0.25,68.19913,0.0,0.0,0.0,0.0,0.25,466.0,465,0.0,0.0,14,68.19913,460.4083,443.9417,464.3333,434.7417,464.625
2026-01-29 15:00:00,460.4083,456,120,0.0,0.0,71.965218,0.0,0.0,0.0,0.0,0.0,460.4083,456,-5.591700000000003,-5.591700000000003,15,71.965218,453.1345,440.5167,465.9916,428.8898,466.0
2026-01-29 16:00:00,453.1345,449,119,0.0,0.0,74.416072,0.0,0.0,0.0,0.0,0.0,453.1345,449,-7.273799999999994,-12.865499999999997,16,74.416072,443.9417,457.1917,465.0,424.325,466.0
2026-01-29 17:00:00,443.9417,440,120,0.0,0.0,84.268965,0.0,0.0,0.0,0.0,0.0,443.9417,440,-9.192799999999977,-22.058299999999974,17,84.268965,440.5167,464.3333,455.8333,440.325,462.95
2026-01-29 18:00:00,440.5167,437,120,0.0,0.0,88.433333,0.0,0.0,0.0,0.0,0.0,440.5167,437,-3.4250000000000114,-19.891599999999983,18,88.433333,457.1917,465.9916,448.0083,448.7167,453.3697
2026-01-29 19:00:00,457.1917,449,120,0.0,0.0,91.137168,0.0,0.0,0.0,0.0,0.0,457.1917,449,16.67500000000001,4.057200000000023,19,91.137168,464.3333,465.0,441.1667,465.8917,455.7
2026-01-29 20:00:00,464.3333,463,120,0.0,0.0,93.554867,0.0,0.0,0.0,0.0,0.0,464.3333,463,7.141599999999983,20.391599999999983,20,93.554867,465.9916,455.8333,434.7417,466.0,464.1417
2026-01-29 21:00:00,465.9916,465,119,0.0,0.0,95.720175,0.0,0.0,0.0,0.0,0.0,465.9916,465,1.658299999999997,25.47489999999999,21,95.720175,465.0,448.0083,428.8898,466.0,459.55
2026-01-29 22:00:00,465.0,461,120,0.0,0.0,97.332759,0.0,0.0,0.0,0.0,0.0,465.0,461,-0.9916000000000054,7.808299999999974,22,97.332759,455.8333,441.1667,424.325,466.0,451.1
2026-01-29 23:00:00,455.8333,451,120,0.0,0.0,99.537391,0.0,0.0,0.0,0.0,0.0,455.8333,451,-9.166699999999992,-8.5,23,99.537391,448.0083,434.7417,440.325,466.0,444.1833
2026-01-30 00:00:00,448.0083,444,120,0.0,0.0,99.992105,0.0,0.0,0.0,0.0,0.0,448.0083,444,-7.824999999999989,-17.983299999999986,0,99.992105,441.1667,428.8898,448.7167,466.0,437.6667
2026-01-30 01:00:00,441.1667,438,120,0.0,0.0,99.586207,0.0,0.0,0.0,0.0,0.0,441.1667,438,-6.841600000000028,-23.83330000000001,1,99.586207,434.7417,424.325,465.8917,464.4917,431.5917
2026-01-30 02:00:00,434.7417,424,120,0.0,0.0,100.0,0.0,0.0,0.0,0.0,0.0,434.7417,424,-6.425000000000011,-21.091600000000028,2,100.0,428.8898,440.325,466.0,464.625,425.725
2026-01-30 03:00:00,428.8898,426,118,0.0,0.0,100.0,0.0,0.0,0.0,0.0,0.0,428.8898,426,-5.8519000000000005,-19.11850000000004,3,100.0,424.325,448.7167,466.0,466.0,419.9076
2026-01-30 04:00:00,424.325,386,120,0.0,0.0,100.0,0.0,0.0,0.0,0.0,0.0,424.325,386,-4.564799999999991,-16.841700000000003,4,100.0,440.325,465.8917,466.0,466.0,415.3583
2026-01-30 05:00:00,440.325,430,120,0.0,0.0,99.838261,0.0,0.0,0.0,0.0,0.0,440.325,430,16.0,5.583300000000008,5,99.838261,448.7167,466.0,466.0,462.95,410.725
2026-01-30 06:00:00,448.7167,435,120,0.0,0.0,89.733913,0.0,0.0,0.0,0.0,0.0,448.7167,435,8.391700000000014,19.826900000000023,6,89.733913,465.8917,466.0,466.0,453.3697,409.7083
2026-01-30 07:00:00,465.8917,461,120,0.0,0.0,84.209649,0.0,0.0,0.0,0.0,0.0,465.8917,461,17.17500000000001,41.566700000000026,7,84.209649,466.0,466.0,464.4917,455.7,429.7917
2026-01-30 08:00:00,466.0,466,120,0.0,0.0,80.710435,0.0,0.0,0.0,0.0,0.0,466.0,466,0.10829999999998563,25.67500000000001,8,80.710435,466.0,466.0,464.625,464.1417,451.7667
2026-01-30 09:00:00,466.0,466,120,0.0,0.0,79.188793,0.0,0.0,0.0,0.0,0.0,466.0,466,0.0,17.283299999999997,9,79.188793,466.0,466.0,466.0,459.55,463.2167
2026-01-30 10:00:00,466.0,466,101,0.0,0.0,77.78938,0.0,0.0,0.0,0.0,0.0,466.0,466,0.0,0.10829999999998563,10,77.78938,466.0,464.4917,466.0,451.1,454.2185
2026-01-30 11:00:00,466.0,466,139,0.0,0.0,78.17913,0.0,0.0,0.0,0.0,0.0,466.0,466,0.0,0.0,11,78.17913,466.0,464.625,462.95,444.1833,446.4917
2026-01-30 12:00:00,466.0,466,120,0.0,0.0,76.329565,0.0,0.0,0.0,0.0,0.0,466.0,466,0.0,0.0,12,76.329565,464.4917,466.0,453.3697,437.6667,439.9417
2026-01-30 13:00:00,464.4917,460,120,0.0,0.0,73.153913,0.0,0.0,0.0,0.0,0.0,464.4917,460,-1.5083000000000197,-1.5083000000000197,13,73.153913,464.625,466.0,455.7,431.5917,433.65
2026-01-30 14:00:00,464.625,462,120,0.0,0.0,85.887826,0.0,0.0,0.0,0.0,0.0,464.625,462,0.13330000000001974,-1.375,14,85.887826,466.0,462.95,464.1417,425.725,426.9917
2026-01-30 15:00:00,466.0,465,120,0.51,0.51,81.345217,0.51,0.5100000000000213,0.5100000000000142,0.5100000000000142,0.51,466.0,465,1.375,0.0,15,81.345217,466.0,453.3697,459.55,419.9076,420.525
2026-01-30 16:00:00,466.0,466,120,1.02,1.02,82.21826,1.02,1.5300000000000213,1.5300000000000142,1.5300000000000142,1.02,466.0,466,0.0,1.5083000000000197,16,82.21826,462.95,455.7,451.1,415.3583,414.475
2026-01-30 17:00:00,462.95,457,120,0.51,1.02,84.688696,0.51,2.0400000000000214,2.0400000000000142,2.0400000000000142,1.02,462.95,457,-3.0500000000000114,-1.6750000000000114,17,84.688696,453.3697,464.1417,444.1833,410.725,426.5333
2026-01-30 18:00:00,453.3697,401,119,0.0,1.02,88.302632,0.0,1.5300000000000213,2.0400000000000142,2.0400000000000142,1.02,453.3697,401,-9.580299999999966,-12.630299999999977,18,88.302632,455.7,459.55,437.6667,409.7083,429.075
2026-01-30 19:00:00,455.7,449,120,0.0,1.02,90.055357,0.0,0.5100000000000213,2.0400000000000142,2.0400000000000142,1.02,455.7,449,2.3302999999999656,-10.300000000000011,19,90.055357,464.1417,451.1,431.5917,429.7917,441.4083
2026-01-30 20:00:00,464.1417,462,120,0.0,1.02,90.670536,0.0,0.0,2.0400000000000142,2.0400000000000142,1.02,464.1417,462,8.441700000000026,1.1917000000000257,20,90.670536,459.55,444.1833,425.725,451.7667,458.6333
2026-01-30 21:00:00,459.55,455,120,0.0,1.02,92.428071,0.0,0.0,1.5300000000000142,2.0400000000000142,1.02,459.55,455,-4.591700000000003,6.180299999999988,21,92.428071,451.1,437.6667,419.9076,463.2167,463.7395
2026-01-30 22:00:00,451.1,447,120,0.0,1.02,91.122609,0.0,0.0,0.5100000000000142,2.0400000000000142,1.02,451.1,447,-8.449999999999989,-4.599999999999966,22,91.122609,444.1833,431.5917,415.3583,454.2185,465.175
2026-01-30 23:00:00,444.1833,441,120,0.0,1.02,91.161739,0.0,0.0,0.0,2.0400000000000142,1.02,444.1833,441,-6.9167000000000485,-19.95840000000004,23,91.161739,437.6667,425.725,410.725,446.4917,466.0
2026-01-31 00:00:00,437.6667,435,120,0.0,1.02,93.342609,0.0,0.0,0.0,2.0400000000000142,1.02,437.6667,435,-6.516599999999983,-21.88330000000002,0,93.342609,431.5917,419.9076,409.7083,439.9417,463.1333
2026-01-31 01:00:00,431.5917,421,120,0.0,1.02,98.747826,0.0,0.0,0.0,2.0400000000000142,1.02,431.5917,421,-6.074999999999989,-19.50830000000002,1,98.747826,425.725,415.3583,429.7917,433.65,465.3333
2026-01-31 02:00:00,425.725,423,120,0.0,1.02,98.319131,0.0,0.0,0.0,2.0400000000000142,1.02,425.725,423,-5.86669999999998,-18.45829999999995,2,98.319131,419.9076,410.725,451.7667,426.9917,462.0167
2026-01-31 03:00:00,419.9076,352,119,0.0,1.02,97.02193,0.0,0.0,0.0,1.5300000000000142,1.02,419.9076,352,-5.8174000000000206,-17.75909999999999,3,97.02193,415.3583,409.7083,463.2167,420.525,462.1186
2026-01-31 04:00:00,415.3583,413,120,0.0,1.02,99.630435,0.0,0.0,0.0,0.5100000000000142,1.02,415.3583,413,-4.5493000000000166,-16.233400000000017,4,99.630435,410.725,429.7917,454.2185,414.475,452.6833
2026-01-31 05:00:00,410.725,408,120,0.0,1.02,99.998261,0.0,0.0,0.0,0.0,1.02,410.725,408,-4.633299999999963,-15.0,5,99.998261,409.7083,451.7667,446.4917,426.5333,445.7083
2026-01-31 06:00:00,409.7083,407,120,0.0,1.02,96.858261,0.0,0.0,0.0,0.0,1.02,409.7083,407,-1.0167000000000144,-10.199299999999994,6,96.858261,429.7917,463.2167,439.9417,429.075,440.0417
2026-01-31 07:00:00,429.7917,417,120,0.0,1.02,85.344348,0.0,0.0,0.0,0.0,1.02,429.7917,417,20.083399999999983,14.433400000000006,7,85.344348,451.7667,454.2185,433.65,441.4083,437.4167
2026-01-31 08:00:00,451.7667,441,120,0.0,1.02,79.063478,0.0,0.0,0.0,0.0,1.02,451.7667,441,21.975000000000023,41.04169999999999,8,79.063478,463.2167,446.4917,426.9917,458.6333,455.55
2026-01-31 09:00:00,463.2167,459,120,0.0,1.02,81.78087,0.0,0.0,0.0,0.0,1.02,463.2167,459,11.449999999999989,53.508399999999995,9,81.78087,454.2185,439.9417,420.525,463.7395,466.0
2026-01-31 10:00:00,454.2185,449,119,0.0,1.02,74.812174,0.0,0.0,0.0,0.0,1.02,454.2185,449,-8.998199999999997,24.426800000000014,10,74.812174,446.4917,433.65,414.475,465.175,465.875
2026-01-31 11:00:00,446.4917,443,120,0.0,1.02,72.411304,0.0,0.0,0.0,0.0,1.02,446.4917,443,-7.726800000000026,-5.275000000000034,11,72.411304,439.9417,426.9917,426.5333,466.0,456.3667
2026-01-31 12:00:00,439.9417,436,120,0.0,1.02,71.569828,0.0,0.0,0.0,0.0,1.02,439.9417,436,-6.5499999999999545,-23.274999999999977,12,71.569828,433.65,420.525,429.075,463.1333,448.6833
2026-01-31 13:00:00,433.65,431,120,0.0,1.02,71.401754,0.0,0.0,0.0,0.0,1.02,433.65,431,-6.2917000000000485,-20.56850000000003,13,71.401754,426.9917,414.475,441.4083,465.3333,445.4917
2026-01-31 14:00:00,426.9917,424,120,0.0,1.02,75.263478,0.0,0.0,0.0,0.0,1.02,426.9917,424,-6.658299999999997,-19.5,14,75.263478,420.525,426.5333,458.6333,462.0167,453.0
2026-01-31 15:00:00,420.525,418,120,0.0,1.02,79.502586,0.0,0.0,0.0,0.0,1.02,420.525,418,-6.466700000000003,-19.41670000000005,15,79.502586,414.475,429.075,463.7395,462.1186,453.0
2026-01-31 16:00:00,414.475,411,120,0.0,0.51,84.882456,0.0,0.0,0.0,0.0,0.51,414.475,411,-6.0499999999999545,-19.174999999999955,16,84.882456,426.5333,441.4083,465.175,452.6833,453.0
2026-01-31 17:00:00,426.5333,416,120,0.0,0.0,90.264035,0.0,0.0,0.0,0.0,0.0,426.5333,416,12.058299999999974,-0.45839999999998327,17,90.264035,429.075,458.6333,466.0,445.7083,453.0
2026-01-31 18:00:00,429.075,426,120,0.0,0.0,89.741739,0.0,0.0,0.0,0.0,0.0,429.075,426,2.5416999999999916,8.550000000000011,18,89.741739,441.4083,463.7395,463.1333,440.0417,453.0
2026-01-31 19:00:00,441.4083,431,120,0.0,0.0,90.285088,0.0,0.0,0.0,0.0,0.0,441.4083,431,12.333300000000008,26.933299999999974,19,90.285088,458.6333,465.175,465.3333,437.4167,453.0
2026-01-31 20:00:00,458.6333,451,120,0.0,0.0,97.130088,0.0,0.0,0.0,0.0,0.0,458.6333,451,17.225000000000023,32.10000000000002,20,97.130088,463.7395,466.0,462.0167,455.55,453.0
2026-01-31 21:00:00,463.7395,384,119,0.25,0.25,99.726087,0.25,0.2500000000000213,0.2500000000000142,0.2500000000000142,0.25,463.7395,384,5.106200000000001,34.66450000000003,21,99.726087,465.175,463.1333,462.1186,466.0,453.0
2026-01-31 22:00:00,465.175,451,120,0.76,0.76,100.0,0.76,1.0100000000000213,1.0100000000000142,1.0100000000000142,0.76,465.175,451,1.4354999999999905,23.766700000000014,22,100.0,466.0,465.3333,452.6833,465.875,453.0
2026-01-31 23:00:00,466.0,466,120,0.76,1.27,100.0,0.76,1.7700000000000213,1.7700000000000142,1.7700000000000142,1.27,466.0,466,0.8249999999999886,7.36669999999998,23,100.0,463.1333,462.0167,445.7083,456.3667,453.0
2026-02-01 00:00:00,463.1333,357,120,0.51,1.78,100.0,0.51,2.0300000000000216,2.2800000000000145,2.2800000000000145,1.78,463.1333,357,-2.8666999999999803,-0.6062000000000012,0,100.0,465.3333,462.1186,440.0417,448.6833,453.0
2026-02-01 01:00:00,465.3333,430,120,0.25,1.78,100.0,0.25,1.5200000000000213,2.5300000000000145,2.5300000000000145,1.78,465.3333,430,2.1999999999999886,0.158299999999997,1,100.0,462.0167,452.6833,437.4167,445.4917,453.0
2026-02-01 02:00:00,462.0167,301,120,0.0,1.78,100.0,0.0,0.7600000000000213,2.5300000000000145,2.5300000000000145,1.78,462.0167,301,-3.316599999999994,-3.9832999999999856,2,100.0,462.1186,445.7083,455.55,453.0,453.0
2026-02-01 03:00:00,462.1186,451,118,0.0,1.78,100.0,0.0,0.2500000000000213,2.2800000000000145,2.5300000000000145,1.78,462.1186,451,0.10190000000000055,-1.0147000000000048,3,100.0,452.6833,440.0417,466.0,453.0,453.0
2026-02-01 04:00:00,452.6833,449,120,0.0,1.78,100.0,0.0,0.0,1.5200000000000142,2.5300000000000145,1.78,452.6833,449,-9.43530000000004,-12.650000000000034,4,100.0,445.7083,437.4167,465.875,453.0,453.0
2026-02-01 05:00:00,445.7083,442,120,0.0,1.78,100.0,0.0,0.0,0.7600000000000142,2.5300000000000145,1.78,445.7083,442,-6.974999999999966,-16.308400000000006,5,100.0,440.0417,455.55,456.3667,453.0,375.9083
2026-02-01 06:00:00,440.0417,438,120,0.0,1.78,100.0,0.0,0.0,0.2500000000000142,2.5300000000000145,1.78,440.0417,438,-5.666600000000017,-22.076900000000023,6,100.0,437.4167,466.0,448.6833,453.0,387.025
2026-02-01 07:00:00,437.4167,435,120,0.0,1.78,97.033044,0.0,0.0,0.0,2.5300000000000145,1.78,437.4167,435,-2.625,-15.266599999999983,7,97.033044,455.55,465.875,445.4917,453.0,386.5
2026-02-01 08:00:00,455.55,445,120,0.0,1.78,88.129565,0.0,0.0,0.0,2.5300000000000145,1.78,455.55,445,18.13330000000002,9.841700000000003,8,88.129565,466.0,456.3667,453.0,453.0,383.9917
2026-02-01 09:00:00,466.0,465,120,0.0,1.78,83.474138,0.0,0.0,0.0,2.2800000000000145,1.78,466.0,465,10.449999999999989,25.95830000000001,9,83.474138,465.875,448.6833,453.0,453.0,382.4583
2026-02-01 10:00:00,465.875,460,120,0.0,1.78,81.256522,0.0,0.0,0.0,1.5200000000000142,1.78,465.875,460,-0.125,28.45830000000001,10,81.256522,456.3667,445.4917,453.0,453.0,381.0167
2026-02-01 11:00:00,456.3667,452,120,0.0,1.78,78.032143,0.0,0.0,0.0,0.7600000000000142,1.78,456.3667,452,-9.50830000000002,0.8166999999999689,11,78.032143,448.6833,453.0,453.0,453.0,380.3583
2026-02-01 12:00:00,448.6833,445,120,0.0,1.78,75.486087,0.0,0.0,0.0,0.2500000000000142,1.78,448.6833,445,-7.683400000000006,-17.316700000000026,12,75.486087,445.4917,453.0,453.0,453.0,379.45
2026-02-01 13:00:00,445.4917,441,120,2.03,3.81,78.915789,2.03,2.030000000000021,2.030000000000014,2.030000000000014,3.81,445.4917,441,-3.191599999999994,-20.38330000000002,13,78.915789,453.0,453.0,453.0,453.0,378.675
2026-02-01 14:00:00,453.0,453,120,10.16,11.94,100.0,10.16,12.19000000000002,12.190000000000014,12.190000000000014,11.94,453.0,453,7.50830000000002,-3.3666999999999803,14,100.0,453.0,453.0,453.0,453.0,378.5167
2026-02-01 15:00:00,453.0,453,120,7.62,12.19,100.0,7.62,19.81000000000002,19.810000000000013,19.810000000000013,12.19,453.0,453,0.0,4.316700000000026,15,100.0,453.0,453.0,453.0,453.0,378.4118
2026-02-01 16:00:00,453.0,453,120,0.25,12.19,100.0,0.25,18.03000000000002,20.060000000000013,20.060000000000013,12.19,453.0,453,0.0,7.50830000000002,16,100.0,453.0,453.0,453.0,453.0,392.5917
2026-02-01 17:00:00,453.0,453,119,0.0,12.19,100.0,0.0,7.870000000000021,20.060000000000013,20.060000000000013,12.19,453.0,453,0.0,0.0,17,100.0,453.0,453.0,453.0,375.9083,407.4417
2026-02-01 18:00:00,453.0,453,120,0.0,12.19,100.0,0.0,0.2500000000000213,20.060000000000013,20.060000000000013,12.19,453.0,453,0.0,0.0,18,100.0,453.0,453.0,453.0,387.025,394.8833
2026-02-01 19:00:00,453.0,453,119,0.0,12.19,100.0,0.0,0.0,18.030000000000012,20.060000000000013,12.19,453.0,453,0.0,0.0,19,100.0,453.0,453.0,453.0,386.5,357.0083
2026-02-01 20:00:00,453.0,453,120,0.0,12.19,100.0,0.0,0.0,7.870000000000014,20.060000000000013,12.19,453.0,453,0.0,0.0,20,100.0,453.0,453.0,453.0,383.9917,351.2
2026-02-01 21:00:00,453.0,453,120,0.0,12.19,99.872727,0.0,0.0,0.2500000000000142,20.060000000000013,12.19,453.0,453,0.0,0.0,21,99.872727,453.0,453.0,453.0,382.4583,348.225
2026-02-01 22:00:00,453.0,453,120,0.0,11.94,99.126549,0.0,0.0,0.0,20.060000000000013,11.94,453.0,453,0.0,0.0,22,99.126549,453.0,453.0,453.0,381.0167,340.525
2026-02-01 23:00:00,453.0,453,120,0.0,10.92,98.99569,0.0,0.0,0.0,20.060000000000013,10.92,453.0,453,0.0,0.0,23,98.99569,453.0,453.0,375.9083,380.3583,338.275
2026-02-02 00:00:00,453.0,453,120,0.0,10.67,99.988696,0.0,0.0,0.0,20.060000000000013,10.67,453.0,453,0.0,0.0,0,99.988696,453.0,453.0,387.025,379.45,337.575
2026-02-02 01:00:00,453.0,453,120,0.0,10.41,100.0,0.0,0.0,0.0,18.030000000000012,10.41,453.0,453,0.0,0.0,1,100.0,453.0,453.0,386.5,378.675,338.975
2026-02-02 02:00:00,453.0,453,120,0.0,10.41,100.0,0.0,0.0,0.0,7.870000000000014,10.41,453.0,453,0.0,0.0,2,100.0,453.0,375.9083,383.9917,378.5167,339.1167
2026-02-02 03:00:00,453.0,453,119,0.0,10.41,100.0,0.0,0.0,0.0,0.2500000000000142,10.41,453.0,453,0.0,0.0,3,100.0,453.0,387.025,382.4583,378.4118,338.1933
2026-02-02 04:00:00,453.0,453,120,0.0,10.41,100.0,0.0,0.0,0.0,0.0,10.41,453.0,453,0.0,0.0,4,100.0,375.9083,386.5,381.0167,392.5917,341.9748
2026-02-02 05:00:00,375.9083,371,120,0.0,10.41,100.0,0.0,0.0,0.0,0.0,10.41,375.9083,371,-77.0917,-77.0917,5,100.0,387.025,383.9917,380.3583,407.4417,346.0
2026-02-02 06:00:00,387.025,377,120,0.0,10.41,98.013043,0.0,0.0,0.0,0.0,10.41,387.025,377,11.11669999999998,-65.97500000000002,6,98.013043,386.5,382.4583,379.45,394.8833,346.0
2026-02-02 07:00:00,386.5,384,120,0.0,10.41,91.310435,0.0,0.0,0.0,0.0,10.41,386.5,384,-0.5249999999999773,-66.5,7,91.310435,383.9917,381.0167,378.675,357.0083,346.0
2026-02-02 08:00:00,383.9917,383,120,0.0,10.41,80.38087,0.0,0.0,0.0,0.0,10.41,383.9917,383,-2.5083000000000197,8.083399999999983,8,80.38087,382.4583,380.3583,378.5167,351.2,346.0
2026-02-02 09:00:00,382.4583,381,120,0.0,10.41,78.382609,0.0,0.0,0.0,0.0,10.41,382.4583,381,-1.533399999999972,-4.566699999999969,9,78.382609,381.0167,379.45,378.4118,348.225,346.0
2026-02-02 10:00:00,381.0167,380,120,0.0,10.41,76.74,0.0,0.0,0.0,0.0,10.41,381.0167,380,-1.441599999999994,-5.483299999999986,10,76.74,380.3583,378.675,392.5917,340.525,346.0
2026-02-02 11:00:00,380.3583,379,120,0.0,10.41,76.814783,0.0,0.0,0.0,0.0,10.41,380.3583,379,-0.6584000000000287,-3.6333999999999946,11,76.814783,379.45,378.5167,407.4417,338.275,346.0
2026-02-02 12:00:00,379.45,378,120,0.0,10.41,75.72069,0.0,0.0,0.0,0.0,10.41,379.45,378,-0.908299999999997,-3.0083000000000197,12,75.72069,378.675,378.4118,394.8833,337.575,346.0
2026-02-02 13:00:00,378.675,378,120,0.0,10.41,77.616667,0.0,0.0,0.0,0.0,10.41,378.675,378,-0.7749999999999773,-2.341700000000003,13,77.616667,378.5167,392.5917,357.0083,338.975,346.0
2026-02-02 14:00:00,378.5167,378,120,0.0,5.33,80.075862,0.0,0.0,0.0,0.0,5.33,378.5167,378,-0.158299999999997,-1.8415999999999713,14,80.075862,378.4118,407.4417,351.2,339.1167,346.0
2026-02-02 15:00:00,378.4118,377,119,0.0,0.25,83.470796,0.0,0.0,0.0,0.0,0.25,378.4118,377,-0.10489999999998645,-1.0381999999999607,15,83.470796,392.5917,394.8833,348.225,338.1933,391.75
2026-02-02 16:00:00,392.5917,382,120,0.0,0.0,93.527826,0.0,0.0,0.0,0.0,0.0,392.5917,382,14.179899999999975,13.916699999999992,16,93.527826,407.4417,357.0083,340.525,341.9748,446.7667
2026-02-02 17:00:00,407.4417,401,120,4.06,4.06,99.972807,4.06,4.060000000000021,4.060000000000014,4.060000000000014,4.06,407.4417,401,14.850000000000023,28.92500000000001,17,99.972807,394.8833,351.2,338.275,346.0,440.8
2026-02-02 18:00:00,394.8833,366,120,22.86,26.16,100.0,22.86,26.92000000000002,26.920000000000012,26.920000000000012,26.16,394.8833,366,-12.558400000000006,16.471499999999992,18,100.0,357.0083,348.225,337.575,346.0,430.5462
2026-02-02 19:00:00,357.0083,352,120,21.59,28.19,100.0,21.59,48.51000000000002,48.51000000000001,48.51000000000001,28.19,357.0083,352,-37.875,-35.58339999999998,19,100.0,351.2,340.525,338.975,346.0,417.1525
2026-02-02 20:00:00,351.2,351,120,2.03,29.21,100.0,2.03,46.48000000000002,50.54000000000001,50.54000000000001,29.21,351.2,351,-5.808300000000031,-56.24170000000004,20,100.0,348.225,338.275,339.1167,346.0,403.3667
2026-02-02 21:00:00,348.225,343,120,1.02,29.46,100.0,1.02,24.640000000000022,51.56000000000001,51.56000000000001,29.46,348.225,343,-2.974999999999966,-46.6583,21,100.0,340.525,337.575,338.1933,346.0,394.2689
2026-02-02 22:00:00,340.525,339,120,0.25,29.46,100.0,0.25,3.300000000000021,51.81000000000001,51.81000000000001,29.46,340.525,339,-7.7000000000000455,-16.483300000000042,22,100.0,338.275,338.975,341.9748,346.0,387.4833
2026-02-02 23:00:00,338.275,338,120,0.0,29.46,100.0,0.0,1.2700000000000213,47.75000000000001,51.81000000000001,29.46,338.275,338,-2.25,-12.925000000000011,23,100.0,337.575,339.1167,346.0,346.0,375.1833
2026-02-03 00:00:00,337.575,280,120,0.0,29.46,100.0,0.0,0.2500000000000213,24.890000000000015,51.81000000000001,29.46,337.575,280,-0.6999999999999886,-10.650000000000034,0,100.0,338.975,338.1933,346.0,346.0,363.2101
2026-02-03 01:00:00,338.975,338,120,0.0,29.46,100.0,0.0,0.0,3.300000000000014,51.81000000000001,29.46,338.975,338,1.400000000000034,-1.5499999999999545,1,100.0,339.1167,341.9748,346.0,346.0,362.0
2026-02-03 02:00:00,339.1167,302,120,0.0,29.46,100.0,0.0,0.0,1.2700000000000142,51.81000000000001,29.46,339.1167,302,0.14169999999995753,0.841700000000003,2,100.0,338.1933,346.0,346.0,346.0,362.0
2026-02-03 03:00:00,338.1933,225,119,0.0,29.46,100.0,0.0,0.0,0.2500000000000142,51.81000000000001,29.46,338.1933,225,-0.9233999999999583,0.6183000000000334,3,100.0,341.9748,346.0,346.0,391.75,362.0
2026-02-03 04:00:00,341.9748,211,119,0.0,29.46,100.0,0.0,0.0,0.0,51.81000000000001,29.46,341.9748,211,3.781499999999994,2.9997999999999934,4,100.0,346.0,346.0,346.0,446.7667,362.0
2026-02-03 05:00:00,346.0,346,120,0.0,29.46,100.0,0.0,0.0,0.0,47.75000000000001,29.46,346.0,346,4.025199999999984,6.88330000000002,5,100.0,346.0,346.0,346.0,440.8,362.7333
2026-02-03 06:00:00,346.0,346,121,0.25,29.97,99.990517,0.25,0.2500000000000213,0.2500000000000142,25.140000000000015,29.97,346.0,346,0.0,7.806699999999978,6,99.990517,346.0,346.0,346.0,430.5462,379.0084
2026-02-03 07:00:00,346.0,346,119,0.25,29.97,91.450877,0.25,0.5000000000000213,0.5000000000000142,3.800000000000014,29.97,346.0,346,0.0,4.025199999999984,7,91.450877,346.0,346.0,346.0,417.1525,395.1667
2026-02-03 08:00:00,346.0,346,121,0.0,29.97,82.089655,0.0,0.5000000000000213,0.5000000000000142,1.7700000000000142,29.97,346.0,346,0.0,0.0,8,82.089655,346.0,346.0,346.0,403.3667,407.0417
2026-02-03 09:00:00,346.0,346,120,0.0,29.97,83.891304,0.0,0.2500000000000213,0.5000000000000142,0.7500000000000142,29.97,346.0,346,0.0,0.0,9,83.891304,346.0,346.0,391.75,394.2689,416.4667
2026-02-03 10:00:00,346.0,346,119,0.0,29.97,79.150435,0.0,0.0,0.5000000000000142,0.5000000000000142,29.97,346.0,346,0.0,0.0,10,79.150435,346.0,346.0,446.7667,387.4833,425.5667
2026-02-03 11:00:00,346.0,346,121,0.0,29.97,77.385965,0.0,0.0,0.5000000000000142,0.5000000000000142,29.97,346.0,346,0.0,0.0,11,77.385965,346.0,346.0,440.8,375.1833,434.4286
2026-02-03 12:00:00,346.0,346,119,0.0,29.97,79.173913,0.0,0.0,0.2500000000000142,0.5000000000000142,29.97,346.0,346,0.0,0.0,12,79.173913,346.0,391.75,430.5462,363.2101,440.625
2026-02-03 13:00:00,346.0,346,120,0.0,29.97,76.202609,0.0,0.0,0.0,0.5000000000000142,29.97,346.0,346,0.0,0.0,13,76.202609,346.0,446.7667,417.1525,362.0,451.3667
2026-02-03 14:00:00,346.0,346,120,0.0,29.97,76.367826,0.0,0.0,0.0,0.5000000000000142,29.97,346.0,346,0.0,0.0,14,76.367826,391.75,440.8,403.3667,362.0,460.9583
2026-02-03 15:00:00,391.75,346,120,5.33,35.31,94.376522,5.33,5.330000000000021,5.330000000000014,5.830000000000014,35.31,391.75,346,45.75,45.75,15,94.376522,446.7667,430.5462,394.2689,362.0,456.0
2026-02-03 16:00:00,446.7667,441,120,5.33,35.56,100.0,5.33,10.660000000000021,10.660000000000014,11.160000000000014,35.56,446.7667,441,55.016700000000014,100.76670000000001,16,100.0,440.8,417.1525,387.4833,362.0,456.0
2026-02-03 17:00:00,440.8,438,120,2.03,35.56,100.0,2.03,12.69000000000002,12.690000000000014,13.190000000000014,35.56,440.8,438,-5.966700000000003,94.80000000000001,17,100.0,430.5462,403.3667,375.1833,362.7333,456.0
2026-02-03 18:00:00,430.5462,423,119,2.29,31.5,100.0,2.29,9.650000000000022,14.980000000000015,15.230000000000015,31.5,430.5462,423,-10.253800000000012,38.7962,18,100.0,417.1525,394.2689,363.2101,379.0084,456.0
2026-02-03 19:00:00,417.1525,411,118,3.56,14.48,100.0,3.56,7.880000000000021,18.540000000000013,18.540000000000013,14.48,417.1525,411,-13.393700000000024,-29.61420000000004,19,100.0,403.3667,387.4833,362.0,395.1667,456.0
2026-02-03 20:00:00,403.3667,320,120,2.54,13.97,100.0,2.54,8.390000000000022,21.080000000000013,21.080000000000013,13.97,403.3667,320,-13.785799999999995,-37.43330000000003,20,100.0,394.2689,375.1833,362.0,407.0417,456.0
2026-02-03 21:00:00,394.2689,390,119,0.51,12.95,100.0,0.51,6.610000000000022,16.260000000000016,21.590000000000014,12.95,394.2689,390,-9.097800000000007,-36.277300000000025,21,100.0,387.4833,363.2101,362.0,416.4667,456.0
2026-02-03 22:00:00,387.4833,385,120,0.51,13.46,100.0,0.51,3.5600000000000214,11.440000000000014,22.100000000000016,13.46,387.4833,385,-6.785599999999988,-29.66919999999999,22,100.0,375.1833,362.0,362.0,425.5667,456.0
2026-02-03 23:00:00,375.1833,316,120,0.25,13.46,100.0,0.25,1.2700000000000213,9.660000000000014,22.350000000000016,13.46,375.1833,316,-12.300000000000011,-28.183400000000006,23,100.0,363.2101,362.0,362.7333,434.4286,456.0
2026-02-04 00:00:00,363.2101,362,119,0.0,13.46,100.0,0.0,0.7600000000000213,7.370000000000013,22.350000000000016,13.46,363.2101,362,-11.973199999999963,-31.058799999999962,0,100.0,362.0,362.0,379.0084,440.625,456.0
2026-02-04 01:00:00,362.0,362,120,0.0,13.46,100.0,0.0,0.2500000000000213,3.8100000000000143,22.350000000000016,13.46,362.0,362,-1.2101000000000113,-25.483299999999986,1,100.0,362.0,362.0,395.1667,451.3667,456.0
2026-02-04 02:00:00,362.0,362,120,0.0,13.46,100.0,0.0,0.0,1.2700000000000142,22.350000000000016,13.46,362.0,362,0.0,-13.183299999999974,2,100.0,362.0,362.7333,407.0417,460.9583,456.0
2026-02-04 03:00:00,362.0,362,119,0.0,13.46,100.0,0.0,0.0,0.7600000000000142,17.020000000000017,13.46,362.0,362,0.0,-1.2101000000000113,3,100.0,362.0,379.0084,416.4667,456.0,456.0
2026-02-04 04:00:00,362.0,362,120,0.0,13.46,100.0,0.0,0.0,0.2500000000000142,11.690000000000014,13.46,362.0,362,0.0,0.0,4,100.0,362.7333,395.1667,425.5667,456.0,456.0
2026-02-04 05:00:00,362.7333,362,120,0.0,13.46,100.0,0.0,0.0,0.0,9.660000000000014,13.46,362.7333,362,0.7332999999999856,0.7332999999999856,5,100.0,379.0084,407.0417,434.4286,456.0,456.0
2026-02-04 06:00:00,379.0084,368,119,0.0,13.46,98.375652,0.0,0.0,0.0,7.370000000000013,13.46,379.0084,368,16.27510000000001,17.008399999999995,6,98.375652,395.1667,416.4667,440.625,456.0,456.0
2026-02-04 07:00:00,395.1667,389,120,0.0,12.95,94.1,0.0,0.0,0.0,3.8100000000000143,12.95,395.1667,389,16.158299999999997,33.16669999999999,7,94.1,407.0417,425.5667,451.3667,456.0,456.0
2026-02-04 08:00:00,407.0417,401,120,0.0,12.95,85.291379,0.0,0.0,0.0,1.2700000000000142,12.95,407.0417,401,11.875,44.308400000000006,8,85.291379,416.4667,434.4286,460.9583,456.0,456.0
2026-02-04 09:00:00,416.4667,412,120,0.0,12.95,85.653913,0.0,0.0,0.0,0.7600000000000142,12.95,416.4667,412,9.425000000000011,37.45830000000001,9,85.653913,425.5667,440.625,456.0,456.0,456.0
2026-02-04 10:00:00,425.5667,420,120,0.0,12.95,79.131304,0.0,0.0,0.0,0.2500000000000142,12.95,425.5667,420,9.100000000000023,30.400000000000034,10,79.131304,434.4286,451.3667,456.0,456.0,456.0
2026-02-04 11:00:00,434.4286,429,119,0.0,12.95,76.188696,0.0,0.0,0.0,0.0,12.95,434.4286,429,8.861899999999991,27.386900000000026,11,76.188696,440.625,460.9583,456.0,456.0,456.0
2026-02-04 12:00:00,440.625,437,120,0.0,12.95,75.773276,0.0,0.0,0.0,0.0,12.95,440.625,437,6.196399999999983,24.158299999999997,12,75.773276,451.3667,456.0,456.0,456.0,456.0
2026-02-04 13:00:00,451.3667,445,120,0.0,12.95,76.514035,0.0,0.0,0.0,0.0,12.95,451.3667,445,10.74169999999998,25.799999999999955,13,76.514035,460.9583,456.0,456.0,456.0,456.0
2026-02-04 14:00:00,460.9583,454,120,0.0,12.95,81.278761,0.0,0.0,0.0,0.0,12.95,460.9583,454,9.591600000000028,26.52969999999999,14,81.278761,456.0,456.0,456.0,456.0,456.0
2026-02-04 15:00:00,456.0,456,120,6.35,14.22,99.485965,6.35,6.350000000000021,6.350000000000014,6.350000000000014,14.22,456.0,456,-4.958300000000008,15.375,15,99.485965,456.0,456.0,456.0,456.0,456.0
2026-02-04 16:00:00,456.0,456,120,6.35,14.22,100.0,6.35,12.70000000000002,12.700000000000014,12.700000000000014,14.22,456.0,456,0.0,4.63330000000002,16,100.0,456.0,456.0,456.0,456.0,444.7731
2026-02-04 17:00:00,456.0,456,120,0.25,13.97,100.0,0.25,12.95000000000002,12.950000000000014,12.950000000000014,13.97,456.0,456,0.0,-4.958300000000008,17,100.0,456.0,456.0,456.0,456.0,458.55
2026-02-04 18:00:00,456.0,456,119,0.25,12.45,100.0,0.25,6.850000000000021,13.200000000000014,13.200000000000014,12.45,456.0,456,0.0,0.0,18,100.0,456.0,456.0,456.0,456.0,458.0256
2026-02-04 19:00:00,456.0,456,120,0.0,10.16,100.0,0.0,0.5000000000000213,13.200000000000014,13.200000000000014,10.16,456.0,456,0.0,0.0,19,100.0,456.0,456.0,456.0,456.0,458.7731
2026-02-04 20:00:00,456.0,456,120,0.51,7.87,100.0,0.51,0.7600000000000213,13.710000000000013,13.710000000000013,7.87,456.0,456,0.0,0.0,20,100.0,456.0,456.0,456.0,456.0,457.3167
2026-02-04 21:00:00,456.0,456,120,1.27,8.89,100.0,1.27,1.7800000000000213,8.630000000000013,14.980000000000013,8.89,456.0,456,0.0,0.0,21,100.0,456.0,456.0,456.0,456.0,449.5417
2026-02-04 22:00:00,456.0,456,120,1.02,8.64,100.0,1.02,2.800000000000021,3.300000000000014,16.000000000000014,8.64,456.0,456,0.0,0.0,22,100.0,456.0,456.0,456.0,456.0,441.0667
2026-02-04 23:00:00,456.0,456,120,0.0,8.64,100.0,0.0,2.2900000000000214,3.050000000000014,16.000000000000014,8.64,456.0,456,0.0,0.0,23,100.0,456.0,456.0,456.0,456.0,433.4583
2026-02-05 00:00:00,456.0,456,120,0.0,8.64,100.0,0.0,1.0200000000000213,2.800000000000014,16.000000000000014,8.64,456.0,456,0.0,0.0,0,100.0,456.0,456.0,456.0,456.0,426.3083
2026-02-05 01:00:00,456.0,456,120,0.0,8.64,100.0,0.0,0.0,2.800000000000014,16.000000000000014,8.64,456.0,456,0.0,0.0,1,100.0,456.0,456.0,456.0,456.0,419.425
2026-02-05 02:00:00,456.0,456,120,0.0,8.64,100.0,0.0,0.0,2.2900000000000142,16.000000000000014,8.64,456.0,456,0.0,0.0,2,100.0,456.0,456.0,456.0,456.0,412.9417
2026-02-05 03:00:00,456.0,456,119,0.0,8.64,100.0,0.0,0.0,1.0200000000000142,9.650000000000015,8.64,456.0,456,0.0,0.0,3,100.0,456.0,456.0,456.0,456.0,408.7333
2026-02-05 04:00:00,456.0,456,120,0.0,8.64,100.0,0.0,0.0,0.0,3.300000000000014,8.64,456.0,456,0.0,0.0,4,100.0,456.0,456.0,456.0,444.7731,413.1083
2026-02-05 05:00:00,456.0,456,120,0.0,8.64,100.0,0.0,0.0,0.0,3.050000000000014,8.64,456.0,456,0.0,0.0,5,100.0,456.0,456.0,456.0,458.55,436.6667
2026-02-05 06:00:00,456.0,456,120,0.0,8.64,100.0,0.0,0.0,0.0,2.800000000000014,8.64,456.0,456,0.0,0.0,6,100.0,456.0,456.0,456.0,458.0256,457.1417
2026-02-05 07:00:00,456.0,456,120,0.0,8.64,98.688695,0.0,0.0,0.0,2.800000000000014,8.64,456.0,456,0.0,0.0,7,98.688695,456.0,456.0,456.0,458.7731,466.0
2026-02-05 08:00:00,456.0,456,120,0.0,8.64,94.765517,0.0,0.0,0.0,2.2900000000000142,8.64,456.0,456,0.0,0.0,8,94.765517,456.0,456.0,456.0,457.3167,466.0
2026-02-05 09:00:00,456.0,456,120,0.0,8.64,91.173913,0.0,0.0,0.0,1.0200000000000142,8.64,456.0,456,0.0,0.0,9,91.173913,456.0,456.0,456.0,449.5417,466.0
2026-02-05 10:00:00,456.0,456,120,0.0,8.64,86.702632,0.0,0.0,0.0,0.0,8.64,456.0,456,0.0,0.0,10,86.702632,456.0,456.0,444.7731,441.0667,466.0
2026-02-05 11:00:00,456.0,456,120,0.0,8.64,83.405217,0.0,0.0,0.0,0.0,8.64,456.0,456,0.0,0.0,11,83.405217,456.0,456.0,458.55,433.4583,464.45
2026-02-05 12:00:00,456.0,456,120,0.0,8.64,80.558261,0.0,0.0,0.0,0.0,8.64,456.0,456,0.0,0.0,12,80.558261,456.0,456.0,458.0256,426.3083,455.5917
2026-02-05 13:00:00,456.0,456,120,0.0,8.64,82.985217,0.0,0.0,0.0,0.0,8.64,456.0,456,0.0,0.0,13,82.985217,456.0,444.7731,458.7731,419.425,448.4167
2026-02-05 14:00:00,456.0,456,120,0.0,8.64,89.013913,0.0,0.0,0.0,0.0,8.64,456.0,456,0.0,0.0,14,89.013913,456.0,458.55,457.3167,412.9417,439.9667
2026-02-05 15:00:00,456.0,456,120,0.0,8.64,90.641739,0.0,0.0,0.0,0.0,8.64,456.0,456,0.0,0.0,15,90.641739,444.7731,458.0256,449.5417,408.7333,434.925
2026-02-05 18:00:00,444.7731,438,119,0.0,0.0,98.507018,0.0,0.0,0.0,0.0,0.0,444.7731,438,-11.2269,-11.2269,18,98.507018,458.55,458.7731,441.0667,413.1083,448.0
2026-02-05 19:00:00,458.55,455,120,0.25,0.25,99.156881,0.25,0.2500000000000213,0.2500000000000142,0.2500000000000142,0.25,458.55,455,13.776900000000012,2.5500000000000114,19,99.156881,458.0256,457.3167,433.4583,436.6667,455.8992
2026-02-05 20:00:00,458.0256,454,117,0.25,0.25,100.0,0.25,0.5000000000000213,0.5000000000000142,0.5000000000000142,0.25,458.0256,454,-0.5244000000000142,2.025599999999997,20,100.0,458.7731,449.5417,426.3083,457.1417,460.8136
2026-02-05 21:00:00,458.7731,454,119,0.0,0.25,100.0,0.0,0.5000000000000213,0.5000000000000142,0.5000000000000142,0.25,458.7731,454,0.7475000000000023,14.0,21,100.0,457.3167,441.0667,419.425,466.0,465.5667
2026-02-05 22:00:00,457.3167,454,120,0.0,0.25,100.0,0.0,0.2500000000000213,0.5000000000000142,0.5000000000000142,0.25,457.3167,454,-1.4563999999999737,-1.2332999999999856,22,100.0,449.5417,433.4583,412.9417,466.0,466.0
2026-02-05 23:00:00,449.5417,445,120,0.0,0.25,100.0,0.0,0.0,0.5000000000000142,0.5000000000000142,0.25,449.5417,445,-7.775000000000034,-8.483900000000006,23,100.0,441.0667,426.3083,408.7333,466.0,465.9083
2026-02-06 00:00:00,441.0667,437,120,0.0,0.25,100.0,0.0,0.0,0.5000000000000142,0.5000000000000142,0.25,441.0667,437,-8.474999999999966,-17.706399999999974,0,100.0,433.4583,419.425,413.1083,466.0,465.275
2026-02-06 01:00:00,433.4583,430,120,0.0,0.25,100.0,0.0,0.0,0.2500000000000142,0.5000000000000142,0.25,433.4583,430,-7.608400000000017,-23.858400000000017,1,100.0,426.3083,412.9417,436.6667,464.45,457.0333
2026-02-06 02:00:00,426.3083,423,120,0.0,0.25,100.0,0.0,0.0,0.0,0.5000000000000142,0.25,426.3083,423,-7.150000000000034,-23.233400000000017,2,100.0,419.425,408.7333,457.1417,455.5917,449.35
2026-02-06 03:00:00,419.425,353,120,0.0,0.25,100.0,0.0,0.0,0.0,0.5000000000000142,0.25,419.425,353,-6.883299999999963,-21.641700000000014,3,100.0,412.9417,413.1083,466.0,448.4167,442.6891
2026-02-06 04:00:00,412.9417,343,120,0.0,0.25,100.0,0.0,0.0,0.0,0.5000000000000142,0.25,412.9417,343,-6.483299999999986,-20.516599999999983,4,100.0,408.7333,436.6667,466.0,439.9667,437.5714
2026-02-06 05:00:00,408.7333,406,120,0.0,0.25,100.0,0.0,0.0,0.0,0.5000000000000142,0.25,408.7333,406,-4.20840000000004,-17.57499999999999,5,100.0,413.1083,457.1417,466.0,434.925,452.35
2026-02-06 06:00:00,413.1083,405,120,0.0,0.25,100.0,0.0,0.0,0.0,0.5000000000000142,0.25,413.1083,405,4.375,-6.316700000000026,6,100.0,436.6667,466.0,466.0,448.0,463.7833
2026-02-06 07:00:00,436.6667,424,120,0.0,0.25,95.093043,0.0,0.0,0.0,0.2500000000000142,0.25,436.6667,424,23.558400000000006,23.724999999999966,7,95.093043,457.1417,466.0,464.45,455.8992,466.0
2026-02-06 08:00:00,457.1417,447,120,0.0,0.25,86.851304,0.0,0.0,0.0,0.0,0.25,457.1417,447,20.475000000000023,48.40840000000003,8,86.851304,466.0,466.0,455.5917,460.8136,466.0
2026-02-06 09:00:00,466.0,460,120,0.0,0.25,83.739655,0.0,0.0,0.0,0.0,0.25,466.0,460,8.858299999999986,52.891700000000014,9,83.739655,466.0,466.0,448.4167,465.5667,466.0
2026-02-06 10:00:00,466.0,460,120,0.0,0.25,81.631304,0.0,0.0,0.0,0.0,0.25,466.0,460,0.0,29.33330000000001,10,81.631304,466.0,464.45,439.9667,466.0,466.0
2026-02-06 11:00:00,466.0,460,119,0.0,0.25,78.798245,0.0,0.0,0.0,0.0,0.25,466.0,460,0.0,8.858299999999986,11,78.798245,466.0,455.5917,434.925,465.9083,466.0
2026-02-06 12:00:00,466.0,466,120,0.0,0.25,76.267544,0.0,0.0,0.0,0.0,0.25,466.0,466,0.0,0.0,12,76.267544,464.45,448.4167,448.0,465.275,458.9667
2026-02-06 13:00:00,464.45,460,120,0.0,0.25,79.801739,0.0,0.0,0.0,0.0,0.25,464.45,460,-1.5500000000000114,-1.5500000000000114,13,79.801739,455.5917,439.9667,455.8992,457.0333,451.1333
2026-02-06 14:00:00,455.5917,451,120,0.0,0.25,78.361739,0.0,0.0,0.0,0.0,0.25,455.5917,451,-8.858299999999986,-10.408299999999997,14,78.361739,448.4167,434.925,460.8136,449.35,443.2083
2026-02-06 15:00:00,448.4167,444,120,0.0,0.25,81.216522,0.0,0.0,0.0,0.0,0.25,448.4167,444,-7.175000000000011,-17.58330000000001,15,81.216522,439.9667,448.0,465.5667,442.6891,435.3333
2026-02-06 16:00:00,439.9667,435,120,0.0,0.25,88.208772,0.0,0.0,0.0,0.0,0.25,439.9667,435,-8.449999999999989,-24.483299999999986,16,88.208772,434.925,455.8992,466.0,437.5714,427.9083
2026-02-06 17:00:00,434.925,431,120,0.0,0.25,93.276106,0.0,0.0,0.0,0.0,0.25,434.925,431,-5.041699999999992,-20.66669999999999,17,93.276106,448.0,460.8136,465.9083,452.35,420.5
2026-02-06 18:00:00,448.0,442,120,0.0,0.25,96.81875,0.0,0.0,0.0,0.0,0.25,448.0,442,13.074999999999989,-0.41669999999999163,18,96.81875,455.8992,465.5667,465.275,463.7833,424.8067
2026-02-06 19:00:00,455.8992,453,119,0.0,0.25,97.977193,0.0,0.0,0.0,0.0,0.25,455.8992,453,7.8992000000000075,15.932500000000005,19,97.977193,460.8136,466.0,457.0333,466.0,442.3583
2026-02-06 20:00:00,460.8136,456,118,0.0,0.0,99.773636,0.0,0.0,0.0,0.0,0.0,460.8136,456,4.9144000000000005,25.888599999999997,20,99.773636,465.5667,465.9083,449.35,466.0,444.0862
2026-02-06 21:00:00,465.5667,457,120,0.0,0.0,98.04955,0.0,0.0,0.0,0.0,0.0,465.5667,457,4.753100000000018,17.566700000000026,21,98.04955,466.0,465.275,442.6891,466.0,434.5862
2026-02-06 22:00:00,466.0,466,120,0.0,0.0,96.069565,0.0,0.0,0.0,0.0,0.0,466.0,466,0.43329999999997426,10.100799999999992,22,96.069565,465.9083,457.0333,437.5714,466.0,426.9167
2026-02-06 23:00:00,465.9083,445,120,0.0,0.0,96.597391,0.0,0.0,0.0,0.0,0.0,465.9083,445,-0.091700000000003,5.094699999999989,23,96.597391,465.275,449.35,452.35,466.0,419.8417
2026-02-07 00:00:00,465.275,462,120,0.0,0.0,98.289655,0.0,0.0,0.0,0.0,0.0,465.275,462,-0.6333000000000197,-0.2917000000000485,0,98.289655,457.0333,442.6891,463.7833,458.9667,413.2917
2026-02-07 01:00:00,457.0333,453,120,0.0,0.0,99.905217,0.0,0.0,0.0,0.0,0.0,457.0333,453,-8.24169999999998,-8.966700000000003,1,99.905217,449.35,437.5714,466.0,451.1333,407.275
2026-02-07 02:00:00,449.35,446,120,0.0,0.0,100.0,0.0,0.0,0.0,0.0,0.0,449.35,446,-7.683299999999974,-16.558299999999974,2,100.0,442.6891,452.35,466.0,443.2083,402.1417
2026-02-07 03:00:00,442.6891,440,119,0.0,0.0,100.0,0.0,0.0,0.0,0.0,0.0,442.6891,440,-6.6609000000000265,-22.58589999999998,3,100.0,437.5714,463.7833,466.0,435.3333,397.8151
2026-02-07 04:00:00,437.5714,435,119,0.0,0.0,100.0,0.0,0.0,0.0,0.0,0.0,437.5714,435,-5.1177000000000135,-19.461900000000014,4,100.0,452.35,466.0,466.0,427.9083,393.9583
2026-02-07 05:00:00,452.35,442,120,0.0,0.0,100.0,0.0,0.0,0.0,0.0,0.0,452.35,442,14.77860000000004,3.0,5,100.0,463.7833,466.0,466.0,420.5,390.9417
2026-02-07 06:00:00,463.7833,460,120,0.0,0.0,100.0,0.0,0.0,0.0,0.0,0.0,463.7833,460,11.433299999999974,21.0942,6,100.0,466.0,466.0,458.9667,424.8067,393.6833
2026-02-07 07:00:00,466.0,465,120,0.0,0.0,99.943478,0.0,0.0,0.0,0.0,0.0,466.0,465,2.216700000000003,28.428600000000017,7,99.943478,466.0,466.0,451.1333,442.3583,414.5333
2026-02-07 08:00:00,466.0,466,120,0.0,0.0,99.224138,0.0,0.0,0.0,0.0,0.0,466.0,466,0.0,13.649999999999977,8,99.224138,466.0,466.0,443.2083,444.0862,435.6417
2026-02-07 09:00:00,466.0,466,120,0.0,0.0,96.38087,0.0,0.0,0.0,0.0,0.0,466.0,466,0.0,2.216700000000003,9,96.38087,466.0,458.9667,435.3333,434.5862,455.575
2026-02-07 10:00:00,466.0,461,120,0.0,0.0,93.448695,0.0,0.0,0.0,0.0,0.0,466.0,461,0.0,0.0,10,93.448695,466.0,451.1333,427.9083,426.9167,466.0
2026-02-07 11:00:00,466.0,465,120,0.0,0.0,85.046087,0.0,0.0,0.0,0.0,0.0,466.0,465,0.0,0.0,11,85.046087,458.9667,443.2083,420.5,419.8417,466.0
2026-02-07 12:00:00,458.9667,455,120,0.0,0.0,82.867827,0.0,0.0,0.0,0.0,0.0,458.9667,455,-7.033299999999997,-7.033299999999997,12,82.867827,451.1333,435.3333,424.8067,413.2917,466.0
2026-02-07 13:00:00,451.1333,447,120,0.0,0.0,82.087826,0.0,0.0,0.0,0.0,0.0,451.1333,447,-7.833399999999983,-14.86669999999998,13,82.087826,443.2083,427.9083,442.3583,407.275,466.0
2026-02-07 14:00:00,443.2083,439,120,0.0,0.0,85.561739,0.0,0.0,0.0,0.0,0.0,443.2083,439,-7.925000000000011,-22.79169999999999,14,85.561739,435.3333,420.5,444.0862,402.1417,466.0
2026-02-07 15:00:00,435.3333,431,120,0.0,0.0,88.274138,0.0,0.0,0.0,0.0,0.0,435.3333,431,-7.875,-23.633399999999995,15,88.274138,427.9083,424.8067,434.5862,397.8151,462.6417
2026-02-07 16:00:00,427.9083,424,120,0.0,0.0,89.045614,0.0,0.0,0.0,0.0,0.0,427.9083,424,-7.425000000000011,-23.225000000000023,16,89.045614,420.5,442.3583,426.9167,393.9583,436.9167
2026-02-07 17:00:00,420.5,417,120,0.0,0.0,93.689565,0.0,0.0,0.0,0.0,0.0,420.5,417,-7.408299999999997,-22.70830000000001,17,93.689565,424.8067,444.0862,419.8417,390.9417,408.625
2026-02-07 18:00:00,424.8067,416,119,0.0,0.0,94.474561,0.0,0.0,0.0,0.0,0.0,424.8067,416,4.306699999999978,-10.52660000000003,18,94.474561,442.3583,434.5862,413.2917,393.6833,391.8067
2026-02-07 19:00:00,442.3583,435,120,0.0,0.0,91.509822,0.0,0.0,0.0,0.0,0.0,442.3583,435,17.551600000000008,14.449999999999989,19,91.509822,444.0862,426.9167,407.275,414.5333,393.9658
2026-02-07 20:00:00,444.0862,439,116,0.0,0.0,93.81875,0.0,0.0,0.0,0.0,0.0,444.0862,439,1.7279000000000337,23.58620000000002,20,93.81875,434.5862,419.8417,402.1417,435.6417,396.4
2026-02-07 21:00:00,434.5862,431,116,0.0,0.0,95.921429,0.0,0.0,0.0,0.0,0.0,434.5862,431,-9.5,9.779500000000041,21,95.921429,426.9167,413.2917,397.8151,455.575,399.8151
2026-02-07 22:00:00,426.9167,423,120,0.0,0.0,96.366372,0.0,0.0,0.0,0.0,0.0,426.9167,423,-7.669500000000028,-15.441599999999994,22,96.366372,419.8417,407.275,393.9583,466.0,404.6
2026-02-07 23:00:00,419.8417,417,120,0.0,0.0,95.810435,0.0,0.0,0.0,0.0,0.0,419.8417,417,-7.074999999999989,-24.244500000000016,23,95.810435,413.2917,402.1417,390.9417,466.0,399.1417
2026-02-08 00:00:00,413.2917,410,120,0.0,0.0,98.443103,0.0,0.0,0.0,0.0,0.0,413.2917,410,-6.550000000000011,-21.294500000000028,0,98.443103,407.275,397.8151,393.6833,466.0,385.8583
2026-02-08 01:00:00,407.275,405,120,0.0,0.0,99.972174,0.0,0.0,0.0,0.0,0.0,407.275,405,-6.016700000000014,-19.641700000000014,1,99.972174,402.1417,393.9583,414.5333,466.0,377.6583
2026-02-08 02:00:00,402.1417,399,120,0.0,0.0,100.0,0.0,0.0,0.0,0.0,0.0,402.1417,399,-5.133299999999963,-17.69999999999999,2,100.0,397.8151,390.9417,435.6417,466.0,372.6583
2026-02-08 03:00:00,397.8151,396,119,0.0,0.0,100.0,0.0,0.0,0.0,0.0,0.0,397.8151,396,-4.326600000000042,-15.476600000000019,3,100.0,393.9583,393.6833,455.575,462.6417,367.5126
2026-02-08 04:00:00,393.9583,392,120,0.0,0.0,100.0,0.0,0.0,0.0,0.0,0.0,393.9583,392,-3.8567999999999643,-13.316699999999969,4,100.0,390.9417,414.5333,466.0,436.9167,369.0
2026-02-08 05:00:00,390.9417,389,120,0.0,0.0,100.0,0.0,0.0,0.0,0.0,0.0,390.9417,389,-3.0165999999999826,-11.199999999999989,5,100.0,393.6833,435.6417,466.0,408.625,371.6583
2026-02-08 06:00:00,393.6833,389,120,0.0,0.0,100.0,0.0,0.0,0.0,0.0,0.0,393.6833,389,2.7415999999999485,-4.131799999999998,6,100.0,414.5333,455.575,466.0,391.8067,389.9333
2026-02-08 07:00:00,414.5333,404,120,0.0,0.0,97.337391,0.0,0.0,0.0,0.0,0.0,414.5333,404,20.850000000000023,20.57499999999999,7,97.337391,435.6417,466.0,466.0,393.9658,407.7083
2026-02-08 08:00:00,435.6417,425,120,0.0,0.0,91.758621,0.0,0.0,0.0,0.0,0.0,435.6417,425,21.108400000000017,44.69999999999999,8,91.758621,455.575,466.0,466.0,396.4,421.9667
2026-02-08 09:00:00,455.575,446,120,0.0,0.0,86.426957,0.0,0.0,0.0,0.0,0.0,455.575,446,19.933299999999974,61.891700000000014,9,86.426957,466.0,466.0,462.6417,399.8151,434.9167
2026-02-08 10:00:00,466.0,463,120,0.0,0.0,84.587826,0.0,0.0,0.0,0.0,0.0,466.0,463,10.425000000000011,51.4667,10,84.587826,466.0,466.0,436.9167,404.6,444.9917
2026-02-08 11:00:00,466.0,466,120,0.0,0.0,82.533913,0.0,0.0,0.0,0.0,0.0,466.0,466,0.0,30.358299999999986,11,82.533913,466.0,466.0,408.625,399.1417,458.8333
2026-02-08 12:00:00,466.0,466,120,0.0,0.0,81.775652,0.0,0.0,0.0,0.0,0.0,466.0,466,0.0,10.425000000000011,12,81.775652,466.0,462.6417,391.8067,385.8583,465.3667
2026-02-08 13:00:00,466.0,466,120,0.0,0.0,79.913043,0.0,0.0,0.0,0.0,0.0,466.0,466,0.0,0.0,13,79.913043,466.0,436.9167,393.9658,377.6583,466.0
2026-02-08 14:00:00,466.0,466,120,0.0,0.0,84.32807,0.0,0.0,0.0,0.0,0.0,466.0,466,0.0,0.0,14,84.32807,462.6417,408.625,396.4,372.6583,466.0
2026-02-08 15:00:00,462.6417,347,120,12.7,12.7,99.206034,12.7,12.70000000000002,12.700000000000014,12.700000000000014,12.7,462.6417,347,-3.3582999999999856,-3.3582999999999856,15,99.206034,436.9167,391.8067,399.8151,367.5126,457.325
2026-02-08 16:00:00,436.9167,422,120,12.7,12.7,100.0,12.7,25.40000000000002,25.400000000000013,25.400000000000013,12.7,436.9167,422,-25.725000000000023,-29.08330000000001,16,100.0,408.625,393.9658,404.6,369.0,444.0917
2026-02-08 17:00:00,408.625,397,120,0.0,12.7,100.0,0.0,25.40000000000002,25.400000000000013,25.400000000000013,12.7,408.625,397,-28.29169999999999,-57.375,17,100.0,391.8067,396.4,399.1417,371.6583,434.7917
2026-02-08 18:00:00,391.8067,388,119,0.0,12.7,100.0,0.0,12.70000000000002,25.400000000000013,25.400000000000013,12.7,391.8067,388,-16.818300000000022,-70.83500000000004,18,100.0,393.9658,399.8151,385.8583,389.9333,446.0254
2026-02-08 19:00:00,393.9658,392,117,0.51,13.46,100.0,0.51,0.5100000000000213,25.910000000000014,25.910000000000014,13.46,393.9658,392,2.1591000000000236,-42.95089999999999,19,100.0,396.4,404.6,377.6583,407.7083,457.4706
2026-02-08 20:00:00,396.4,395,120,0.51,13.46,100.0,0.51,1.0200000000000213,26.420000000000012,26.420000000000012,13.46,396.4,395,2.4341999999999757,-12.225000000000023,20,100.0,399.8151,399.1417,372.6583,421.9667,464.6441
2026-02-08 21:00:00,399.8151,398,119,0.25,13.72,100.0,0.25,1.2700000000000213,13.970000000000013,26.670000000000012,13.72,399.8151,398,3.4150999999999954,8.008399999999995,21,100.0,404.6,385.8583,367.5126,434.9167,464.15
2026-02-08 22:00:00,404.6,402,120,0.25,13.97,100.0,0.25,1.0100000000000213,1.5200000000000142,26.920000000000012,13.97,404.6,402,4.78490000000005,10.634200000000021,22,100.0,399.1417,377.6583,369.0,444.9917,453.9417
2026-02-08 23:00:00,399.1417,375,120,0.25,13.97,100.0,0.25,0.75,1.7700000000000142,27.170000000000012,13.97,399.1417,375,-5.458300000000008,2.741700000000037,23,100.0,385.8583,372.6583,371.6583,458.8333,445.1667
2026-02-09 00:00:00,385.8583,381,120,0.0,13.97,100.0,0.0,0.5000000000000213,1.7700000000000142,27.170000000000012,13.97,385.8583,381,-13.283400000000029,-13.956799999999987,0,100.0,377.6583,367.5126,389.9333,465.3667,437.6667
2026-02-09 01:00:00,377.6583,375,120,0.0,13.97,100.0,0.0,0.2500000000000213,1.2600000000000142,27.170000000000012,13.97,377.6583,375,-8.199999999999989,-26.941700000000026,1,100.0,372.6583,369.0,407.7083,466.0,430.9583
2026-02-09 02:00:00,372.6583,368,120,0.0,13.97,100.0,0.0,0.0,0.7500000000000142,27.170000000000012,13.97,372.6583,368,-5.0,-26.483400000000017,2,100.0,367.5126,371.6583,421.9667,466.0,424.9483
2026-02-09 03:00:00,367.5126,273,119,0.0,13.97,100.0,0.0,0.0,0.5000000000000142,14.470000000000013,13.97,367.5126,273,-5.145699999999977,-18.345699999999965,3,100.0,369.0,389.9333,434.9167,457.325,418.9916
2026-02-09 04:00:00,369.0,369,120,0.0,13.97,100.0,0.0,0.0,0.2500000000000142,1.7700000000000142,13.97,369.0,369,1.4873999999999796,-8.658299999999997,4,100.0,371.6583,407.7083,444.9917,444.0917,414.325
2026-02-09 05:00:00,371.6583,368,120,0.0,13.97,100.0,0.0,0.0,0.0,1.7700000000000142,13.97,371.6583,368,2.658299999999997,-1.0,5,100.0,389.9333,421.9667,458.8333,434.7917,412.2333
2026-02-09 06:00:00,389.9333,380,120,0.25,14.22,100.0,0.25,0.2500000000000213,0.2500000000000142,2.0200000000000142,14.22,389.9333,380,18.274999999999977,22.420699999999954,6,100.0,407.7083,434.9167,465.3667,446.0254,431.4667
2026-02-09 07:00:00,407.7083,399,120,0.25,14.22,99.672414,0.25,0.5000000000000213,0.5000000000000142,1.7600000000000142,14.22,407.7083,399,17.775000000000034,38.70830000000001,7,99.672414,421.9667,444.9917,466.0,457.4706,453.7917
2026-02-09 08:00:00,421.9667,415,120,0.0,14.22,98.652174,0.0,0.5000000000000213,0.5000000000000142,1.2500000000000142,14.22,421.9667,415,14.258399999999995,50.308400000000006,8,98.652174,434.9167,458.8333,466.0,464.6441,466.0
2026-02-09 09:00:00,434.9167,429,120,0.0,14.22,92.794783,0.0,0.2500000000000213,0.5000000000000142,1.0000000000000142,14.22,434.9167,429,12.949999999999989,44.98340000000002,9,92.794783,444.9917,465.3667,457.325,464.15,464.7583
2026-02-09 10:00:00,444.9917,440,120,0.0,14.22,95.611305,0.0,0.0,0.5000000000000142,0.7500000000000142,14.22,444.9917,440,10.074999999999989,37.28339999999997,10,95.611305,458.8333,466.0,444.0917,453.9417,456.0083
2026-02-09 11:00:00,458.8333,453,120,2.79,17.27,97.903478,2.79,2.7900000000000214,3.2900000000000142,3.2900000000000142,17.27,458.8333,453,13.841600000000028,36.866600000000005,11,97.903478,465.3667,466.0,434.7917,445.1667,458.7731
2026-02-09 12:00:00,465.3667,462,120,2.79,17.27,100.0,2.79,5.580000000000021,5.830000000000014,6.080000000000014,17.27,465.3667,462,6.533399999999972,30.44999999999999,12,100.0,466.0,457.325,446.0254,437.6667,466.0
2026-02-09 13:00:00,466.0,465,119,0.25,17.53,100.0,0.25,5.830000000000021,5.830000000000014,6.330000000000014,17.53,466.0,465,0.6333000000000197,21.00830000000002,13,100.0,466.0,444.0917,457.4706,430.9583,466.0
2026-02-09 14:00:00,466.0,465,120,0.25,17.53,100.0,0.25,3.2900000000000214,6.080000000000014,6.580000000000014,17.53,466.0,465,0.0,7.166699999999992,14,100.0,457.325,434.7917,464.6441,424.9483,466.0
2026-02-09 15:00:00,457.325,450,120,0.0,17.53,98.450877,0.0,0.5000000000000213,6.080000000000014,6.580000000000014,17.53,457.325,450,-8.675000000000011,-8.041699999999992,15,98.450877,444.0917,446.0254,464.15,418.9916,465.0667
2026-02-09 16:00:00,444.0917,438,120,0.0,4.57,99.130172,0.0,0.2500000000000213,6.080000000000014,6.580000000000014,4.57,444.0917,438,-13.233299999999986,-21.908299999999997,16,99.130172,434.7917,457.4706,453.9417,414.325,466.0
2026-02-09 17:00:00,434.7917,431,120,0.0,4.57,100.0,0.0,0.0,3.2900000000000142,6.580000000000014,4.57,434.7917,431,-9.300000000000011,-31.20830000000001,17,100.0,446.0254,464.6441,445.1667,412.2333,457.9661
2026-02-09 18:00:00,446.0254,439,118,0.0,4.57,100.0,0.0,0.0,0.5000000000000142,6.330000000000014,4.57,446.0254,439,11.233699999999999,-11.299599999999998,18,100.0,457.4706,464.15,437.6667,431.4667,390.7563
2026-02-09 19:00:00,457.4706,451,119,0.0,4.57,98.684956,0.0,0.0,0.2500000000000142,6.080000000000014,4.57,457.4706,451,11.4452,13.378899999999987,19,98.684956,464.6441,453.9417,430.9583,453.7917,331.2881
2026-02-09 20:00:00,464.6441,463,118,0.0,4.06,97.340909,0.0,0.0,0.0,6.080000000000014,4.06,464.6441,463,7.17349999999999,29.85239999999999,20,97.340909,464.15,445.1667,424.9483,466.0,313.0339
2026-02-09 21:00:00,464.15,459,120,0.0,4.06,97.37807,0.0,0.0,0.0,6.080000000000014,4.06,464.15,459,-0.4941000000000031,18.124599999999987,21,97.37807,453.9417,437.6667,418.9916,464.7583,308.9916
2026-02-09 22:00:00,453.9417,449,120,0.0,3.81,98.830702,0.0,0.0,0.0,6.080000000000014,3.81,453.9417,449,-10.208299999999952,-3.5288999999999646,22,98.830702,445.1667,430.9583,414.325,456.0083,310.1417
2026-02-09 23:00:00,445.1667,434,120,0.0,3.56,99.990517,0.0,0.0,0.0,3.2900000000000142,3.56,445.1667,434,-8.775000000000034,-19.47739999999999,23,99.990517,437.6667,424.9483,412.2333,458.7731,313.325
2026-02-10 00:00:00,437.6667,434,120,0.0,3.56,100.0,0.0,0.0,0.0,0.5000000000000142,3.56,437.6667,434,-7.5,-26.483299999999986,0,100.0,430.9583,418.9916,431.4667,466.0,317.1833
2026-02-10 01:00:00,430.9583,423,120,0.0,3.56,100.0,0.0,0.0,0.0,0.2500000000000142,3.56,430.9583,423,-6.708399999999983,-22.983400000000017,1,100.0,424.9483,414.325,453.7917,466.0,321.1583
2026-02-10 02:00:00,424.9483,422,116,0.0,3.56,100.0,0.0,0.0,0.0,0.0,3.56,424.9483,422,-6.009999999999991,-20.218399999999974,2,100.0,418.9916,412.2333,466.0,466.0,326.1667
2026-02-10 03:00:00,418.9916,373,119,0.0,3.56,100.0,0.0,0.0,0.0,0.0,3.56,418.9916,373,-5.956700000000012,-18.675099999999986,3,100.0,414.325,431.4667,464.7583,465.0667,338.6218
2026-02-10 04:00:00,414.325,412,120,0.0,3.56,100.0,0.0,0.0,0.0,0.0,3.56,414.325,412,-4.666600000000017,-16.63330000000002,4,100.0,412.2333,453.7917,456.0083,466.0,342.775
2026-02-10 05:00:00,412.2333,409,120,0.0,3.56,100.0,0.0,0.0,0.0,0.0,3.56,412.2333,409,-2.091700000000003,-12.715000000000032,5,100.0,431.4667,466.0,458.7731,457.9661,355.9583
2026-02-10 06:00:00,431.4667,420,120,0.0,3.56,100.0,0.0,0.0,0.0,0.0,3.56,431.4667,420,19.233400000000017,12.475099999999998,6,100.0,453.7917,464.7583,466.0,390.7563,367.5167
2026-02-10 07:00:00,453.7917,443,120,0.0,3.05,97.902586,0.0,0.0,0.0,0.0,3.05,453.7917,443,22.32499999999999,39.4667,7,97.902586,466.0,456.0083,466.0,331.2881,377.8
2026-02-10 08:00:00,466.0,463,120,0.0,3.05,90.623478,0.0,0.0,0.0,0.0,3.05,466.0,463,12.208300000000008,53.766700000000014,8,90.623478,464.7583,458.7731,466.0,313.0339,386.4917
2026-02-10 09:00:00,464.7583,459,120,0.0,3.05,94.560869,0.0,0.0,0.0,0.0,3.05,464.7583,459,-1.2416999999999803,33.29160000000002,9,94.560869,456.0083,466.0,465.0667,308.9916,395.2
2026-02-10 10:00:00,456.0083,453,120,0.0,3.05,92.612174,0.0,0.0,0.0,0.0,3.05,456.0083,453,-8.75,2.216600000000028,10,92.612174,458.7731,466.0,466.0,310.1417,403.3417
2026-02-10 11:00:00,458.7731,452,119,0.0,3.05,82.570435,0.0,0.0,0.0,0.0,3.05,458.7731,452,2.7647999999999797,-7.2269000000000005,11,82.570435,466.0,466.0,457.9661,313.325,406.6417
2026-02-10 12:00:00,466.0,466,119,0.0,0.25,79.385965,0.0,0.0,0.0,0.0,0.25,466.0,466,7.2269000000000005,1.2416999999999803,12,79.385965,466.0,465.0667,390.7563,317.1833,408.6639
2026-02-10 13:00:00,466.0,466,119,0.0,0.25,80.80087,0.0,0.0,0.0,0.0,0.25,466.0,466,0.0,9.99169999999998,13,80.80087,466.0,466.0,331.2881,321.1583,415.4083
2026-02-10 14:00:00,466.0,465,120,0.0,0.0,78.051304,0.0,0.0,0.0,0.0,0.0,466.0,465,0.0,7.2269000000000005,14,78.051304,465.0667,457.9661,313.0339,326.1667,417.4
2026-02-10 15:00:00,465.0667,464,120,0.0,0.0,78.270176,0.0,0.0,0.0,0.0,0.0,465.0667,464,-0.9332999999999743,-0.9332999999999743,15,78.270176,466.0,390.7563,308.9916,338.6218,369.0667
2026-02-10 16:00:00,466.0,466,120,0.0,0.0,87.599138,0.0,0.0,0.0,0.0,0.0,466.0,466,0.9332999999999743,0.0,16,87.599138,457.9661,331.2881,310.1417,342.775,338.1167
2026-02-10 17:00:00,457.9661,259,118,20.57,20.57,99.292982,20.57,20.57000000000002,20.570000000000014,20.570000000000014,20.57,457.9661,259,-8.033900000000017,-8.033900000000017,17,99.292982,390.7563,313.0339,313.325,355.9583,325.2017
2026-02-10 18:00:00,390.7563,346,119,37.34,38.86,100.0,37.34,57.910000000000025,57.91000000000002,57.91000000000002,38.86,390.7563,346,-67.20979999999997,-74.31040000000002,18,100.0,331.2881,308.9916,317.1833,367.5167,320.6083
2026-02-10 19:00:00,331.2881,320,118,18.29,39.37,100.0,18.29,76.20000000000002,76.20000000000002,76.20000000000002,39.37,331.2881,320,-59.468200000000024,-134.7119,19,100.0,313.0339,310.1417,321.1583,377.8,321.157
2026-02-10 20:00:00,313.0339,309,118,0.51,39.88,100.0,0.51,56.14000000000002,76.71000000000002,76.71000000000002,39.88,313.0339,309,-18.25419999999997,-144.93219999999997,20,100.0,308.9916,313.325,326.1667,386.4917,323.8034
2026-02-10 21:00:00,308.9916,308,119,0.25,39.88,100.0,0.25,19.050000000000022,76.96000000000002,76.96000000000002,39.88,308.9916,308,-4.0423000000000116,-81.7647,21,100.0,310.1417,317.1833,338.6218,395.2,319.9083
2026-02-10 22:00:00,310.1417,309,120,0.0,39.88,100.0,0.0,0.7600000000000213,76.96000000000002,76.96000000000002,39.88,310.1417,309,1.150100000000009,-21.14639999999997,22,100.0,313.325,321.1583,342.775,403.3417,320.281
2026-02-10 23:00:00,313.325,312,120,0.0,39.88,100.0,0.0,0.2500000000000213,56.390000000000015,76.96000000000002,39.88,313.325,312,3.1832999999999743,0.2910999999999717,23,100.0,317.1833,326.1667,355.9583,406.6417,322.7712
2026-02-11 00:00:00,317.1833,315,120,0.0,39.88,100.0,0.0,0.0,19.050000000000015,76.96000000000002,39.88,317.1833,315,3.8582999999999856,8.191699999999969,0,100.0,321.1583,338.6218,367.5167,408.6639,326.3333
2026-02-11 01:00:00,321.1583,309,120,0.0,39.88,100.0,0.0,0.0,0.7600000000000142,76.96000000000002,39.88,321.1583,309,3.9750000000000227,11.016599999999983,1,100.0,326.1667,342.775,377.8,415.4083,330.1
2026-02-11 02:00:00,326.1667,323,120,0.0,39.88,100.0,0.0,0.0,0.2500000000000142,76.96000000000002,39.88,326.1667,323,5.008399999999995,12.841700000000003,2,100.0,338.6218,355.9583,386.4917,417.4,333.5333
2026-02-11 03:00:00,338.6218,292,119,0.0,39.88,100.0,0.0,0.0,0.0,76.96000000000002,39.88,338.6218,292,12.455100000000016,21.438500000000033,3,100.0,342.775,367.5167,395.2,369.0667,336.8151
2026-02-11 04:00:00,342.775,340,120,0.0,39.88,100.0,0.0,0.0,0.0,76.96000000000002,39.88,342.775,340,4.15319999999997,21.61669999999998,4,100.0,355.9583,377.8,403.3417,338.1167,340.575
2026-02-11 05:00:00,355.9583,349,120,0.0,39.88,100.0,0.0,0.0,0.0,56.390000000000015,39.88,355.9583,349,13.183300000000031,29.791600000000017,5,100.0,367.5167,386.4917,406.6417,325.2017,343.7917
2026-02-11 06:00:00,367.5167,362,120,0.0,39.88,100.0,0.0,0.0,0.0,19.050000000000015,39.88,367.5167,362,11.558400000000006,28.894900000000007,6,100.0,377.8,395.2,408.6639,320.6083,358.7
2026-02-11 07:00:00,377.8,373,120,0.0,39.88,100.0,0.0,0.0,0.0,0.7600000000000142,39.88,377.8,373,10.283299999999997,35.025000000000034,7,100.0,386.4917,403.3417,415.4083,321.157,374.8917
2026-02-11 08:00:00,386.4917,383,120,0.0,39.88,100.0,0.0,0.0,0.0,0.2500000000000142,39.88,386.4917,383,8.691699999999969,30.533399999999972,8,100.0,395.2,406.6417,417.4,323.8034,384.05
2026-02-11 09:00:00,395.2,390,120,0.0,39.88,94.773913,0.0,0.0,0.0,0.0,39.88,395.2,390,8.708300000000008,27.683299999999974,9,94.773913,403.3417,408.6639,369.0667,319.9083,397.6333
2026-02-11 10:00:00,403.3417,399,120,0.0,39.88,83.738597,0.0,0.0,0.0,0.0,39.88,403.3417,399,8.141700000000014,25.54169999999999,10,83.738597,406.6417,415.4083,338.1167,320.281,407.0667
2026-02-11 11:00:00,406.6417,403,120,0.0,39.88,81.673913,0.0,0.0,0.0,0.0,39.88,406.6417,403,3.3000000000000114,20.150000000000034,11,81.673913,408.6639,417.4,325.2017,322.7712,414.8917
2026-02-11 12:00:00,408.6639,404,119,0.0,39.88,83.081034,0.0,0.0,0.0,0.0,39.88,408.6639,404,2.022199999999998,13.463900000000024,12,83.081034,415.4083,369.0667,320.6083,326.3333,421.675
2026-02-11 13:00:00,415.4083,412,120,0.0,39.88,95.821053,0.0,0.0,0.0,0.0,39.88,415.4083,412,6.744399999999985,12.066599999999994,13,95.821053,417.4,338.1167,321.157,330.1,412.6833
2026-02-11 14:00:00,417.4,332,120,17.78,57.66,97.660345,17.78,17.780000000000022,17.780000000000015,17.780000000000015,57.66,417.4,332,1.9916999999999803,10.758299999999963,14,97.660345,369.0667,325.2017,323.8034,333.5333,400.3917
2026-02-11 15:00:00,369.0667,348,120,20.07,60.45,100.0,20.07,37.85000000000002,37.850000000000016,37.850000000000016,60.45,369.0667,348,-48.33329999999995,-39.59719999999999,15,100.0,338.1167,320.6083,319.9083,336.8151,401.3445
2026-02-11 16:00:00,338.1167,330,120,2.29,61.98,100.0,2.29,40.14000000000002,40.140000000000015,40.140000000000015,61.98,338.1167,330,-30.950000000000045,-77.29160000000002,16,100.0,325.2017,321.157,320.281,340.575,415.5462
2026-02-11 17:00:00,325.2017,322,119,1.78,62.23,100.0,1.78,24.140000000000022,41.920000000000016,41.920000000000016,62.23,325.2017,322,-12.914999999999964,-92.19829999999996,17,100.0,320.6083,323.8034,322.7712,343.7917,424.7672
2026-02-11 18:00:00,320.6083,320,120,0.25,38.35,100.0,0.25,4.320000000000022,42.170000000000016,42.170000000000016,38.35,320.6083,320,-4.593400000000031,-48.45840000000004,18,100.0,321.157,319.9083,326.3333,358.7,427.7479
2026-02-11 19:00:00,321.157,320,121,0.0,22.86,100.0,0.0,2.0300000000000216,42.170000000000016,42.170000000000016,22.86,321.157,320,0.5486999999999966,-16.959699999999998,19,100.0,323.8034,320.281,330.1,374.8917,428.1092
2026-02-11 20:00:00,323.8034,322,117,0.0,22.61,100.0,0.0,0.2500000000000213,24.390000000000015,42.170000000000016,22.61,323.8034,322,2.6464000000000283,-1.398300000000006,20,100.0,319.9083,322.7712,333.5333,384.05,426.875
2026-02-11 21:00:00,319.9083,319,120,0.0,22.35,100.0,0.0,0.0,4.3200000000000145,42.170000000000016,22.35,319.9083,319,-3.8951000000000136,-0.6999999999999886,21,100.0,320.281,326.3333,336.8151,397.6333,425.8
2026-02-11 22:00:00,320.281,319,121,0.0,22.35,100.0,0.0,0.0,2.0300000000000145,42.170000000000016,22.35,320.281,319,0.3727000000000089,-0.8759999999999764,22,100.0,322.7712,330.1,340.575,407.0667,423.4667
2026-02-11 23:00:00,322.7712,321,118,0.0,22.35,100.0,0.0,0.0,0.2500000000000142,42.170000000000016,22.35,322.7712,321,2.4902000000000157,-1.032199999999989,23,100.0,326.3333,333.5333,343.7917,414.8917,406.575
2026-02-12 00:00:00,326.3333,325,120,0.0,22.35,100.0,0.0,0.0,0.0,42.170000000000016,22.35,326.3333,325,3.5620999999999867,6.425000000000011,0,100.0,330.1,336.8151,358.7,421.675,391.1333
2026-02-12 01:00:00,330.1,328,120,0.0,22.35,100.0,0.0,0.0,0.0,42.170000000000016,22.35,330.1,328,3.7667000000000144,9.819000000000017,1,100.0,333.5333,340.575,374.8917,412.6833,380.2353
2026-02-12 02:00:00,333.5333,307,120,0.0,22.35,100.0,0.0,0.0,0.0,24.390000000000015,22.35,333.5333,307,3.4332999999999743,10.762099999999975,2,100.0,336.8151,343.7917,384.05,400.3917,375.5417
2026-02-12 03:00:00,336.8151,303,119,0.0,22.35,100.0,0.0,0.0,0.0,4.3200000000000145,22.35,336.8151,303,3.2817999999999756,10.481799999999964,3,100.0,340.575,358.7,397.6333,401.3445,388.0667
2026-02-12 04:00:00,340.575,339,120,0.0,22.35,100.0,0.0,0.0,0.0,2.0300000000000145,22.35,340.575,339,3.759900000000016,10.474999999999966,4,100.0,343.7917,374.8917,407.0667,415.5462,402.2417
2026-02-12 05:00:00,343.7917,342,120,0.0,22.35,100.0,0.0,0.0,0.0,0.2500000000000142,22.35,343.7917,342,3.216700000000003,10.258399999999995,5,100.0,358.7,384.05,414.8917,424.7672,415.4417
2026-02-12 06:00:00,358.7,349,120,0.0,22.35,100.0,0.0,0.0,0.0,0.0,22.35,358.7,349,14.908299999999997,21.884900000000016,6,100.0,374.8917,397.6333,421.675,427.7479,429.15
2026-02-12 07:00:00,374.8917,368,120,0.0,22.35,100.0,0.0,0.0,0.0,0.0,22.35,374.8917,368,16.191700000000026,34.316700000000026,7,100.0,384.05,407.0667,412.6833,428.1092,441.2333
2026-02-12 08:00:00,384.05,379,120,0.0,22.35,99.140517,0.0,0.0,0.0,0.0,22.35,384.05,379,9.158299999999997,40.25830000000002,8,99.140517,397.6333,414.8917,400.3917,426.875,453.0083
2026-02-12 09:00:00,397.6333,391,120,0.0,22.35,89.593044,0.0,0.0,0.0,0.0,22.35,397.6333,391,13.583300000000008,38.93330000000003,9,89.593044,407.0667,421.675,401.3445,425.8,461.1583
2026-02-12 10:00:00,407.0667,403,120,0.0,22.35,79.506034,0.0,0.0,0.0,0.0,22.35,407.0667,403,9.433400000000006,32.17500000000001,10,79.506034,414.8917,412.6833,415.5462,423.4667,455.225
2026-02-12 11:00:00,414.8917,412,120,0.0,22.35,77.517544,0.0,0.0,0.0,0.0,22.35,414.8917,412,7.824999999999989,30.841700000000003,11,77.517544,421.675,400.3917,424.7672,406.575,456.775
2026-02-12 12:00:00,421.675,417,120,0.0,22.35,75.769827,0.0,0.0,0.0,0.0,22.35,421.675,417,6.783299999999997,24.04169999999999,12,75.769827,412.6833,401.3445,427.7479,391.1333,460.675
2026-02-12 15:00:00,412.6833,407,120,0.0,2.79,86.558407,0.0,0.0,0.0,0.0,2.79,412.6833,407,-8.991700000000037,5.6165999999999485,15,86.558407,400.3917,415.5462,428.1092,380.2353,464.1833
2026-02-12 16:00:00,400.3917,396,120,0.0,1.78,95.275652,0.0,0.0,0.0,0.0,1.78,400.3917,396,-12.29159999999996,-14.5,16,95.275652,401.3445,424.7672,426.875,375.5417,455.3167
2026-02-12 17:00:00,401.3445,394,119,0.0,0.0,99.074775,0.0,0.0,0.0,0.0,0.0,401.3445,394,0.9527999999999679,-20.33050000000003,17,99.074775,415.5462,427.7479,425.8,388.0667,442.0417
2026-02-12 18:00:00,415.5462,409,119,0.25,0.25,100.0,0.25,0.2500000000000213,0.2500000000000142,0.2500000000000142,0.25,415.5462,409,14.201700000000017,2.8629000000000246,18,100.0,424.7672,428.1092,423.4667,402.2417,432.2857
2026-02-12 19:00:00,424.7672,422,116,5.59,5.59,100.0,5.59,5.840000000000021,5.840000000000014,5.840000000000014,5.59,424.7672,422,9.221000000000004,24.375499999999988,19,100.0,427.7479,426.875,406.575,415.4417,443.6303
2026-02-12 20:00:00,427.7479,427,119,5.08,6.35,100.0,5.08,10.920000000000021,10.920000000000014,10.920000000000014,6.35,427.7479,427,2.980700000000013,26.403400000000033,20,100.0,428.1092,425.8,391.1333,429.15,458.2857
2026-02-12 21:00:00,428.1092,428,119,1.02,7.37,100.0,1.02,11.69000000000002,11.940000000000014,11.940000000000014,7.37,428.1092,428,0.36129999999997153,12.562999999999988,21,100.0,426.875,423.4667,380.2353,441.2333,451.8417
2026-02-12 22:00:00,426.875,426,120,0.76,7.62,100.0,0.76,6.860000000000022,12.700000000000014,12.700000000000014,7.62,426.875,426,-1.234199999999987,2.1077999999999975,22,100.0,425.8,406.575,375.5417,453.0083,439.5667
2026-02-12 23:00:00,425.8,425,120,0.25,7.62,100.0,0.25,2.0300000000000216,12.950000000000014,12.950000000000014,7.62,425.8,425,-1.0749999999999886,-1.9479000000000042,23,100.0,423.4667,391.1333,388.0667,461.1583,432.9167
2026-02-13 00:00:00,423.4667,417,120,0.0,7.62,100.0,0.0,1.0100000000000213,12.700000000000014,12.950000000000014,7.62,423.4667,417,-2.3333000000000084,-4.642499999999984,0,100.0,406.575,380.2353,402.2417,455.225,425.55
2026-02-13 01:00:00,406.575,398,120,0.0,7.62,100.0,0.0,0.2500000000000213,7.1100000000000145,12.950000000000014,7.62,406.575,398,-16.891700000000014,-20.30000000000001,1,100.0,391.1333,375.5417,415.4417,456.775,416.5917
2026-02-13 02:00:00,391.1333,385,120,0.25,7.87,100.0,0.25,0.2500000000000213,2.2800000000000145,13.200000000000014,7.87,391.1333,385,-15.441699999999969,-34.66669999999999,2,100.0,380.2353,388.0667,429.15,460.675,408.3667
2026-02-13 03:00:00,380.2353,331,119,0.25,7.87,100.0,0.25,0.5000000000000213,1.5100000000000142,13.450000000000014,7.87,380.2353,331,-10.898000000000025,-43.23140000000001,3,100.0,375.5417,402.2417,441.2333,464.1833,401.7059
2026-02-13 04:00:00,375.5417,373,120,0.0,7.87,100.0,0.0,0.5000000000000213,0.7500000000000142,13.450000000000014,7.87,375.5417,373,-4.6936000000000035,-31.033299999999997,4,100.0,388.0667,415.4417,453.0083,455.3167,396.15
2026-02-13 05:00:00,388.0667,380,120,0.0,7.87,100.0,0.0,0.2500000000000213,0.5000000000000142,13.450000000000014,7.87,388.0667,380,12.525000000000034,-3.066599999999994,5,100.0,402.2417,429.15,461.1583,442.0417,395.0667
2026-02-13 06:00:00,402.2417,396,120,0.0,7.87,100.0,0.0,0.0,0.5000000000000142,13.200000000000014,7.87,402.2417,396,14.174999999999955,22.006399999999985,6,100.0,415.4417,441.2333,455.225,432.2857,412.125
2026-02-13 07:00:00,415.4417,409,120,0.0,7.87,99.950862,0.0,0.0,0.5000000000000142,7.6100000000000145,7.87,415.4417,409,13.200000000000045,39.900000000000034,7,99.950862,429.15,453.0083,456.775,443.6303,430.9333
2026-02-13 08:00:00,429.15,422,120,0.0,7.87,93.426957,0.0,0.0,0.2500000000000142,2.5300000000000145,7.87,429.15,422,13.708299999999952,41.08329999999995,8,93.426957,441.2333,461.1583,460.675,458.2857,449.4667
2026-02-13 09:00:00,441.2333,435,120,0.0,7.87,85.682609,0.0,0.0,0.0,1.5100000000000142,7.87,441.2333,435,12.083300000000008,38.991600000000005,9,85.682609,453.0083,455.225,464.1833,451.8417,465.025
2026-02-13 10:00:00,453.0083,448,120,0.0,7.87,84.515652,0.0,0.0,0.0,0.7500000000000142,7.87,453.0083,448,11.775000000000034,37.566599999999994,10,84.515652,461.1583,456.775,455.3167,439.5667,466.0
2026-02-13 11:00:00,461.1583,457,120,0.0,7.87,87.826087,0.0,0.0,0.0,0.5000000000000142,7.87,461.1583,457,8.149999999999977,32.00830000000002,11,87.826087,455.225,460.675,442.0417,432.9167,466.0
2026-02-13 12:00:00,455.225,451,120,0.0,7.87,85.823276,0.0,0.0,0.0,0.5000000000000142,7.87,455.225,451,-5.933299999999974,13.991700000000037,12,85.823276,456.775,464.1833,432.2857,425.55,464.8667
2026-02-13 13:00:00,456.775,451,120,1.78,9.65,95.728947,1.78,1.7800000000000213,1.7800000000000142,2.2800000000000145,9.65,456.775,451,1.5499999999999545,3.7666999999999575,13,95.728947,460.675,455.3167,443.6303,416.5917,455.1667
2026-02-13 14:00:00,460.675,451,120,2.03,10.41,100.0,2.03,3.810000000000021,3.810000000000014,4.060000000000014,10.41,460.675,451,3.900000000000034,-0.48329999999998563,14,100.0,464.1833,442.0417,458.2857,408.3667,463.125
2026-02-13 15:00:00,464.1833,463,120,0.51,10.41,100.0,0.51,4.320000000000022,4.3200000000000145,4.320000000000014,10.41,464.1833,463,3.508299999999963,8.958299999999952,15,100.0,455.3167,432.2857,451.8417,401.7059,453.8333
2026-02-13 16:00:00,455.3167,448,120,0.0,10.41,100.0,0.0,2.5400000000000214,4.3200000000000145,4.320000000000014,10.41,455.3167,448,-8.866599999999949,-1.4582999999999515,16,100.0,442.0417,443.6303,439.5667,396.15,417.625
2026-02-13 17:00:00,442.0417,436,120,0.0,10.41,100.0,0.0,0.5100000000000218,4.3200000000000145,4.320000000000014,10.41,442.0417,436,-13.275000000000034,-18.63330000000002,17,100.0,432.2857,458.2857,432.9167,395.0667,389.3833
2026-02-13 18:00:00,432.2857,428,119,0.0,10.41,100.0,0.0,0.0,4.3200000000000145,4.320000000000014,10.41,432.2857,428,-9.755999999999972,-31.897599999999954,18,100.0,443.6303,451.8417,425.55,412.125,366.3583
2026-02-13 19:00:00,443.6303,435,119,0.0,7.87,100.0,0.0,0.0,2.5400000000000142,4.320000000000014,7.87,443.6303,435,11.344599999999957,-11.686400000000049,19,100.0,458.2857,439.5667,416.5917,430.9333,354.3833
2026-02-13 20:00:00,458.2857,452,119,0.0,4.57,100.0,0.0,0.0,0.5100000000000147,4.320000000000014,4.57,458.2857,452,14.655400000000043,16.244000000000028,20,100.0,451.8417,432.9167,408.3667,449.4667,350.1667
2026-02-13 21:00:00,451.8417,445,120,0.0,3.81,100.0,0.0,0.0,0.0,4.320000000000014,3.81,451.8417,445,-6.444000000000017,19.555999999999983,21,100.0,439.5667,425.55,401.7059,465.025,346.4167
2026-02-13 22:00:00,439.5667,434,120,0.0,2.79,100.0,0.0,0.0,0.0,4.320000000000014,2.79,439.5667,434,-12.274999999999977,-4.063599999999951,22,100.0,432.9167,416.5917,396.15,466.0,338.6417
2026-02-13 23:00:00,432.9167,430,120,0.0,2.54,100.0,0.0,0.0,0.0,4.320000000000014,2.54,432.9167,430,-6.650000000000034,-25.369000000000028,23,100.0,425.55,408.3667,395.0667,466.0,337.0
2026-02-14 00:00:00,425.55,421,120,0.0,2.54,100.0,0.0,0.0,0.0,4.320000000000014,2.54,425.55,421,-7.36669999999998,-26.29169999999999,0,100.0,416.5917,401.7059,412.125,464.8667,337.6583
2026-02-14 01:00:00,416.5917,412,120,0.0,2.54,100.0,0.0,0.0,0.0,2.5400000000000134,2.54,416.5917,412,-8.958300000000008,-22.975000000000023,1,100.0,408.3667,396.15,430.9333,455.1667,338.0417
2026-02-14 02:00:00,408.3667,405,120,0.0,2.29,100.0,0.0,0.0,0.0,0.5100000000000142,2.29,408.3667,405,-8.225000000000023,-24.55000000000001,2,100.0,401.7059,395.0667,449.4667,463.125,341.6333
2026-02-14 03:00:00,401.7059,399,119,0.0,2.29,100.0,0.0,0.0,0.0,0.0,2.29,401.7059,399,-6.660799999999995,-23.844100000000026,3,100.0,396.15,412.125,465.025,453.8333,343.6218
2026-02-14 04:00:00,396.15,394,120,0.0,2.29,100.0,0.0,0.0,0.0,0.0,2.29,396.15,394,-5.555900000000008,-20.441700000000026,4,100.0,395.0667,430.9333,466.0,417.625,348.3333
2026-02-14 05:00:00,395.0667,391,120,0.0,2.29,100.0,0.0,0.0,0.0,0.0,2.29,395.0667,391,-1.0832999999999515,-13.299999999999955,5,100.0,412.125,449.4667,466.0,389.3833,352.8167
2026-02-14 06:00:00,412.125,403,120,0.0,2.29,100.0,0.0,0.0,0.0,0.0,2.29,412.125,403,17.058299999999974,10.419100000000014,6,100.0,430.9333,465.025,464.8667,366.3583,371.525
2026-02-14 07:00:00,430.9333,421,120,0.0,2.29,97.281739,0.0,0.0,0.0,0.0,2.29,430.9333,421,18.808299999999974,34.7833,7,97.281739,449.4667,466.0,455.1667,354.3833,388.5083
2026-02-14 08:00:00,449.4667,441,120,0.0,2.29,87.591305,0.0,0.0,0.0,0.0,2.29,449.4667,441,18.53340000000003,54.39999999999998,8,87.591305,465.025,466.0,463.125,350.1667,399.5333
2026-02-14 09:00:00,465.025,456,120,0.0,2.29,79.636522,0.0,0.0,0.0,0.0,2.29,465.025,456,15.558299999999974,52.89999999999998,9,79.636522,466.0,464.8667,453.8333,346.4167,408.6917
2026-02-14 10:00:00,466.0,466,120,0.0,2.29,79.214913,0.0,0.0,0.0,0.0,2.29,466.0,466,0.9750000000000227,35.066700000000026,10,79.214913,466.0,455.1667,417.625,338.6417,416.8824
2026-02-14 11:00:00,466.0,466,120,0.0,2.29,77.707826,0.0,0.0,0.0,0.0,2.29,466.0,466,0.0,16.533299999999997,11,77.707826,464.8667,463.125,389.3833,337.0,424.4667
2026-02-14 12:00:00,464.8667,459,120,0.0,2.29,76.332174,0.0,0.0,0.0,0.0,2.29,464.8667,459,-1.1333000000000197,-0.158299999999997,12,76.332174,455.1667,453.8333,366.3583,337.6583,431.9417
2026-02-14 13:00:00,455.1667,451,120,0.0,2.29,82.646087,0.0,0.0,0.0,0.0,2.29,455.1667,451,-9.699999999999989,-10.833300000000008,13,82.646087,463.125,417.625,354.3833,338.0417,430.2083
2026-02-14 14:00:00,463.125,459,120,0.0,0.25,95.30431,0.0,0.0,0.0,0.0,0.25,463.125,459,7.958300000000008,-2.875,14,95.30431,453.8333,389.3833,350.1667,341.6333,416.9
2026-02-14 15:00:00,453.8333,406,120,13.46,13.46,100.0,13.46,13.460000000000022,13.460000000000015,13.460000000000015,13.46,453.8333,406,-9.291699999999992,-11.033399999999972,15,100.0,417.625,366.3583,346.4167,343.6218,406.6333
2026-02-14 16:00:00,417.625,406,120,13.97,14.99,100.0,13.97,27.43000000000002,27.430000000000014,27.430000000000014,14.99,417.625,406,-36.20830000000001,-37.54169999999999,16,100.0,389.3833,354.3833,338.6417,348.3333,399.0667
2026-02-14 17:00:00,389.3833,376,120,2.54,16.26,100.0,2.54,29.970000000000024,29.970000000000017,29.970000000000017,16.26,389.3833,376,-28.24169999999998,-73.74169999999998,17,100.0,366.3583,350.1667,337.0,352.8167,391.9167
2026-02-14 18:00:00,366.3583,359,120,1.02,16.26,100.0,1.02,17.530000000000022,30.990000000000016,30.990000000000016,16.26,366.3583,359,-23.025000000000034,-87.47500000000002,18,100.0,354.3833,346.4167,337.6583,371.525,402.3083
2026-02-14 19:00:00,354.3833,351,120,0.25,16.76,100.0,0.25,3.8100000000000214,31.240000000000016,31.240000000000016,16.76,354.3833,351,-11.974999999999966,-63.24169999999998,19,100.0,350.1667,338.6417,338.0417,388.5083,416.6723
2026-02-14 20:00:00,350.1667,349,120,0.25,16.76,100.0,0.25,1.5200000000000213,31.490000000000016,31.490000000000016,16.76,350.1667,349,-4.216600000000028,-39.21660000000003,20,100.0,346.4167,337.0,341.6333,399.5333,427.9661
2026-02-14 21:00:00,346.4167,341,120,0.0,16.76,100.0,0.0,0.5000000000000213,18.030000000000015,31.490000000000016,16.76,346.4167,341,-3.75,-19.941599999999994,21,100.0,338.6417,337.6583,343.6218,408.6917,433.4118
2026-02-14 22:00:00,338.6417,337,120,0.0,16.76,100.0,0.0,0.2500000000000213,4.060000000000015,31.490000000000016,16.76,338.6417,337,-7.774999999999977,-15.741600000000005,22,100.0,337.0,338.0417,348.3333,416.8824,428.4083
2026-02-14 23:00:00,337.0,337,120,0.0,16.76,100.0,0.0,0.0,1.5200000000000142,31.490000000000016,16.76,337.0,337,-1.6417000000000144,-13.166699999999992,23,100.0,337.6583,341.6333,352.8167,424.4667,420.4167
2026-02-15 00:00:00,337.6583,326,120,0.0,16.76,100.0,0.0,0.0,0.5000000000000142,31.490000000000016,16.76,337.6583,326,0.658299999999997,-8.758399999999995,0,100.0,338.0417,343.6218,371.525,431.9417,409.2917
2026-02-15 01:00:00,338.0417,195,120,0.0,16.76,100.0,0.0,0.0,0.2500000000000142,31.490000000000016,16.76,338.0417,195,0.38339999999999463,-0.6000000000000227,1,100.0,341.6333,348.3333,388.5083,430.2083,388.5667
2026-02-15 02:00:00,341.6333,240,120,0.0,16.76,100.0,0.0,0.0,0.0,31.490000000000016,16.76,341.6333,240,3.591600000000028,4.63330000000002,2,100.0,343.6218,352.8167,399.5333,416.9,367.325
2026-02-15 03:00:00,343.6218,262,119,0.0,16.76,100.0,0.0,0.0,0.0,18.030000000000015,16.76,343.6218,262,1.9884999999999877,5.9635000000000105,3,100.0,348.3333,371.525,408.6917,406.6333,355.2857
2026-02-15 04:00:00,348.3333,347,120,0.0,16.76,100.0,0.0,0.0,0.0,4.060000000000015,16.76,348.3333,347,4.711500000000001,10.291600000000017,4,100.0,352.8167,388.5083,416.8824,399.0667,350.5333
2026-02-15 05:00:00,352.8167,349,120,0.0,16.76,100.0,0.0,0.0,0.0,1.5200000000000142,16.76,352.8167,349,4.483400000000017,11.183400000000006,5,100.0,371.525,399.5333,424.4667,391.9167,349.1083
2026-02-15 06:00:00,371.525,361,120,0.0,16.76,99.995652,0.0,0.0,0.0,0.5000000000000142,16.76,371.525,361,18.70829999999995,27.90319999999997,6,99.995652,388.5083,408.6917,431.9417,402.3083,356.6833
2026-02-15 07:00:00,388.5083,381,120,0.0,16.76,88.251304,0.0,0.0,0.0,0.2500000000000142,16.76,388.5083,381,16.983300000000042,40.17500000000001,7,88.251304,399.5333,416.8824,430.2083,416.6723,372.4917
2026-02-15 08:00:00,399.5333,395,120,0.0,16.76,92.731304,0.0,0.0,0.0,0.0,16.76,399.5333,395,11.024999999999977,46.71659999999997,8,92.731304,408.6917,424.4667,416.9,427.9661,384.725
2026-02-15 09:00:00,408.6917,404,120,0.0,16.76,94.032759,0.0,0.0,0.0,0.0,16.76,408.6917,404,9.158400000000029,37.16670000000005,9,94.032759,416.8824,431.9417,406.6333,433.4118,395.3833
2026-02-15 10:00:00,416.8824,413,119,0.0,16.76,87.75913,0.0,0.0,0.0,0.0,16.76,416.8824,413,8.190699999999993,28.3741,10,87.75913,424.4667,430.2083,399.0667,428.4083,404.2
2026-02-15 11:00:00,424.4667,420,120,0.0,16.76,79.592241,0.0,0.0,0.0,0.0,16.76,424.4667,420,7.584299999999985,24.933400000000006,11,79.592241,431.9417,416.9,391.9167,420.4167,412.9083
2026-02-15 12:00:00,431.9417,428,120,0.0,16.76,74.286842,0.0,0.0,0.0,0.0,16.76,431.9417,428,7.475000000000023,23.25,12,74.286842,430.2083,406.6333,402.3083,409.2917,412.0
2026-02-15 13:00:00,430.2083,423,120,0.0,16.76,79.009565,0.0,0.0,0.0,0.0,16.76,430.2083,423,-1.7334000000000174,13.32589999999999,13,79.009565,416.9,399.0667,416.6723,388.5667,399.25
2026-02-15 14:00:00,416.9,411,120,0.0,16.76,81.608696,0.0,0.0,0.0,0.0,16.76,416.9,411,-13.308300000000031,-7.566700000000026,14,81.608696,406.6333,391.9167,427.9661,367.325,400.2833
2026-02-15 15:00:00,406.6333,402,120,0.0,16.76,84.277586,0.0,0.0,0.0,0.0,16.76,406.6333,402,-10.266699999999958,-25.308400000000006,15,84.277586,399.0667,402.3083,433.4118,355.2857,413.2333
2026-02-15 16:00:00,399.0667,395,120,0.0,3.05,87.96087,0.0,0.0,0.0,0.0,3.05,399.0667,395,-7.566599999999994,-31.141599999999983,16,87.96087,391.9167,416.6723,428.4083,350.5333,423.4068
2026-02-15 17:00:00,391.9167,389,120,0.0,0.51,98.29913,0.0,0.0,0.0,0.0,0.51,391.9167,389,-7.150000000000034,-24.983299999999986,17,98.29913,402.3083,427.9661,420.4167,349.1083,433.5917
2026-02-15 18:00:00,402.3083,395,120,0.0,0.25,100.0,0.0,0.0,0.0,0.0,0.25,402.3083,395,10.391599999999983,-4.3250000000000455,18,100.0,416.6723,433.4118,409.2917,356.6833,444.6
2026-02-15 19:00:00,416.6723,410,119,0.0,0.25,99.978947,0.0,0.0,0.0,0.0,0.25,416.6723,410,14.364000000000033,17.60559999999998,19,99.978947,427.9661,428.4083,388.5667,372.4917,452.25
2026-02-15 20:00:00,427.9661,423,118,3.56,3.56,100.0,3.56,3.5600000000000214,3.5600000000000143,3.5600000000000143,3.56,427.9661,423,11.293799999999976,36.04939999999999,20,100.0,433.4118,420.4167,367.325,384.725,455.2353
2026-02-15 21:00:00,433.4118,432,119,4.32,7.11,100.0,4.32,7.880000000000022,7.880000000000015,7.880000000000015,7.11,433.4118,432,5.445700000000045,31.103500000000054,21,100.0,428.4083,409.2917,355.2857,395.3833,455.4917
2026-02-15 22:00:00,428.4083,425,120,4.06,8.38,100.0,4.06,11.940000000000023,11.940000000000015,11.940000000000015,8.38,428.4083,425,-5.003500000000031,11.73599999999999,22,100.0,420.4167,388.5667,350.5333,404.2,448.675
2026-02-15 23:00:00,420.4167,415,120,2.29,10.67,100.0,2.29,10.670000000000021,14.230000000000015,14.230000000000015,10.67,420.4167,415,-7.991600000000005,-7.5493999999999915,23,100.0,409.2917,367.325,349.1083,412.9083,438.4167
2026-02-16 00:00:00,409.2917,403,120,2.54,12.19,100.0,2.54,8.890000000000022,16.770000000000014,16.770000000000014,12.19,409.2917,403,-11.125,-24.120100000000036,0,100.0,388.5667,355.2857,356.6833,412.0,429.575
2026-02-16 01:00:00,388.5667,376,120,1.27,12.45,100.0,1.27,6.100000000000021,18.040000000000013,18.040000000000013,12.45,388.5667,376,-20.724999999999966,-39.84159999999997,1,100.0,367.325,350.5333,372.4917,399.25,421.6333
2026-02-16 02:00:00,367.325,360,120,0.25,12.45,100.0,0.25,4.060000000000022,14.730000000000015,18.290000000000013,12.45,367.325,360,-21.241700000000037,-53.0917,2,100.0,355.2857,349.1083,384.725,400.2833,414.275
2026-02-16 03:00:00,355.2857,312,119,0.0,12.45,100.0,0.0,1.5200000000000213,10.410000000000014,18.290000000000013,12.45,355.2857,312,-12.039299999999969,-54.00599999999997,3,100.0,350.5333,356.6833,395.3833,413.2333,407.625
2026-02-16 04:00:00,350.5333,332,120,0.0,12.45,100.0,0.0,0.2500000000000213,6.350000000000014,18.290000000000013,12.45,350.5333,332,-4.752400000000023,-38.03340000000003,4,100.0,349.1083,372.4917,404.2,423.4068,401.9167
2026-02-16 05:00:00,349.1083,349,120,0.25,12.7,100.0,0.25,0.2500000000000213,4.310000000000015,18.540000000000013,12.7,349.1083,349,-1.4250000000000114,-18.216700000000003,5,100.0,356.6833,384.725,412.9083,433.5917,397.325
2026-02-16 06:00:00,356.6833,349,120,0.25,12.7,100.0,0.25,0.5000000000000213,2.0200000000000142,18.790000000000013,12.7,356.6833,349,7.574999999999989,1.3975999999999544,6,100.0,372.4917,395.3833,412.0,444.6,394.0
2026-02-16 07:00:00,372.4917,366,120,0.0,12.7,100.0,0.0,0.5000000000000213,0.7500000000000142,18.790000000000013,12.7,372.4917,366,15.808400000000006,21.958399999999983,7,100.0,384.725,404.2,399.25,452.25,407.9917
2026-02-16 08:00:00,384.725,379,120,0.0,12.7,100.0,0.0,0.2500000000000213,0.5000000000000142,15.230000000000015,12.7,384.725,379,12.233300000000042,35.61670000000004,8,100.0,395.3833,412.9083,400.2833,455.2353,428.1583
2026-02-16 09:00:00,395.3833,390,120,0.0,12.7,100.0,0.0,0.0,0.5000000000000142,10.910000000000014,12.7,395.3833,390,10.658299999999997,38.700000000000045,9,100.0,404.2,412.0,413.2333,455.4917,442.7083
2026-02-16 10:00:00,404.2,400,120,0.0,12.7,99.36638,0.0,0.0,0.5000000000000142,6.850000000000014,12.7,404.2,400,8.816699999999969,31.70830000000001,10,99.36638,412.9083,399.25,423.4068,448.675,450.7583
2026-02-16 11:00:00,412.9083,408,120,0.0,12.7,91.205217,0.0,0.0,0.2500000000000142,4.560000000000015,12.7,412.9083,408,8.708300000000008,28.183299999999974,11,91.205217,412.0,400.2833,433.5917,438.4167,453.65
2026-02-16 12:00:00,412.0,405,120,0.0,12.7,84.550435,0.0,0.0,0.0,2.0200000000000142,12.7,412.0,405,-0.908299999999997,16.61669999999998,12,84.550435,399.25,413.2333,444.6,429.575,447.375
2026-02-16 13:00:00,399.25,394,120,0.0,12.7,80.251304,0.0,0.0,0.0,0.7500000000000142,12.7,399.25,394,-12.75,-4.949999999999989,13,80.251304,400.2833,423.4068,452.25,421.6333,437.6102
2026-02-16 14:00:00,400.2833,393,120,0.0,12.7,81.259131,0.0,0.0,0.0,0.5000000000000142,12.7,400.2833,393,1.033299999999997,-12.625,14,81.259131,413.2333,433.5917,455.2353,414.275,428.9583
2026-02-16 15:00:00,413.2333,408,120,0.0,12.7,81.881579,0.0,0.0,0.0,0.5000000000000142,12.7,413.2333,408,12.949999999999989,1.2332999999999856,15,81.881579,423.4068,444.6,455.4917,407.625,420.5083
2026-02-16 16:00:00,423.4068,418,118,0.0,12.7,88.481416,0.0,0.0,0.0,0.5000000000000142,12.7,423.4068,418,10.17349999999999,24.156799999999976,16,88.481416,433.5917,452.25,448.675,401.9167,412.3833
2026-02-16 17:00:00,433.5917,373,120,0.0,12.7,93.943479,0.0,0.0,0.0,0.2500000000000142,12.7,433.5917,373,10.184900000000027,33.308400000000006,17,93.943479,444.6,455.2353,438.4167,397.325,407.15
2026-02-16 18:00:00,444.6,439,120,0.0,12.7,97.828948,0.0,0.0,0.0,0.0,12.7,444.6,439,11.00830000000002,31.366700000000037,18,97.828948,452.25,455.4917,429.575,394.0,418.1167
2026-02-16 19:00:00,452.25,447,120,0.0,12.7,100.0,0.0,0.0,0.0,0.0,12.7,452.25,447,7.649999999999977,28.843200000000024,19,100.0,455.2353,448.675,421.6333,407.9917,427.563
2026-02-16 20:00:00,455.2353,455,119,0.0,12.7,100.0,0.0,0.0,0.0,0.0,12.7,455.2353,455,2.985299999999995,21.643599999999992,20,100.0,455.4917,438.4167,414.275,428.1583,431.9916
2026-02-16 21:00:00,455.4917,455,120,0.0,9.14,100.0,0.0,0.0,0.0,0.0,9.14,455.4917,455,0.2563999999999851,10.891699999999958,21,100.0,448.675,429.575,407.625,442.7083,423.8067
2026-02-16 22:00:00,448.675,443,120,0.0,5.33,100.0,0.0,0.0,0.0,0.0,5.33,448.675,443,-6.816699999999969,-3.5749999999999886,22,100.0,438.4167,421.6333,401.9167,450.7583,415.225
2026-02-16 23:00:00,438.4167,434,120,0.0,4.32,100.0,0.0,0.0,0.0,0.0,4.32,438.4167,434,-10.25830000000002,-16.818600000000004,23,100.0,429.575,414.275,397.325,453.65,408.0417
2026-02-17 00:00:00,429.575,425,120,0.0,2.03,100.0,0.0,0.0,0.0,0.0,2.03,429.575,425,-8.841700000000003,-25.91669999999999,0,100.0,421.6333,407.625,394.0,447.375,401.5462
2026-02-17 01:00:00,421.6333,418,120,0.0,0.51,100.0,0.0,0.0,0.0,0.0,0.51,421.6333,418,-7.941699999999969,-27.04169999999999,1,100.0,414.275,401.9167,407.9917,437.6102,396.25
2026-02-17 02:00:00,414.275,411,120,0.0,0.25,100.0,0.0,0.0,0.0,0.0,0.25,414.275,411,-7.3583000000000425,-24.141700000000014,2,100.0,407.625,397.325,428.1583,428.9583,392.1833
2026-02-17 03:00:00,407.625,386,120,0.0,0.25,100.0,0.0,0.0,0.0,0.0,0.25,407.625,386,-6.649999999999977,-21.94999999999999,3,100.0,401.9167,394.0,442.7083,420.5083,387.7417
2026-02-17 04:00:00,401.9167,399,120,0.0,0.25,100.0,0.0,0.0,0.0,0.0,0.25,401.9167,399,-5.708300000000008,-19.716600000000028,4,100.0,397.325,407.9917,450.7583,412.3833,385.8333
2026-02-17 05:00:00,397.325,395,120,0.0,0.25,100.0,0.0,0.0,0.0,0.0,0.25,397.325,395,-4.591700000000003,-16.94999999999999,5,100.0,394.0,428.1583,453.65,407.15,386.4333
2026-02-17 06:00:00,394.0,393,120,0.0,0.0,100.0,0.0,0.0,0.0,0.0,0.0,394.0,393,-3.3249999999999886,-13.625,6,100.0,407.9917,442.7083,447.375,418.1167,405.175
2026-02-17 07:00:00,407.9917,396,120,0.0,0.0,99.193966,0.0,0.0,0.0,0.0,0.0,407.9917,396,13.99169999999998,6.074999999999989,7,99.193966,428.1583,450.7583,437.6102,427.563,424.1167
2026-02-17 08:00:00,428.1583,419,120,0.0,0.0,92.707895,0.0,0.0,0.0,0.0,0.0,428.1583,419,20.166600000000017,30.83330000000001,8,92.707895,442.7083,453.65,428.9583,431.9916,443.1083
2026-02-17 09:00:00,442.7083,436,120,0.0,0.0,90.439655,0.0,0.0,0.0,0.0,0.0,442.7083,436,14.550000000000011,48.70830000000001,9,90.439655,450.7583,447.375,420.5083,423.8067,458.9917
2026-02-17 10:00:00,450.7583,448,120,0.0,0.0,86.845217,0.0,0.0,0.0,0.0,0.0,450.7583,448,8.050000000000011,42.76660000000004,10,86.845217,453.65,437.6102,412.3833,415.225,466.0
2026-02-17 11:00:00,453.65,452,120,0.0,0.0,88.12,0.0,0.0,0.0,0.0,0.0,453.65,452,2.8916999999999575,25.49169999999998,11,88.12,447.375,428.9583,407.15,408.0417,466.0
2026-02-17 12:00:00,447.375,442,120,0.0,0.0,82.909565,0.0,0.0,0.0,0.0,0.0,447.375,442,-6.274999999999977,4.666699999999992,12,82.909565,437.6102,420.5083,418.1167,401.5462,466.0
2026-02-17 13:00:00,437.6102,433,118,0.0,0.0,85.723894,0.0,0.0,0.0,0.0,0.0,437.6102,433,-9.76479999999998,-13.1481,13,85.723894,428.9583,412.3833,427.563,396.25,466.0
2026-02-17 14:00:00,428.9583,425,120,0.0,0.0,87.05913,0.0,0.0,0.0,0.0,0.0,428.9583,425,-8.651900000000012,-24.69169999999997,14,87.05913,420.5083,407.15,431.9916,392.1833,465.5667
2026-02-17 15:00:00,420.5083,416,120,0.0,0.0,83.961739,0.0,0.0,0.0,0.0,0.0,420.5083,416,-8.449999999999989,-26.86669999999998,15,83.961739,412.3833,418.1167,423.8067,387.7417,466.0
2026-02-17 16:00:00,412.3833,408,120,0.0,0.0,85.838597,0.0,0.0,0.0,0.0,0.0,412.3833,408,-8.125,-25.2269,16,85.838597,407.15,427.563,415.225,385.8333,461.4833
2026-02-17 17:00:00,407.15,404,120,0.0,0.0,89.607826,0.0,0.0,0.0,0.0,0.0,407.15,404,-5.2333000000000425,-21.80830000000003,17,89.607826,418.1167,431.9916,408.0417,386.4333,461.45
2026-02-17 18:00:00,418.1167,412,120,0.0,0.0,91.727193,0.0,0.0,0.0,0.0,0.0,418.1167,412,10.966700000000003,-2.3916000000000395,18,91.727193,427.563,423.8067,401.5462,405.175,456.9917
2026-02-17 19:00:00,427.563,423,119,0.0,0.0,94.464602,0.0,0.0,0.0,0.0,0.0,427.563,423,9.446300000000008,15.179699999999968,19,94.464602,431.9916,415.225,396.25,424.1167,456.375
2026-02-17 20:00:00,431.9916,429,119,0.0,0.0,98.032143,0.0,0.0,0.0,0.0,0.0,431.9916,429,4.428600000000017,24.841600000000028,20,98.032143,423.8067,408.0417,392.1833,443.1083,462.1017
2026-02-17 21:00:00,423.8067,419,119,0.0,0.0,99.884211,0.0,0.0,0.0,0.0,0.0,423.8067,419,-8.184900000000027,5.689999999999998,21,99.884211,415.225,401.5462,387.7417,458.9917,458.7815
2026-02-17 22:00:00,415.225,411,120,0.0,0.0,100.0,0.0,0.0,0.0,0.0,0.0,415.225,411,-8.581699999999955,-12.337999999999965,22,100.0,408.0417,396.25,385.8333,466.0,441.1
2026-02-17 23:00:00,408.0417,405,120,0.0,0.0,100.0,0.0,0.0,0.0,0.0,0.0,408.0417,405,-7.183300000000031,-23.949900000000014,23,100.0,401.5462,392.1833,386.4333,466.0,424.425
2026-02-18 00:00:00,401.5462,399,119,0.0,0.0,100.0,0.0,0.0,0.0,0.0,0.0,401.5462,399,-6.495499999999993,-22.26049999999998,0,100.0,396.25,387.7417,405.175,466.0,410.65
2026-02-18 01:00:00,396.25,394,120,0.0,0.0,100.0,0.0,0.0,0.0,0.0,0.0,396.25,394,-5.296199999999999,-18.975000000000023,1,100.0,392.1833,385.8333,424.1167,466.0,399.125
2026-02-18 02:00:00,392.1833,390,120,0.0,0.0,100.0,0.0,0.0,0.0,0.0,0.0,392.1833,390,-4.066700000000026,-15.858400000000017,2,100.0,387.7417,386.4333,443.1083,465.5667,387.525
2026-02-18 03:00:00,387.7417,317,120,0.0,0.0,100.0,0.0,0.0,0.0,0.0,0.0,387.7417,317,-4.441599999999994,-13.804500000000019,3,100.0,385.8333,405.175,458.9917,466.0,383.075
2026-02-18 04:00:00,385.8333,317,120,0.0,0.0,100.0,0.0,0.0,0.0,0.0,0.0,385.8333,317,-1.908399999999972,-10.416699999999992,4,100.0,386.4333,424.1167,466.0,461.4833,379.3083
2026-02-18 05:00:00,386.4333,384,120,0.0,0.0,100.0,0.0,0.0,0.0,0.0,0.0,386.4333,384,0.5999999999999659,-5.75,5,100.0,405.175,443.1083,466.0,461.45,376.2833
2026-02-18 06:00:00,405.175,394,120,0.0,0.0,99.738793,0.0,0.0,0.0,0.0,0.0,405.175,394,18.741700000000037,17.43330000000003,6,99.738793,424.1167,458.9917,466.0,456.9917,376.225
2026-02-18 07:00:00,424.1167,415,120,0.0,0.0,98.548246,0.0,0.0,0.0,0.0,0.0,424.1167,415,18.94169999999997,38.28339999999997,7,98.548246,443.1083,466.0,466.0,456.375,393.2667
2026-02-18 08:00:00,443.1083,434,120,0.0,0.0,92.319828,0.0,0.0,0.0,0.0,0.0,443.1083,434,18.991600000000005,56.67500000000001,8,92.319828,458.9917,466.0,465.5667,462.1017,410.4583
2026-02-18 09:00:00,458.9917,451,120,0.0,0.0,87.230435,0.0,0.0,0.0,0.0,0.0,458.9917,451,15.883399999999995,53.81669999999997,9,87.230435,466.0,466.0,466.0,458.7815,426.3417
2026-02-18 10:00:00,466.0,464,120,0.0,0.0,82.845614,0.0,0.0,0.0,0.0,0.0,466.0,464,7.00830000000002,41.88330000000002,10,82.845614,466.0,466.0,461.4833,441.1,438.5
2026-02-18 11:00:00,466.0,466,120,0.0,0.0,86.603478,0.0,0.0,0.0,0.0,0.0,466.0,466,0.0,22.891700000000014,11,86.603478,466.0,465.5667,461.45,424.425,446.6
2026-02-18 12:00:00,466.0,466,120,0.0,0.0,84.628948,0.0,0.0,0.0,0.0,0.0,466.0,466,0.0,7.00830000000002,12,84.628948,466.0,466.0,456.9917,410.65,458.0
2026-02-18 13:00:00,466.0,454,119,2.79,2.79,98.777586,2.79,2.7900000000000214,2.7900000000000142,2.7900000000000142,2.79,466.0,454,0.0,0.0,13,98.777586,465.5667,461.4833,456.375,399.125,463.1917
2026-02-18 14:00:00,465.5667,465,120,2.79,2.79,100.0,2.79,5.580000000000021,5.580000000000014,5.580000000000014,2.79,465.5667,465,-0.43329999999997426,-0.43329999999997426,14,100.0,466.0,461.45,462.1017,387.525,462.9333
2026-02-18 15:00:00,466.0,465,120,0.25,3.05,100.0,0.25,5.830000000000021,5.830000000000014,5.830000000000014,3.05,466.0,465,0.43329999999997426,0.0,15,100.0,461.4833,456.9917,458.7815,383.075,464.4622
2026-02-18 16:00:00,461.4833,458,120,1.27,4.57,100.0,1.27,4.310000000000022,7.100000000000014,7.100000000000014,4.57,461.4833,458,-4.516700000000014,-4.516700000000014,16,100.0,461.45,456.375,441.1,379.3083,465.7333
2026-02-18 17:00:00,461.45,459,120,8.38,11.94,100.0,8.38,9.900000000000023,15.480000000000015,15.480000000000015,11.94,461.45,459,-0.033299999999997,-4.116700000000037,17,100.0,456.9917,462.1017,424.425,376.2833,464.8417
2026-02-18 18:00:00,456.9917,453,120,7.11,12.95,100.0,7.11,16.760000000000023,22.590000000000014,22.590000000000014,12.95,456.9917,453,-4.458300000000008,-9.00830000000002,18,100.0,456.375,458.7815,410.65,376.225,463.8167
2026-02-18 19:00:00,456.375,439,120,1.02,12.95,100.0,1.02,16.510000000000023,20.820000000000014,23.610000000000014,12.95,456.375,439,-0.6166999999999803,-5.108299999999986,19,100.0,462.1017,441.1,399.125,393.2667,462.325
2026-02-18 20:00:00,462.1017,460,118,0.0,12.95,100.0,0.0,8.130000000000022,18.030000000000015,23.610000000000014,12.95,462.1017,460,5.726699999999994,0.6517000000000053,20,100.0,458.7815,424.425,387.525,410.4583,460.4215
2026-02-18 21:00:00,458.7815,366,119,0.0,12.95,100.0,0.0,1.0200000000000213,17.780000000000015,23.610000000000014,12.95,458.7815,366,-3.3202,1.7898000000000138,21,100.0,441.1,410.65,383.075,426.3417,456.5714
2026-02-18 22:00:00,441.1,432,120,0.25,13.46,100.0,0.25,0.2500000000000213,16.760000000000012,23.860000000000014,13.46,441.1,432,-17.68149999999997,-15.274999999999977,22,100.0,424.425,399.125,379.3083,438.5,451.0083
2026-02-18 23:00:00,424.425,417,120,0.25,13.46,100.0,0.25,0.5000000000000213,8.630000000000015,24.110000000000014,13.46,424.425,417,-16.67500000000001,-37.67669999999998,23,100.0,410.65,387.525,376.2833,446.6,442.525
2026-02-19 00:00:00,410.65,404,120,0.0,13.46,100.0,0.0,0.5000000000000213,1.5200000000000142,24.110000000000014,13.46,410.65,404,-13.775000000000034,-48.13150000000002,0,100.0,399.125,383.075,376.225,458.0,428.25
2026-02-19 01:00:00,399.125,394,120,0.0,13.46,100.0,0.0,0.2500000000000213,0.5000000000000142,21.320000000000014,13.46,399.125,394,-11.524999999999977,-41.97500000000002,1,100.0,387.525,379.3083,393.2667,463.1917,416.3833
2026-02-19 02:00:00,387.525,277,120,0.0,13.46,100.0,0.0,0.0,0.5000000000000142,18.530000000000015,13.46,387.525,277,-11.600000000000023,-36.900000000000034,2,100.0,383.075,376.2833,410.4583,462.9333,405.3667
2026-02-19 03:00:00,383.075,297,120,0.0,13.46,100.0,0.0,0.0,0.5000000000000142,18.280000000000015,13.46,383.075,297,-4.449999999999989,-27.57499999999999,3,100.0,379.3083,376.225,426.3417,464.4622,396.775
2026-02-19 04:00:00,379.3083,378,120,0.0,13.46,100.0,0.0,0.0,0.2500000000000142,17.010000000000012,13.46,379.3083,378,-3.7667000000000144,-19.816700000000026,4,100.0,376.2833,393.2667,438.5,465.7333,390.3667
2026-02-19 05:00:00,376.2833,375,120,0.0,13.46,100.0,0.0,0.0,0.0,8.630000000000015,13.46,376.2833,375,-3.0249999999999773,-11.24169999999998,5,100.0,376.225,410.4583,446.6,464.8417,398.0417
2026-02-19 06:00:00,376.225,375,120,0.0,13.46,100.0,0.0,0.0,0.0,1.5200000000000142,13.46,376.225,375,-0.05829999999997426,-6.849999999999966,6,100.0,393.2667,426.3417,458.0,463.8167,417.2083
2026-02-19 07:00:00,393.2667,383,120,0.0,13.46,99.593044,0.0,0.0,0.0,0.5000000000000142,13.46,393.2667,383,17.04169999999999,13.95840000000004,7,99.593044,410.4583,438.5,463.1917,462.325,434.975
2026-02-19 08:00:00,410.4583,403,120,0.0,13.46,97.612174,0.0,0.0,0.0,0.5000000000000142,13.46,410.4583,403,17.191599999999994,34.17500000000001,8,97.612174,426.3417,446.6,462.9333,460.4215,448.0417
2026-02-19 09:00:00,426.3417,419,120,0.0,13.46,91.691305,0.0,0.0,0.0,0.5000000000000142,13.46,426.3417,419,15.883399999999995,50.11669999999998,9,91.691305,438.5,458.0,464.4622,456.5714,458.775
2026-02-19 10:00:00,438.5,433,114,0.0,13.46,87.856364,0.0,0.0,0.0,0.2500000000000142,13.46,438.5,433,12.158299999999997,45.233299999999986,10,87.856364,446.6,463.1917,465.7333,451.0083,464.9583
2026-02-19 11:00:00,446.6,443,120,0.0,13.46,86.724347,0.0,0.0,0.0,0.0,13.46,446.6,443,8.100000000000023,36.141700000000014,11,86.724347,458.0,462.9333,464.8417,442.525,460.1833
2026-02-19 12:00:00,458.0,450,120,0.0,13.46,84.601739,0.0,0.0,0.0,0.0,13.46,458.0,450,11.399999999999977,31.658299999999997,12,84.601739,463.1917,464.4622,463.8167,428.25,449.3
2026-02-19 13:00:00,463.1917,461,120,0.0,13.46,92.695614,0.0,0.0,0.0,0.0,13.46,463.1917,461,5.191700000000026,24.691700000000026,13,92.695614,462.9333,465.7333,462.325,416.3833,446.1282
2026-02-19 14:00:00,462.9333,461,120,5.33,15.75,99.546957,5.33,5.330000000000021,5.330000000000014,5.330000000000014,15.75,462.9333,461,-0.2584000000000515,16.33329999999995,14,99.546957,464.4622,464.8417,460.4215,405.3667,450.4083
2026-02-19 15:00:00,464.4622,463,119,5.33,16.0,100.0,5.33,10.660000000000021,10.660000000000014,10.660000000000014,16.0,464.4622,463,1.5289000000000215,6.462199999999996,15,100.0,465.7333,463.8167,456.5714,396.775,449.8583
2026-02-19 16:00:00,465.7333,465,120,0.25,15.75,100.0,0.25,10.910000000000021,10.910000000000014,10.910000000000014,15.75,465.7333,465,1.27109999999999,2.54159999999996,16,100.0,464.8417,462.325,451.0083,390.3667,440.6833
2026-02-19 17:00:00,464.8417,464,120,0.0,12.95,100.0,0.0,5.580000000000021,10.910000000000014,10.910000000000014,12.95,464.8417,464,-0.8915999999999826,1.9084000000000287,17,100.0,463.8167,460.4215,442.525,398.0417,452.4917
2026-02-19 18:00:00,463.8167,463,120,0.0,6.86,100.0,0.0,0.2500000000000213,10.910000000000014,10.910000000000014,6.86,463.8167,463,-1.0249999999999773,-0.64549999999997,18,100.0,462.325,456.5714,428.25,417.2083,462.5167
2026-02-19 19:00:00,462.325,462,120,0.0,5.84,100.0,0.0,0.0,10.910000000000014,10.910000000000014,5.84,462.325,462,-1.491700000000037,-3.408299999999997,19,100.0,460.4215,451.0083,416.3833,434.975,465.3833
2026-02-19 20:00:00,460.4215,398,121,2.54,8.64,100.0,2.54,2.5400000000000214,8.120000000000015,13.450000000000014,8.64,460.4215,398,-1.9035000000000082,-4.4202000000000226,20,100.0,456.5714,442.525,405.3667,448.0417,465.8448
2026-02-19 21:00:00,456.5714,454,119,2.54,8.64,100.0,2.54,5.080000000000021,5.330000000000014,15.990000000000014,8.64,456.5714,454,-3.8500999999999976,-7.245300000000043,21,100.0,451.0083,428.25,396.775,458.775,464.7563
2026-02-19 22:00:00,451.0083,448,120,0.0,8.64,100.0,0.0,5.080000000000021,5.080000000000014,15.990000000000014,8.64,451.0083,448,-5.563099999999963,-11.316699999999969,22,100.0,442.525,416.3833,390.3667,464.9583,455.678
2026-02-19 23:00:00,442.525,353,120,0.0,8.38,100.0,0.0,2.5400000000000214,5.080000000000014,15.990000000000014,8.38,442.525,353,-8.483300000000042,-17.896500000000003,23,100.0,428.25,405.3667,398.0417,460.1833,447.1833
2026-02-20 00:00:00,428.25,319,120,0.0,8.38,100.0,0.0,0.0,5.080000000000014,15.990000000000014,8.38,428.25,319,-14.274999999999977,-28.321399999999983,0,100.0,416.3833,396.775,417.2083,449.3,439.5833
2026-02-20 01:00:00,416.3833,410,120,0.0,8.38,100.0,0.0,0.0,5.080000000000014,15.990000000000014,8.38,416.3833,410,-11.86669999999998,-34.625,1,100.0,405.3667,390.3667,434.975,446.1282,432.8333
2026-02-20 02:00:00,405.3667,401,120,0.0,8.38,100.0,0.0,0.0,2.5400000000000142,10.660000000000014,8.38,405.3667,401,-11.01660000000004,-37.1583,2,100.0,396.775,398.0417,448.0417,450.4083,426.5167
2026-02-20 03:00:00,396.775,393,120,0.0,8.38,100.0,0.0,0.0,0.0,5.330000000000014,8.38,396.775,393,-8.591700000000003,-31.475000000000023,3,100.0,390.3667,417.2083,458.775,449.8583,420.4083
2026-02-20 04:00:00,390.3667,388,120,0.0,8.38,100.0,0.0,0.0,0.0,5.080000000000014,8.38,390.3667,388,-6.408299999999997,-26.01660000000004,4,100.0,398.0417,434.975,464.9583,440.6833,414.975
2026-02-20 05:00:00,398.0417,388,120,0.0,8.38,100.0,0.0,0.0,0.0,5.080000000000014,8.38,398.0417,388,7.675000000000011,-7.324999999999989,5,100.0,417.2083,448.0417,460.1833,452.4917,409.7583
2026-02-20 06:00:00,417.2083,407,120,0.0,8.38,100.0,0.0,0.0,0.0,5.080000000000014,8.38,417.2083,407,19.166600000000017,20.43330000000003,6,100.0,434.975,458.775,449.3,462.5167,410.3417
2026-02-20 07:00:00,434.975,427,120,0.0,8.38,96.388793,0.0,0.0,0.0,5.080000000000014,8.38,434.975,427,17.766700000000014,44.60830000000004,7,96.388793,448.0417,464.9583,446.1282,465.3833,431.1917
2026-02-20 08:00:00,448.0417,443,120,0.0,8.38,93.849123,0.0,0.0,0.0,2.5400000000000142,8.38,448.0417,443,13.066699999999969,50.0,8,93.849123,458.775,460.1833,450.4083,465.8448,453.2417
2026-02-20 09:00:00,458.775,454,120,0.0,8.38,90.937392,0.0,0.0,0.0,0.0,8.38,458.775,454,10.733299999999986,41.56669999999997,9,90.937392,464.9583,449.3,449.8583,464.7563,465.8583
2026-02-20 10:00:00,464.9583,463,120,0.0,8.38,86.908696,0.0,0.0,0.0,0.0,8.38,464.9583,463,6.183300000000031,29.983299999999986,10,86.908696,460.1833,446.1282,440.6833,455.678,466.0
2026-02-20 11:00:00,460.1833,454,120,0.0,8.38,85.276991,0.0,0.0,0.0,0.0,8.38,460.1833,454,-4.775000000000034,12.141599999999983,11,85.276991,449.3,450.4083,452.4917,447.1833,466.0
2026-02-20 12:00:00,449.3,444,120,0.0,8.38,83.764912,0.0,0.0,0.0,0.0,8.38,449.3,444,-10.883299999999963,-9.474999999999966,12,83.764912,446.1282,449.8583,462.5167,439.5833,466.0
2026-02-20 13:00:00,446.1282,442,117,0.0,8.38,85.01875,0.0,0.0,0.0,0.0,8.38,446.1282,442,-3.171800000000019,-18.830100000000016,13,85.01875,450.4083,440.6833,465.3833,432.8333,466.0
2026-02-20 14:00:00,450.4083,448,120,0.0,8.38,82.507207,0.0,0.0,0.0,0.0,8.38,450.4083,448,4.2801000000000045,-9.774999999999977,14,82.507207,449.8583,452.4917,465.8448,426.5167,459.1765
2026-02-20 15:00:00,449.8583,445,120,0.0,2.79,85.797368,0.0,0.0,0.0,0.0,2.79,449.8583,445,-0.5500000000000114,0.5582999999999743,15,85.797368,440.6833,462.5167,464.7563,420.4083,463.175
2026-02-20 16:00:00,440.6833,436,120,0.0,2.54,91.548696,0.0,0.0,0.0,0.0,2.54,440.6833,436,-9.175000000000011,-5.444900000000018,16,91.548696,452.4917,465.3833,455.678,414.975,466.0
2026-02-20 17:00:00,452.4917,444,120,0.25,2.79,100.0,0.25,0.2500000000000213,0.2500000000000142,0.2500000000000142,2.79,452.4917,444,11.808400000000006,2.0833999999999833,17,100.0,462.5167,465.8448,447.1833,409.7583,464.1681
2026-02-20 18:00:00,462.5167,388,120,0.25,2.79,99.497391,0.25,0.5000000000000213,0.5000000000000142,0.5000000000000142,2.79,462.5167,388,10.025000000000034,12.658400000000029,18,99.497391,465.3833,464.7563,439.5833,410.3417,457.85
2026-02-20 19:00:00,465.3833,465,120,0.0,2.79,100.0,0.0,0.5000000000000213,0.5000000000000142,0.5000000000000142,2.79,465.3833,465,2.8666000000000054,24.700000000000045,19,100.0,465.8448,455.678,432.8333,431.1917,464.1417
2026-02-20 20:00:00,465.8448,465,116,0.0,2.79,100.0,0.0,0.2500000000000213,0.5000000000000142,0.5000000000000142,2.79,465.8448,465,0.4615000000000009,13.35310000000004,20,100.0,464.7563,447.1833,426.5167,453.2417,465.5667
2026-02-20 21:00:00,464.7563,461,119,0.0,0.25,100.0,0.0,0.0,0.5000000000000142,0.5000000000000142,0.25,464.7563,461,-1.0885000000000105,2.239599999999996,21,100.0,455.678,439.5833,420.4083,465.8583,465.975
2026-02-20 22:00:00,455.678,451,118,0.0,0.25,100.0,0.0,0.0,0.5000000000000142,0.5000000000000142,0.25,455.678,451,-9.078300000000013,-9.705300000000022,22,100.0,447.1833,432.8333,414.975,466.0,461.8833
2026-02-20 23:00:00,447.1833,443,120,0.0,0.25,100.0,0.0,0.0,0.2500000000000142,0.5000000000000142,0.25,447.1833,443,-8.494700000000023,-18.661500000000046,23,100.0,439.5833,426.5167,409.7583,466.0,453.4833
2026-02-21 00:00:00,439.5833,436,120,0.0,0.25,100.0,0.0,0.0,0.0,0.5000000000000142,0.25,439.5833,436,-7.599999999999966,-25.173000000000002,0,100.0,432.8333,420.4083,410.3417,466.0,446.5
2026-02-21 01:00:00,432.8333,430,120,0.0,0.25,100.0,0.0,0.0,0.0,0.5000000000000142,0.25,432.8333,430,-6.75,-22.84469999999999,1,100.0,426.5167,414.975,431.1917,466.0,440.075
2026-02-21 02:00:00,426.5167,423,120,0.0,0.25,100.0,0.0,0.0,0.0,0.5000000000000142,0.25,426.5167,423,-6.316599999999994,-20.66659999999996,2,100.0,420.4083,409.7583,453.2417,459.1765,434.4833
2026-02-21 03:00:00,420.4083,418,120,0.0,0.25,100.0,0.0,0.0,0.0,0.5000000000000142,0.25,420.4083,418,-6.108400000000017,-19.17500000000001,3,100.0,414.975,410.3417,465.8583,463.175,429.0833
2026-02-21 04:00:00,414.975,412,120,0.0,0.25,100.0,0.0,0.0,0.0,0.5000000000000142,0.25,414.975,412,-5.433299999999974,-17.858299999999986,4,100.0,409.7583,431.1917,466.0,466.0,424.15
2026-02-21 05:00:00,409.7583,408,120,0.0,0.25,100.0,0.0,0.0,0.0,0.2500000000000142,0.25,409.7583,408,-5.216700000000003,-16.758399999999995,5,100.0,410.3417,453.2417,466.0,464.1681,419.3583
2026-02-21 06:00:00,410.3417,406,120,0.0,0.25,100.0,0.0,0.0,0.0,0.0,0.25,410.3417,406,0.5833999999999833,-10.066599999999994,6,100.0,431.1917,465.8583,466.0,457.85,417.6917
2026-02-21 07:00:00,431.1917,420,120,0.0,0.25,98.35913,0.0,0.0,0.0,0.0,0.25,431.1917,420,20.850000000000023,16.216700000000003,7,98.35913,453.2417,466.0,466.0,464.1417,437.375
2026-02-21 08:00:00,453.2417,443,120,0.0,0.25,92.695652,0.0,0.0,0.0,0.0,0.25,453.2417,443,22.049999999999955,43.48339999999996,8,92.695652,465.8583,466.0,459.1765,465.5667,458.1583
2026-02-21 09:00:00,465.8583,462,120,0.0,0.25,91.683478,0.0,0.0,0.0,0.0,0.25,465.8583,462,12.616600000000005,55.51659999999998,9,91.683478,466.0,466.0,463.175,465.975,466.0
2026-02-21 10:00:00,466.0,466,119,0.0,0.25,84.902609,0.0,0.0,0.0,0.0,0.25,466.0,466,0.14170000000001437,34.808299999999974,10,84.902609,466.0,466.0,466.0,461.8833,466.0
2026-02-21 11:00:00,466.0,466,120,0.0,0.25,81.792105,0.0,0.0,0.0,0.0,0.25,466.0,466,0.0,12.75830000000002,11,81.792105,466.0,459.1765,464.1681,453.4833,466.0
2026-02-21 12:00:00,466.0,466,120,0.0,0.25,80.238597,0.0,0.0,0.0,0.0,0.25,466.0,466,0.0,0.14170000000001437,12,80.238597,466.0,463.175,457.85,446.5,466.0
2026-02-21 13:00:00,466.0,464,120,0.0,0.25,79.038596,0.0,0.0,0.0,0.0,0.25,466.0,464,0.0,0.0,13,79.038596,459.1765,466.0,464.1417,440.075,466.0
2026-02-21 14:00:00,459.1765,456,119,0.0,0.25,91.932174,0.0,0.0,0.0,0.0,0.25,459.1765,456,-6.823500000000024,-6.823500000000024,14,91.932174,463.175,464.1681,465.5667,434.4833,465.7917
2026-02-21 15:00:00,463.175,460,120,0.25,0.51,99.987719,0.25,0.2500000000000213,0.2500000000000142,0.2500000000000142,0.51,463.175,460,3.9985000000000355,-2.8249999999999886,15,99.987719,466.0,457.85,465.975,429.0833,465.975
2026-02-21 16:00:00,466.0,465,120,0.25,0.51,96.941379,0.25,0.5000000000000213,0.5000000000000142,0.5000000000000142,0.51,466.0,465,2.8249999999999886,0.0,16,96.941379,464.1681,464.1417,461.8833,424.15,465.3583
2026-02-21 17:00:00,464.1681,460,119,0.0,0.51,98.364348,0.0,0.5000000000000213,0.5000000000000142,0.5000000000000142,0.51,464.1681,460,-1.8319000000000187,4.991600000000005,17,98.364348,457.85,465.5667,453.4833,419.3583,465.0917
2026-02-21 18:00:00,457.85,418,120,0.0,0.25,99.073044,0.0,0.2500000000000213,0.5000000000000142,0.5000000000000142,0.25,457.85,418,-6.3180999999999585,-5.324999999999989,18,99.073044,464.1417,465.975,446.5,417.6917,465.6917
2026-02-21 19:00:00,464.1417,462,120,0.0,0.25,99.025439,0.0,0.0,0.5000000000000142,0.5000000000000142,0.25,464.1417,462,6.291699999999992,-1.8582999999999856,19,99.025439,465.5667,461.8833,440.075,437.375,465.9583
2026-02-21 20:00:00,465.5667,465,120,0.25,0.51,100.0,0.25,0.2500000000000213,0.7500000000000142,0.7500000000000142,0.51,465.5667,465,1.4250000000000114,1.3986000000000445,20,100.0,465.975,453.4833,434.4833,458.1583,465.95
2026-02-21 21:00:00,465.975,465,120,0.25,0.51,100.0,0.25,0.5000000000000213,0.7500000000000142,1.0000000000000142,0.51,465.975,465,0.408299999999997,8.125,21,100.0,461.8833,446.5,429.0833,466.0,459.7333
2026-02-21 22:00:00,461.8833,457,120,0.0,0.51,100.0,0.0,0.5000000000000213,0.5000000000000142,1.0000000000000142,0.51,461.8833,457,-4.091700000000003,-2.2583999999999946,22,100.0,453.4833,440.075,424.15,466.0,448.7
2026-02-21 23:00:00,453.4833,450,120,0.0,0.51,100.0,0.0,0.2500000000000213,0.5000000000000142,1.0000000000000142,0.51,453.4833,450,-8.400000000000034,-12.08340000000004,23,100.0,446.5,434.4833,419.3583,466.0,439.25
2026-02-22 00:00:00,446.5,443,120,0.0,0.51,100.0,0.0,0.0,0.5000000000000142,1.0000000000000142,0.51,446.5,443,-6.983299999999986,-19.475000000000023,0,100.0,440.075,429.0833,417.6917,466.0,431.125
2026-02-22 01:00:00,440.075,437,120,0.0,0.51,100.0,0.0,0.0,0.5000000000000142,1.0000000000000142,0.51,440.075,437,-6.425000000000011,-21.80830000000003,1,100.0,434.4833,424.15,437.375,466.0,423.1833
2026-02-22 02:00:00,434.4833,432,120,0.0,0.51,100.0,0.0,0.0,0.2500000000000142,1.0000000000000142,0.51,434.4833,432,-5.591700000000003,-19.0,2,100.0,429.0833,419.3583,458.1583,465.7917,412.525
2026-02-22 03:00:00,429.0833,427,120,0.0,0.51,100.0,0.0,0.0,0.0,0.7500000000000142,0.51,429.0833,427,-5.399999999999977,-17.41669999999999,3,100.0,424.15,417.6917,466.0,465.975,409.05
2026-02-22 04:00:00,424.15,422,120,0.0,0.51,100.0,0.0,0.0,0.0,0.5000000000000142,0.51,424.15,422,-4.933300000000031,-15.925000000000011,4,100.0,419.3583,437.375,466.0,465.3583,403.6833
2026-02-22 05:00:00,419.3583,417,120,0.0,0.51,100.0,0.0,0.0,0.0,0.5000000000000142,0.51,419.3583,417,-4.791699999999992,-15.125,5,100.0,417.6917,458.1583,466.0,465.0917,399.5333
2026-02-22 06:00:00,417.6917,415,120,0.0,0.51,100.0,0.0,0.0,0.0,0.5000000000000142,0.51,417.6917,415,-1.66659999999996,-11.391599999999983,6,100.0,437.375,466.0,466.0,465.6917,414.35
2026-02-22 07:00:00,437.375,426,120,0.0,0.51,100.0,0.0,0.0,0.0,0.5000000000000142,0.51,437.375,426,19.683299999999974,13.225000000000023,7,100.0,458.1583,466.0,466.0,465.9583,438.05
2026-02-22 08:00:00,458.1583,449,120,0.0,0.51,98.927826,0.0,0.0,0.0,0.2500000000000142,0.51,458.1583,449,20.783299999999997,38.80000000000001,8,98.927826,466.0,466.0,465.7917,465.95,455.875
2026-02-22 09:00:00,466.0,465,120,0.0,0.51,93.354783,0.0,0.0,0.0,0.0,0.51,466.0,465,7.841700000000003,48.308299999999974,9,93.354783,466.0,466.0,465.975,459.7333,466.0
2026-02-22 10:00:00,466.0,466,119,0.0,0.51,87.258261,0.0,0.0,0.0,0.0,0.51,466.0,466,0.0,28.625,10,87.258261,466.0,466.0,465.3583,448.7,466.0
2026-02-22 11:00:00,466.0,466,120,0.0,0.51,82.654783,0.0,0.0,0.0,0.0,0.51,466.0,466,0.0,7.841700000000003,11,82.654783,466.0,465.7917,465.0917,439.25,463.85
2026-02-22 12:00:00,466.0,466,120,0.0,0.51,83.689565,0.0,0.0,0.0,0.0,0.51,466.0,466,0.0,0.0,12,83.689565,466.0,465.975,465.6917,431.125,454.825
2026-02-22 13:00:00,466.0,466,120,0.0,0.51,79.646087,0.0,0.0,0.0,0.0,0.51,466.0,466,0.0,0.0,13,79.646087,465.7917,465.3583,465.9583,423.1833,446.3667
2026-02-22 14:00:00,465.7917,464,120,0.0,0.51,98.561062,0.0,0.0,0.0,0.0,0.51,465.7917,464,-0.20830000000000837,-0.20830000000000837,14,98.561062,465.975,465.0917,465.95,412.525,436.6555
2026-02-22 15:00:00,465.975,465,120,0.0,0.25,100.0,0.0,0.0,0.0,0.0,0.25,465.975,465,0.1833000000000311,-0.024999999999977263,15,100.0,465.3583,465.6917,459.7333,409.05,386.575
2026-02-22 16:00:00,465.3583,465,120,1.02,1.27,100.0,1.02,1.0200000000000213,1.0200000000000142,1.0200000000000142,1.27,465.3583,465,-0.6167000000000371,-0.6417000000000144,16,100.0,465.0917,465.9583,448.7,403.6833,365.7417
2026-02-22 17:00:00,465.0917,465,120,1.02,1.27,100.0,1.02,2.0400000000000214,2.0400000000000142,2.0400000000000142,1.27,465.0917,465,-0.26659999999998263,-0.6999999999999886,17,100.0,465.6917,465.95,439.25,399.5333,361.5
2026-02-22 18:00:00,465.6917,465,120,0.0,1.27,100.0,0.0,2.0400000000000214,2.0400000000000142,2.0400000000000142,1.27,465.6917,465,0.6000000000000227,-0.283299999999997,18,100.0,465.9583,459.7333,431.125,414.35,363.0417
2026-02-22 19:00:00,465.9583,465,120,0.0,1.27,100.0,0.0,1.0200000000000213,2.0400000000000142,2.0400000000000142,1.27,465.9583,465,0.26659999999998263,0.6000000000000227,19,100.0,465.95,448.7,423.1833,438.05,366.6333
2026-02-22 20:00:00,465.95,465,120,0.25,1.27,100.0,0.25,0.2500000000000213,2.2900000000000142,2.2900000000000142,1.27,465.95,465,-0.008300000000019736,0.8582999999999856,20,100.0,459.7333,439.25,412.525,455.875,371.1917
2026-02-22 21:00:00,459.7333,454,120,0.25,1.27,100.0,0.25,0.5000000000000213,2.5400000000000142,2.5400000000000142,1.27,459.7333,454,-6.216700000000003,-5.95840000000004,21,100.0,448.7,431.125,409.05,466.0,376.0083
2026-02-22 22:00:00,448.7,444,120,0.0,1.27,100.0,0.0,0.5000000000000213,1.5200000000000142,2.5400000000000142,1.27,448.7,444,-11.033299999999997,-17.25830000000002,22,100.0,439.25,423.1833,403.6833,466.0,380.525
2026-02-22 23:00:00,439.25,435,120,0.0,1.27,100.0,0.0,0.2500000000000213,0.5000000000000142,2.5400000000000142,1.27,439.25,435,-9.449999999999989,-26.69999999999999,23,100.0,431.125,412.525,399.5333,463.85,372.4917
2026-02-23 00:00:00,431.125,427,120,0.25,1.78,100.0,0.25,0.2500000000000213,0.7500000000000142,2.7900000000000142,1.78,431.125,427,-8.125,-28.608299999999986,0,100.0,423.1833,409.05,414.35,454.825,362.95
2026-02-23 01:00:00,423.1833,419,120,0.25,1.78,100.0,0.25,0.5000000000000213,1.0000000000000142,3.0400000000000142,1.78,423.1833,419,-7.941700000000026,-25.516700000000014,1,100.0,412.525,403.6833,438.05,446.3667,360.9417
2026-02-23 02:00:00,412.525,280,120,0.0,1.78,100.0,0.0,0.5000000000000213,0.7500000000000142,3.0400000000000142,1.78,412.525,280,-10.658299999999997,-26.725000000000023,2,100.0,409.05,399.5333,455.875,436.6555,361.1083
2026-02-23 03:00:00,409.05,369,120,0.0,1.78,100.0,0.0,0.2500000000000213,0.5000000000000142,3.0400000000000142,1.78,409.05,369,-3.474999999999966,-22.07499999999999,3,100.0,403.6833,414.35,466.0,386.575,359.3583
2026-02-23 04:00:00,403.6833,365,120,0.0,1.78,100.0,0.0,0.0,0.5000000000000142,2.0200000000000142,1.78,403.6833,365,-5.366700000000037,-19.5,4,100.0,399.5333,438.05,466.0,365.7417,362.3
2026-02-23 05:00:00,399.5333,398,120,0.0,1.78,100.0,0.0,0.0,0.5000000000000142,1.0000000000000142,1.78,399.5333,398,-4.149999999999977,-12.99169999999998,5,100.0,414.35,455.875,463.85,361.5,364.275
2026-02-23 06:00:00,414.35,402,120,0.0,1.78,99.789565,0.0,0.0,0.2500000000000142,1.0000000000000142,1.78,414.35,402,14.816700000000026,5.300000000000011,6,99.789565,438.05,466.0,454.825,363.0417,376.5378
2026-02-23 07:00:00,438.05,426,120,0.0,1.78,91.589565,0.0,0.0,0.0,1.0000000000000142,1.78,438.05,426,23.69999999999999,34.36670000000004,7,91.589565,455.875,466.0,446.3667,366.6333,394.35
2026-02-23 08:00:00,455.875,448,120,0.0,1.78,92.196522,0.0,0.0,0.0,0.7500000000000142,1.78,455.875,448,17.82499999999999,56.3417,8,92.196522,466.0,463.85,436.6555,371.1917,408.7833
2026-02-23 09:00:00,466.0,464,120,0.0,1.78,86.454782,0.0,0.0,0.0,0.5000000000000142,1.78,466.0,464,10.125,51.64999999999998,9,86.454782,466.0,454.825,386.575,376.0083,421.4333
2026-02-23 10:00:00,466.0,466,119,0.0,1.78,85.035965,0.0,0.0,0.0,0.5000000000000142,1.78,466.0,466,0.0,27.94999999999999,10,85.035965,463.85,446.3667,365.7417,380.525,430.7119
2026-02-23 11:00:00,463.85,458,120,0.0,1.78,83.86579,0.0,0.0,0.0,0.5000000000000142,1.78,463.85,458,-2.1499999999999773,7.975000000000023,11,83.86579,454.825,436.6555,361.5,372.4917,427.75
2026-02-23 12:00:00,454.825,450,120,0.0,1.78,83.674561,0.0,0.0,0.0,0.2500000000000142,1.78,454.825,450,-9.025000000000034,-11.175000000000011,12,83.674561,446.3667,386.575,363.0417,362.95,415.3333
2026-02-23 13:00:00,446.3667,442,120,0.0,1.78,85.392174,0.0,0.0,0.0,0.0,1.78,446.3667,442,-8.458300000000008,-19.63330000000002,13,85.392174,436.6555,365.7417,366.6333,360.9417,412.6667
2026-02-23 14:00:00,436.6555,279,119,32.0,33.78,98.62087,32.0,32.00000000000002,32.000000000000014,32.000000000000014,33.78,436.6555,279,-9.711199999999963,-27.194500000000005,14,98.62087,386.575,361.5,371.1917,361.1083,416.5
2026-02-23 15:00:00,386.575,371,120,32.77,35.05,100.0,32.77,64.77000000000002,64.77000000000001,64.77000000000001,35.05,386.575,371,-50.08050000000003,-68.25,15,100.0,365.7417,363.0417,376.0083,359.3583,383.2833
2026-02-23 16:00:00,365.7417,362,120,1.02,35.05,100.0,1.02,65.79000000000002,65.79000000000002,65.79000000000002,35.05,365.7417,362,-20.83330000000001,-80.625,16,100.0,361.5,366.6333,380.525,362.3,362.9583
2026-02-23 17:00:00,361.5,361,120,0.51,34.29,100.0,0.51,34.300000000000026,66.30000000000001,66.30000000000001,34.29,361.5,361,-4.24169999999998,-75.15550000000002,17,100.0,363.0417,371.1917,372.4917,364.275,356.0336
2026-02-23 18:00:00,363.0417,362,120,0.0,34.29,100.0,0.0,1.5300000000000213,66.30000000000001,66.30000000000001,34.29,363.0417,362,1.5416999999999916,-23.533299999999997,18,100.0,366.6333,376.0083,362.95,376.5378,355.2
2026-02-23 19:00:00,366.6333,364,120,0.0,34.29,100.0,0.0,0.5100000000000213,66.30000000000001,66.30000000000001,34.29,366.6333,364,3.591600000000028,0.8916000000000395,19,100.0,371.1917,380.525,360.9417,394.35,357.2185
2026-02-23 20:00:00,371.1917,369,120,1.27,35.56,100.0,1.27,1.2700000000000213,35.570000000000014,67.57000000000002,35.56,371.1917,369,4.558400000000006,9.691700000000026,20,100.0,376.0083,372.4917,361.1083,408.7833,360.3529
2026-02-23 21:00:00,376.0083,374,120,1.27,35.81,100.0,1.27,2.5400000000000214,4.0700000000000145,68.84000000000002,35.81,376.0083,374,4.816599999999994,12.966600000000028,21,100.0,380.525,362.95,359.3583,421.4333,364.1417
2026-02-23 22:00:00,380.525,378,120,0.25,35.81,100.0,0.25,2.7900000000000214,3.300000000000014,69.09000000000002,35.81,380.525,378,4.5166999999999575,13.891699999999958,22,100.0,372.4917,360.9417,362.3,430.7119,368.8083
2026-02-23 23:00:00,372.4917,302,120,0.25,36.07,100.0,0.25,1.7700000000000213,3.0400000000000142,69.34000000000002,36.07,372.4917,302,-8.033299999999997,1.2999999999999545,23,100.0,362.95,361.1083,364.275,427.75,370.4167
2026-02-24 00:00:00,362.95,260,120,0.25,36.07,100.0,0.25,0.75,3.2900000000000142,69.59000000000002,36.07,362.95,260,-9.541699999999992,-13.058300000000031,0,100.0,360.9417,359.3583,376.5378,415.3333,362.4407
2026-02-24 01:00:00,360.9417,281,120,0.0,35.81,100.0,0.0,0.5000000000000213,3.2900000000000142,69.59000000000002,35.81,360.9417,281,-2.008299999999963,-19.58329999999995,1,100.0,361.1083,362.3,394.35,412.6667,360.275
2026-02-24 02:00:00,361.1083,260,120,0.0,35.81,100.0,0.0,0.2500000000000213,2.020000000000014,37.59000000000002,35.81,361.1083,260,0.1665999999999599,-11.383399999999995,2,100.0,359.3583,364.275,408.7833,416.5,358.9333
2026-02-24 03:00:00,359.3583,232,120,0.0,35.81,100.0,0.0,0.0,0.7500000000000142,4.8200000000000145,35.81,359.3583,232,-1.75,-3.591700000000003,3,100.0,362.3,376.5378,421.4333,383.2833,360.4
2026-02-24 04:00:00,362.3,266,120,0.0,35.81,100.0,0.0,0.0,0.5000000000000142,3.800000000000014,35.81,362.3,266,2.9417000000000257,1.3582999999999856,4,100.0,364.275,394.35,430.7119,362.9583,363.7
2026-02-24 05:00:00,364.275,363,120,0.0,35.81,100.0,0.0,0.0,0.2500000000000142,3.2900000000000142,35.81,364.275,363,1.974999999999966,3.1666999999999916,5,100.0,376.5378,408.7833,427.75,356.0336,379.7667
2026-02-24 06:00:00,376.5378,365,119,0.0,35.81,100.0,0.0,0.0,0.0,3.2900000000000142,35.81,376.5378,365,12.262800000000027,17.17950000000002,6,100.0,394.35,421.4333,415.3333,355.2,393.55
2026-02-24 07:00:00,394.35,386,120,0.0,35.81,100.0,0.0,0.0,0.0,3.2900000000000142,35.81,394.35,386,17.81220000000002,32.05000000000001,7,100.0,408.7833,430.7119,412.6667,357.2185,405.5667
2026-02-24 08:00:00,408.7833,402,120,0.0,35.81,99.671304,0.0,0.0,0.0,2.020000000000014,35.81,408.7833,402,14.433299999999974,44.50830000000002,8,99.671304,421.4333,427.75,416.5,360.3529,415.7333
2026-02-24 09:00:00,421.4333,415,120,0.0,35.81,91.917241,0.0,0.0,0.0,0.7500000000000142,35.81,421.4333,415,12.649999999999977,44.89549999999997,9,91.917241,430.7119,415.3333,383.2833,364.1417,426.05
2026-02-24 10:00:00,430.7119,428,118,0.0,35.81,82.995614,0.0,0.0,0.0,0.5000000000000142,35.81,430.7119,428,9.27860000000004,36.36189999999999,10,82.995614,427.75,412.6667,362.9583,368.8083,425.7983
2026-02-24 11:00:00,427.75,420,120,0.0,35.81,85.131034,0.0,0.0,0.0,0.2500000000000142,35.81,427.75,420,-2.961900000000014,18.966700000000003,11,85.131034,415.3333,416.5,356.0336,370.4167,418.7
2026-02-24 12:00:00,415.3333,410,120,0.0,35.81,97.322609,0.0,0.0,0.0,0.0,35.81,415.3333,410,-12.416699999999992,-6.099999999999966,12,97.322609,412.6667,383.2833,355.2,362.4407,430.0583
2026-02-24 13:00:00,412.6667,408,120,0.0,35.81,99.880702,0.0,0.0,0.0,0.0,35.81,412.6667,408,-2.6666000000000167,-18.045200000000023,13,99.880702,416.5,362.9583,357.2185,360.275,434.225
2026-02-24 14:00:00,416.5,373,120,10.67,35.81,100.0,10.67,10.670000000000021,10.670000000000014,10.670000000000014,35.81,416.5,373,3.8333000000000084,-11.25,14,100.0,383.2833,356.0336,360.3529,358.9333,439.0917
2026-02-24 15:00:00,383.2833,370,120,10.67,13.97,100.0,10.67,21.34000000000002,21.340000000000014,21.340000000000014,13.97,383.2833,370,-33.2167,-32.05000000000001,15,100.0,362.9583,355.2,364.1417,360.4,432.9083
2026-02-24 16:00:00,362.9583,358,120,0.0,12.95,100.0,0.0,21.34000000000002,21.340000000000014,21.340000000000014,12.95,362.9583,358,-20.32499999999999,-49.70839999999998,16,100.0,356.0336,357.2185,368.8083,363.7,421.6083
2026-02-24 17:00:00,356.0336,355,119,0.25,12.95,100.0,0.25,10.920000000000021,21.590000000000014,21.590000000000014,12.95,356.0336,355,-6.92470000000003,-60.46640000000002,17,100.0,355.2,360.3529,370.4167,379.7667,411.4833
2026-02-24 18:00:00,355.2,355,120,0.25,12.95,100.0,0.25,0.5000000000000213,21.840000000000014,21.840000000000014,12.95,355.2,355,-0.8335999999999899,-28.08330000000001,18,100.0,357.2185,364.1417,362.4407,393.55,415.775
2026-02-24 19:00:00,357.2185,356,119,0.0,12.95,100.0,0.0,0.5000000000000213,21.840000000000014,21.840000000000014,12.95,357.2185,356,2.0185000000000173,-5.7398000000000025,19,100.0,360.3529,368.8083,360.275,405.5667,430.925
2026-02-24 20:00:00,360.3529,359,119,0.0,12.95,100.0,0.0,0.2500000000000213,11.170000000000014,21.840000000000014,12.95,360.3529,359,3.134399999999971,4.319299999999998,20,100.0,364.1417,370.4167,358.9333,415.7333,443.5
2026-02-24 21:00:00,364.1417,362,120,0.0,11.68,100.0,0.0,0.0,0.5000000000000142,21.840000000000014,11.68,364.1417,362,3.7888000000000375,8.941700000000026,21,100.0,368.8083,362.4407,360.4,426.05,434.1513
2026-02-24 22:00:00,368.8083,343,120,0.0,11.18,100.0,0.0,0.0,0.5000000000000142,21.840000000000014,11.18,368.8083,343,4.66659999999996,11.589799999999968,22,100.0,370.4167,360.275,363.7,425.7983,416.4917
2026-02-24 23:00:00,370.4167,366,120,0.0,11.18,100.0,0.0,0.0,0.2500000000000142,21.840000000000014,11.18,370.4167,366,1.6084000000000174,10.063800000000015,23,100.0,362.4407,358.9333,379.7667,418.7,408.7583
2026-02-25 00:00:00,362.4407,247,118,0.0,10.92,100.0,0.0,0.0,0.0,21.840000000000014,10.92,362.4407,247,-7.975999999999999,-1.7010000000000218,0,100.0,360.275,360.4,393.55,430.0583,402.1417
2026-02-25 01:00:00,360.275,345,120,0.0,10.92,100.0,0.0,0.0,0.0,21.840000000000014,10.92,360.275,345,-2.1657000000000153,-8.533299999999997,1,100.0,358.9333,363.7,405.5667,434.225,396.8
2026-02-25 02:00:00,358.9333,283,120,0.0,10.92,100.0,0.0,0.0,0.0,11.170000000000014,10.92,358.9333,283,-1.341700000000003,-11.483400000000017,2,100.0,360.4,379.7667,415.7333,439.0917,391.9417
2026-02-25 03:00:00,360.4,360,120,0.0,10.92,100.0,0.0,0.0,0.0,0.5000000000000142,10.92,360.4,360,1.466700000000003,-2.0407000000000153,3,100.0,363.7,393.55,426.05,432.9083,388.7
2026-02-25 04:00:00,363.7,361,120,0.0,10.92,100.0,0.0,0.0,0.0,0.5000000000000142,10.92,363.7,361,3.3000000000000114,3.4250000000000114,4,100.0,379.7667,405.5667,425.7983,421.6083,393.225
2026-02-25 05:00:00,379.7667,372,120,0.0,10.92,100.0,0.0,0.0,0.0,0.2500000000000142,10.92,379.7667,372,16.066700000000026,20.83340000000004,5,100.0,393.55,415.7333,418.7,411.4833,411.6417
2026-02-25 06:00:00,393.55,387,120,0.0,10.92,100.0,0.0,0.0,0.0,0.0,10.92,393.55,387,13.783299999999997,33.150000000000034,6,100.0,405.5667,426.05,430.0583,415.775,429.4583
2026-02-25 07:00:00,405.5667,400,120,0.0,10.92,96.315518,0.0,0.0,0.0,0.0,10.92,405.5667,400,12.016700000000014,41.86670000000004,7,96.315518,415.7333,425.7983,434.225,430.925,437.2
2026-02-25 08:00:00,415.7333,412,120,0.0,10.92,89.248246,0.0,0.0,0.0,0.0,10.92,415.7333,412,10.16659999999996,35.96659999999997,8,89.248246,426.05,418.7,439.0917,443.5,438.5667
2026-02-25 09:00:00,426.05,421,120,0.0,10.92,81.332759,0.0,0.0,0.0,0.0,10.92,426.05,421,10.316700000000026,32.5,9,81.332759,425.7983,430.0583,432.9083,434.1513,449.958
2026-02-25 10:00:00,425.7983,419,119,0.0,10.92,79.447369,0.0,0.0,0.0,0.0,10.92,425.7983,419,-0.251700000000028,20.231599999999958,10,79.447369,418.7,434.225,421.6083,416.4917,460.7917
2026-02-25 11:00:00,418.7,415,120,0.0,10.92,78.369565,0.0,0.0,0.0,0.0,10.92,418.7,415,-7.098299999999995,2.966700000000003,11,78.369565,430.0583,439.0917,411.4833,408.7583,460.9
2026-02-25 12:00:00,430.0583,424,120,0.0,10.92,74.659649,0.0,0.0,0.0,0.0,10.92,430.0583,424,11.358299999999986,4.008299999999963,12,74.659649,434.225,432.9083,415.775,402.1417,450.0583
2026-02-25 13:00:00,434.225,428,120,0.0,10.92,74.576315,0.0,0.0,0.0,0.0,10.92,434.225,428,4.1667000000000485,8.42670000000004,13,74.576315,439.0917,421.6083,430.925,396.8,440.65
2026-02-25 14:00:00,439.0917,433,120,0.0,10.92,79.47193,0.0,0.0,0.0,0.0,10.92,439.0917,433,4.86669999999998,20.391700000000014,14,79.47193,432.9083,411.4833,443.5,391.9417,439.3667
2026-02-25 15:00:00,432.9083,427,120,0.0,0.25,82.598261,0.0,0.0,0.0,0.0,0.25,432.9083,427,-6.183400000000006,2.8500000000000227,15,82.598261,421.6083,415.775,434.1513,388.7,448.7583
2026-02-25 16:00:00,421.6083,417,120,0.0,0.25,77.189474,0.0,0.0,0.0,0.0,0.25,421.6083,417,-11.300000000000011,-12.616700000000037,16,77.189474,411.4833,430.925,416.4917,393.225,459.025
2026-02-25 17:00:00,411.4833,407,120,0.0,0.25,91.416522,0.0,0.0,0.0,0.0,0.25,411.4833,407,-10.125,-27.608400000000017,17,91.416522,415.775,443.5,408.7583,411.6417,462.2917
2026-02-25 18:00:00,415.775,406,120,0.0,0.0,100.0,0.0,0.0,0.0,0.0,0.0,415.775,406,4.291699999999992,-17.13330000000002,18,100.0,430.925,434.1513,402.1417,429.4583,463.0333
2026-02-25 19:00:00,430.925,299,120,0.0,0.0,100.0,0.0,0.0,0.0,0.0,0.0,430.925,299,15.150000000000034,9.316700000000026,19,100.0,443.5,416.4917,396.8,437.2,463.7167
2026-02-25 20:00:00,443.5,439,120,0.0,0.0,100.0,0.0,0.0,0.0,0.0,0.0,443.5,439,12.574999999999989,32.016700000000014,20,100.0,434.1513,408.7583,391.9417,438.5667,463.7833
2026-02-25 21:00:00,434.1513,429,119,0.0,0.0,100.0,0.0,0.0,0.0,0.0,0.0,434.1513,429,-9.348700000000008,18.376300000000015,21,100.0,416.4917,402.1417,388.7,449.958,463.4202
2026-02-25 23:00:00,416.4917,413,120,0.0,0.0,99.917391,0.0,0.0,0.0,0.0,0.0,416.4917,413,-17.65960000000001,-14.433300000000031,23,99.917391,408.7583,396.8,393.225,460.7917,463.6667
2026-02-26 00:00:00,408.7583,405,120,0.0,0.0,99.458261,0.0,0.0,0.0,0.0,0.0,408.7583,405,-7.7333999999999605,-34.74169999999998,0,99.458261,402.1417,391.9417,411.6417,460.9,463.9833
2026-02-26 01:00:00,402.1417,399,120,0.0,0.0,96.566087,0.0,0.0,0.0,0.0,0.0,402.1417,399,-6.616600000000005,-32.00959999999998,1,96.566087,396.8,388.7,429.4583,450.0583,463.9292
2026-02-26 02:00:00,396.8,394,120,0.0,0.0,95.026087,0.0,0.0,0.0,0.0,0.0,396.8,394,-5.341700000000003,-19.69169999999997,2,95.026087,391.9417,393.225,437.2,440.65,455.9576
2026-02-26 03:00:00,391.9417,390,120,0.25,0.25,100.0,0.25,0.2500000000000213,0.2500000000000142,0.2500000000000142,0.25,391.9417,390,-4.858299999999986,-16.816599999999994,3,100.0,388.7,411.6417,438.5667,439.3667,454.7815
2026-02-26 04:00:00,388.7,387,120,0.25,0.25,98.502586,0.25,0.5000000000000213,0.5000000000000142,0.5000000000000142,0.25,388.7,387,-3.241700000000037,-13.441700000000026,4,98.502586,393.225,429.4583,449.958,448.7583,463.0167
2026-02-26 05:00:00,393.225,387,120,0.0,0.25,100.0,0.0,0.5000000000000213,0.5000000000000142,0.5000000000000142,0.25,393.225,387,4.525000000000034,-3.5749999999999886,5,100.0,411.6417,437.2,460.7917,459.025,464.675
2026-02-26 06:00:00,411.6417,403,120,0.0,0.25,99.843478,0.0,0.2500000000000213,0.5000000000000142,0.5000000000000142,0.25,411.6417,403,18.41669999999999,19.69999999999999,6,99.843478,429.4583,438.5667,460.9,462.2917,465.1345
2026-02-26 07:00:00,429.4583,420,120,0.0,0.25,94.826087,0.0,0.0,0.5000000000000142,0.5000000000000142,0.25,429.4583,420,17.816599999999994,40.75830000000002,7,94.826087,437.2,449.958,450.0583,463.0333,465.0
2026-02-26 08:00:00,437.2,433,120,0.0,0.25,93.360869,0.0,0.0,0.5000000000000142,0.5000000000000142,0.25,437.2,433,7.74169999999998,43.974999999999966,8,93.360869,438.5667,460.7917,440.65,463.7167,464.7167
2026-02-26 09:00:00,438.5667,432,120,0.0,0.25,89.674138,0.0,0.0,0.2500000000000142,0.5000000000000142,0.25,438.5667,432,1.366700000000037,26.92500000000001,9,89.674138,449.958,460.9,439.3667,463.7833,466.0
2026-02-26 10:00:00,449.958,443,119,0.0,0.25,87.830702,0.0,0.0,0.0,0.5000000000000142,0.25,449.958,443,11.391300000000001,20.49970000000002,10,87.830702,460.7917,450.0583,448.7583,463.4202,466.0
2026-02-26 11:00:00,460.7917,453,120,0.0,0.25,86.870176,0.0,0.0,0.0,0.5000000000000142,0.25,460.7917,453,10.833699999999965,23.591700000000003,11,86.870176,460.9,440.65,459.025,463.6667,461.7479
2026-02-26 12:00:00,460.9,455,120,0.0,0.25,83.5,0.0,0.0,0.0,0.5000000000000142,0.25,460.9,455,0.10829999999998563,22.33329999999995,12,83.5,450.0583,439.3667,462.2917,463.9833,452.5702
2026-02-26 13:00:00,450.0583,446,120,0.0,0.25,86.29386,0.0,0.0,0.0,0.5000000000000142,0.25,450.0583,446,-10.841700000000003,0.10029999999994743,13,86.29386,440.65,448.7583,463.0333,463.9292,444.7119
2026-02-26 14:00:00,440.65,436,120,0.0,0.25,88.200869,0.0,0.0,0.0,0.5000000000000142,0.25,440.65,436,-9.408299999999997,-20.141700000000014,14,88.200869,439.3667,459.025,463.7167,455.9576,436.9664
2026-02-26 15:00:00,439.3667,356,120,10.92,11.18,99.577193,10.92,10.920000000000021,10.920000000000014,11.170000000000014,11.18,439.3667,356,-1.283299999999997,-21.533299999999997,15,99.577193,448.7583,462.2917,463.7833,454.7815,432.5083
2026-02-26 16:00:00,448.7583,443,120,10.92,11.18,100.0,10.92,21.84000000000002,21.840000000000014,21.840000000000014,11.18,448.7583,443,9.39160000000004,-1.2999999999999545,16,100.0,459.025,463.0333,463.4202,463.0167,381.5537
2026-02-26 17:00:00,459.025,455,120,0.0,11.18,100.0,0.0,21.84000000000002,21.840000000000014,21.840000000000014,11.18,459.025,455,10.266699999999958,18.375,17,100.0,462.2917,463.7167,463.6667,464.675,333.3009
2026-02-26 18:00:00,462.2917,461,120,0.0,11.18,100.0,0.0,10.920000000000021,21.840000000000014,21.840000000000014,11.18,462.2917,461,3.2667000000000144,22.92500000000001,18,100.0,463.0333,463.7833,463.9833,465.1345,320.3833
2026-02-26 19:00:00,463.0333,463,120,0.0,11.18,100.0,0.0,0.0,21.840000000000014,21.840000000000014,11.18,463.0333,463,0.7416000000000054,14.274999999999977,19,100.0,463.7167,463.4202,463.9292,465.0,317.325
2026-02-26 20:00:00,463.7167,455,120,0.0,11.18,100.0,0.0,0.0,21.840000000000014,21.840000000000014,11.18,463.7167,455,0.683400000000006,4.691700000000026,20,100.0,463.7833,463.6667,455.9576,464.7167,317.7731
2026-02-26 21:00:00,463.7833,463,120,0.0,11.18,100.0,0.0,0.0,10.920000000000014,21.840000000000014,11.18,463.7833,463,0.066599999999994,1.4916000000000054,21,100.0,463.4202,463.9833,454.7815,466.0,314.1917
2026-02-26 22:00:00,463.4202,455,119,0.0,11.18,100.0,0.0,0.0,0.0,21.840000000000014,11.18,463.4202,455,-0.36309999999997444,0.38690000000002556,22,100.0,463.6667,463.9292,463.0167,466.0,315.3
2026-02-26 23:00:00,463.6667,463,120,0.0,11.18,99.774783,0.0,0.0,0.0,21.840000000000014,11.18,463.6667,463,0.24649999999996908,-0.05000000000001137,23,99.774783,463.9833,455.9576,464.675,461.7479,318.325
2026-02-27 00:00:00,463.9833,463,120,0.0,11.18,97.014783,0.0,0.0,0.0,21.840000000000014,11.18,463.9833,463,0.316599999999994,0.19999999999998863,0,97.014783,463.9292,454.7815,465.1345,452.5702,321.2167
2026-02-27 01:00:00,463.9292,462,113,0.0,11.18,98.862385,0.0,0.0,0.0,21.840000000000014,11.18,463.9292,462,-0.054100000000005366,0.5089999999999577,1,98.862385,455.9576,463.0167,465.0,444.7119,326.025
2026-02-27 02:00:00,455.9576,451,118,0.0,11.18,99.986487,0.0,0.0,0.0,21.840000000000014,11.18,455.9576,451,-7.971599999999967,-7.709099999999978,2,99.986487,454.7815,464.675,464.7167,436.9664,329.0417
2026-02-27 03:00:00,454.7815,449,119,0.0,11.18,100.0,0.0,0.0,0.0,10.920000000000014,11.18,454.7815,449,-1.1761000000000195,-9.201799999999992,3,100.0,463.0167,465.1345,466.0,432.5083,333.2583
2026-02-27 04:00:00,463.0167,461,120,0.0,10.92,100.0,0.0,0.0,0.0,0.0,10.92,463.0167,461,8.23520000000002,-0.9124999999999659,4,100.0,464.675,465.0,466.0,381.5537,336.175
2026-02-27 05:00:00,464.675,464,120,0.0,10.92,100.0,0.0,0.0,0.0,0.0,10.92,464.675,464,1.658299999999997,8.717399999999998,5,100.0,465.1345,464.7167,461.7479,333.3009,339.9333
2026-02-27 06:00:00,465.1345,464,119,0.0,10.92,99.990351,0.0,0.0,0.0,0.0,10.92,465.1345,464,0.45949999999999136,10.353000000000009,6,99.990351,465.0,466.0,452.5702,320.3833,348.1917
2026-02-27 07:00:00,465.0,462,120,0.0,10.92,93.398261,0.0,0.0,0.0,0.0,10.92,465.0,462,-0.13450000000000273,1.9832999999999856,7,93.398261,464.7167,466.0,444.7119,317.325,365.6333
2026-02-27 08:00:00,464.7167,460,120,0.0,10.92,87.396522,0.0,0.0,0.0,0.0,10.92,464.7167,460,-0.283299999999997,0.04169999999999163,8,87.396522,466.0,461.7479,436.9664,317.7731,380.3583
2026-02-27 09:00:00,466.0,460,120,0.0,10.92,80.489655,0.0,0.0,0.0,0.0,10.92,466.0,460,1.283299999999997,0.8654999999999973,9,80.489655,466.0,452.5702,432.5083,314.1917,390.0583
2026-02-27 10:00:00,466.0,466,119,0.0,10.92,78.407895,0.0,0.0,0.0,0.0,10.92,466.0,466,0.0,1.0,10,78.407895,461.7479,444.7119,381.5537,315.3,397.4237
2026-02-27 11:00:00,461.7479,457,119,0.0,10.92,77.098245,0.0,0.0,0.0,0.0,10.92,461.7479,457,-4.2520999999999844,-2.9687999999999874,11,77.098245,452.5702,436.9664,333.3009,318.325,400.0924
2026-02-27 12:00:00,452.5702,448,121,0.0,10.92,77.786842,0.0,0.0,0.0,0.0,10.92,452.5702,448,-9.177700000000016,-13.4298,12,77.786842,444.7119,432.5083,320.3833,321.2167,388.3782
2026-02-27 13:00:00,444.7119,441,118,0.0,10.92,75.149123,0.0,0.0,0.0,0.0,10.92,444.7119,441,-7.858299999999986,-21.288099999999986,13,75.149123,436.9664,381.5537,317.325,326.025,381.322
2026-02-27 14:00:00,436.9664,434,119,0.0,10.92,75.976106,0.0,0.0,0.0,0.0,10.92,436.9664,434,-7.745499999999993,-24.781499999999994,14,75.976106,432.5083,333.3009,317.7731,329.0417,375.9576
2026-02-27 15:00:00,432.5083,281,120,3.56,10.16,81.493043,3.56,3.5600000000000214,3.5600000000000143,3.5600000000000143,10.16,432.5083,281,-4.458100000000002,-20.06189999999998,15,81.493043,381.5537,320.3833,314.1917,333.2583,379.2583
2026-02-27 16:00:00,381.5537,198,121,46.74,46.99,100.0,46.74,50.300000000000026,50.30000000000002,50.30000000000002,46.99,381.5537,198,-50.95460000000003,-63.15820000000002,16,100.0,333.3009,317.325,315.3,336.175,394.6833
2026-02-27 17:00:00,333.3009,324,113,41.91,48.26,100.0,41.91,92.21000000000002,92.21000000000001,92.21000000000001,48.26,333.3009,324,-48.25279999999998,-103.66550000000001,17,100.0,320.3833,317.7731,318.325,339.9333,427.5917
2026-02-27 18:00:00,320.3833,318,120,2.03,50.29,100.0,2.03,90.68000000000002,94.24000000000001,94.24000000000001,50.29,320.3833,318,-12.917599999999993,-112.125,18,100.0,317.325,314.1917,321.2167,348.1917,422.0339
2026-02-27 19:00:00,317.325,317,120,3.05,52.07,100.0,3.05,46.990000000000016,97.29000000000002,97.29000000000002,52.07,317.325,317,-3.058300000000031,-64.2287,19,100.0,317.7731,315.3,326.025,365.6333,397.0417
2026-02-27 20:00:00,317.7731,315,119,1.78,52.32,100.0,1.78,6.860000000000021,99.07000000000002,99.07000000000002,52.32,317.7731,315,0.4481000000000108,-15.527800000000013,20,100.0,314.1917,318.325,329.0417,380.3583,377.5667
2026-02-27 21:00:00,314.1917,314,120,0.25,52.32,100.0,0.25,5.080000000000021,95.76000000000002,99.32000000000002,52.32,314.1917,314,-3.5813999999999737,-6.191599999999994,21,100.0,315.3,321.2167,333.2583,390.0583,367.6667
2026-02-27 22:00:00,315.3,314,120,0.0,52.32,100.0,0.0,2.0300000000000216,49.02000000000001,99.32000000000002,52.32,315.3,314,1.1082999999999856,-2.0249999999999773,22,100.0,318.325,326.025,336.175,397.4237,367.6
2026-02-27 23:00:00,318.325,316,120,0.0,52.32,100.0,0.0,0.2500000000000213,7.110000000000014,99.32000000000002,52.32,318.325,316,3.0249999999999773,0.5518999999999892,23,100.0,321.2167,329.0417,339.9333,400.0924,399.7667
2026-02-28 00:00:00,321.2167,226,120,0.0,52.32,100.0,0.0,0.0,5.080000000000014,99.32000000000002,52.32,321.2167,226,2.8917000000000144,7.024999999999977,0,100.0,326.025,333.2583,348.1917,388.3782,413.7917
2026-02-28 01:00:00,326.025,304,120,0.0,52.32,100.0,0.0,0.0,2.0300000000000145,99.32000000000002,52.32,326.025,304,4.808299999999974,10.724999999999966,1,100.0,329.0417,336.175,365.6333,381.322,425.775
2026-02-28 02:00:00,329.0417,238,120,0.0,52.32,100.0,0.0,0.0,0.2500000000000142,99.32000000000002,52.32,329.0417,238,3.0167000000000144,10.716700000000003,2,100.0,333.2583,339.9333,380.3583,375.9576,437.958
2026-02-28 03:00:00,333.2583,305,120,0.0,52.32,100.0,0.0,0.0,0.0,95.76000000000002,52.32,333.2583,305,4.216600000000028,12.041600000000017,3,100.0,336.175,348.1917,390.0583,379.2583,444.6471
2026-02-28 04:00:00,336.175,219,120,0.0,52.32,100.0,0.0,0.0,0.0,49.02000000000001,52.32,336.175,219,2.9166999999999916,10.150000000000034,4,100.0,339.9333,365.6333,397.4237,394.6833,434.2833
2026-02-28 05:00:00,339.9333,287,120,0.0,52.32,100.0,0.0,0.0,0.0,7.110000000000014,52.32,339.9333,287,3.758299999999963,10.891599999999983,5,100.0,348.1917,380.3583,400.0924,427.5917,422.5667
2026-02-28 06:00:00,348.1917,342,120,0.0,52.32,100.0,0.0,0.0,0.0,5.080000000000014,52.32,348.1917,342,8.258400000000051,14.933400000000006,6,100.0,365.6333,390.0583,388.3782,422.0339,412.6333
2026-02-28 07:00:00,365.6333,358,120,0.0,52.32,98.88,0.0,0.0,0.0,2.0300000000000145,52.32,365.6333,358,17.441599999999994,29.45830000000001,7,98.88,380.3583,397.4237,381.322,397.0417,388.6134
2026-02-28 08:00:00,380.3583,373,120,0.0,52.32,91.575,0.0,0.0,0.0,0.2500000000000142,52.32,380.3583,373,14.724999999999966,40.42500000000001,8,91.575,390.0583,400.0924,375.9576,377.5667,385.9083
2026-02-28 09:00:00,390.0583,386,120,0.0,52.32,81.554386,0.0,0.0,0.0,0.0,52.32,390.0583,386,9.699999999999989,41.86659999999995,9,81.554386,397.4237,388.3782,379.2583,367.6667,443.8417
2026-02-28 10:00:00,397.4237,394,118,0.0,52.32,78.043478,0.0,0.0,0.0,0.0,52.32,397.4237,394,7.365400000000022,31.790399999999977,10,78.043478,400.0924,381.322,394.6833,367.6,458.8917
2026-02-28 11:00:00,400.0924,394,119,0.0,52.32,76.815044,0.0,0.0,0.0,0.0,52.32,400.0924,394,2.668700000000001,19.734100000000012,11,76.815044,388.3782,375.9576,427.5917,399.7667,464.7583
2026-02-28 12:00:00,388.3782,383,119,0.0,52.32,78.20087,0.0,0.0,0.0,0.0,52.32,388.3782,383,-11.714200000000005,-1.6800999999999817,12,78.20087,381.322,379.2583,422.0339,413.7917,456.9333
2026-02-28 13:00:00,381.322,378,118,0.0,52.32,73.930973,0.0,0.0,0.0,0.0,52.32,381.322,378,-7.05619999999999,-16.101699999999994,13,73.930973,375.9576,394.6833,397.0417,425.775,447.15
2026-02-28 14:00:00,375.9576,374,118,0.0,52.32,84.404464,0.0,0.0,0.0,0.0,52.32,375.9576,374,-5.364399999999989,-24.134799999999984,14,84.404464,379.2583,427.5917,377.5667,437.958,438.9333
2026-02-28 15:00:00,379.2583,373,120,0.0,52.32,93.247826,0.0,0.0,0.0,0.0,52.32,379.2583,373,3.300700000000006,-9.119899999999973,15,93.247826,394.6833,422.0339,367.6667,444.6471,429.4917
2026-02-28 16:00:00,394.6833,387,120,0.0,42.42,98.934783,0.0,0.0,0.0,0.0,42.42,394.6833,387,15.424999999999955,13.361299999999972,16,98.934783,427.5917,397.0417,367.6,434.2833,429.8824
2026-02-28 19:00:00,427.5917,423,120,0.0,1.78,100.0,0.0,0.0,0.0,0.0,1.78,427.5917,423,32.90840000000003,51.63409999999999,19,100.0,422.0339,377.5667,399.7667,422.5667,372.5294
2026-02-28 21:00:00,422.0339,410,118,0.25,0.25,99.959821,0.25,0.2500000000000213,0.2500000000000142,0.2500000000000142,0.25,422.0339,410,-5.557799999999986,42.7756,21,99.959821,397.0417,367.6667,413.7917,412.6333,352.2083
2026-02-28 23:00:00,397.0417,391,120,0.0,0.25,100.0,0.0,0.2500000000000213,0.2500000000000142,0.2500000000000142,0.25,397.0417,391,-24.992200000000025,2.3584000000000174,23,100.0,377.5667,367.6,425.775,388.6134,349.9667
2026-03-01 01:00:00,377.5667,234,120,0.0,0.25,100.0,0.0,0.2500000000000213,0.2500000000000142,0.2500000000000142,0.25,377.5667,234,-19.474999999999966,-50.02499999999998,1,100.0,367.6667,399.7667,437.958,385.9083,351.563
2026-03-01 03:00:00,367.6667,200,120,0.0,0.25,100.0,0.0,0.0,0.2500000000000142,0.2500000000000142,0.25,367.6667,200,-9.900000000000034,-54.367200000000025,3,100.0,367.6,413.7917,444.6471,443.8417,346.2833
2026-03-01 05:00:00,367.6,366,120,0.0,0.25,100.0,0.0,0.0,0.2500000000000142,0.2500000000000142,0.25,367.6,366,-0.0666999999999689,-29.44169999999997,5,100.0,399.7667,425.775,434.2833,458.8917,345.4833
2026-03-01 07:00:00,399.7667,391,120,0.0,0.25,99.246087,0.0,0.0,0.2500000000000142,0.2500000000000142,0.25,399.7667,391,32.16669999999999,22.19999999999999,7,99.246087,413.7917,437.958,422.5667,464.7583,352.3333
2026-03-01 08:00:00,413.7917,408,120,0.0,0.25,91.450435,0.0,0.0,0.0,0.2500000000000142,0.25,413.7917,408,14.024999999999977,46.125,8,91.450435,425.775,444.6471,412.6333,456.9333,358.4
2026-03-01 09:00:00,425.775,419,120,0.0,0.25,82.912174,0.0,0.0,0.0,0.2500000000000142,0.25,425.775,419,11.983299999999986,58.174999999999955,9,82.912174,437.958,434.2833,388.6134,447.15,391.2833
2026-03-01 10:00:00,437.958,432,119,0.0,0.25,76.423684,0.0,0.0,0.0,0.2500000000000142,0.25,437.958,432,12.18300000000005,38.19130000000001,10,76.423684,444.6471,422.5667,385.9083,438.9333,403.975
2026-03-01 11:00:00,444.6471,441,119,0.0,0.25,72.554386,0.0,0.0,0.0,0.2500000000000142,0.25,444.6471,441,6.689099999999996,30.85540000000003,11,72.554386,434.2833,412.6333,443.8417,429.4917,412.8667
2026-03-01 12:00:00,434.2833,429,120,0.0,0.25,69.833333,0.0,0.0,0.0,0.2500000000000142,0.25,434.2833,429,-10.363800000000026,8.50830000000002,12,69.833333,422.5667,388.6134,458.8917,429.8824,423.275
2026-03-01 13:00:00,422.5667,417,120,0.0,0.25,73.02087,0.0,0.0,0.0,0.2500000000000142,0.25,422.5667,417,-11.716599999999971,-15.391300000000001,13,73.02087,412.6333,385.9083,464.7583,372.5294,429.0667
2026-03-01 14:00:00,412.6333,408,120,0.0,0.25,74.869298,0.0,0.0,0.0,0.0,0.25,412.6333,408,-9.933400000000006,-32.0138,14,74.869298,388.6134,443.8417,456.9333,352.2083,421.1849
2026-03-02 02:00:00,388.6134,315,119,0.0,0.0,100.0,0.0,0.0,0.0,0.0,0.0,388.6134,315,-24.019900000000007,-45.669899999999984,2,100.0,385.9083,458.8917,447.15,349.9667,418.7203
2026-03-02 03:00:00,385.9083,377,120,0.0,0.0,100.0,0.0,0.0,0.0,0.0,0.0,385.9083,377,-2.705100000000016,-36.65840000000003,3,100.0,443.8417,464.7583,438.9333,351.563,376.5798
2026-03-02 07:00:00,443.8417,434,120,0.0,0.0,96.368696,0.0,0.0,0.0,0.0,0.0,443.8417,434,57.933400000000006,31.208399999999983,7,96.368696,458.8917,456.9333,429.4917,346.2833,340.9748
2026-03-02 08:00:00,458.8917,451,120,0.0,0.0,91.491304,0.0,0.0,0.0,0.0,0.0,458.8917,451,15.050000000000011,70.2783,8,91.491304,464.7583,447.15,429.8824,345.4833,329.8205
2026-03-02 09:00:00,464.7583,461,120,0.0,0.0,89.330435,0.0,0.0,0.0,0.0,0.0,464.7583,461,5.866600000000005,78.85000000000002,9,89.330435,456.9333,438.9333,372.5294,352.3333,326.7083
2026-03-02 10:00:00,456.9333,452,120,0.0,0.0,83.525217,0.0,0.0,0.0,0.0,0.0,456.9333,452,-7.8250000000000455,13.091599999999971,10,83.525217,447.15,429.4917,352.2083,358.4,337.6833
2026-03-02 11:00:00,447.15,442,120,0.0,0.0,81.823214,0.0,0.0,0.0,0.0,0.0,447.15,442,-9.783299999999997,-11.741700000000037,11,81.823214,438.9333,429.8824,349.9667,391.2833,336.3917
2026-03-02 12:00:00,438.9333,434,120,0.0,0.0,80.963158,0.0,0.0,0.0,0.0,0.0,438.9333,434,-8.216700000000003,-25.825000000000045,12,80.963158,429.4917,372.5294,351.563,403.975,334.0
2026-03-02 13:00:00,429.4917,425,120,0.0,0.0,87.856637,0.0,0.0,0.0,0.0,0.0,429.4917,425,-9.441599999999994,-27.441599999999994,13,87.856637,429.8824,352.2083,346.2833,412.8667,339.1681
2026-03-02 14:00:00,429.8824,331,119,23.37,23.37,97.350877,23.37,23.370000000000022,23.370000000000015,23.370000000000015,23.37,429.8824,331,0.390700000000038,-17.26759999999996,14,97.350877,372.5294,349.9667,345.4833,423.275,344.3167
2026-03-02 16:00:00,372.5294,365,119,1.02,24.89,100.0,1.02,24.390000000000022,24.390000000000015,24.390000000000015,24.89,372.5294,365,-57.35300000000001,-66.40389999999996,16,100.0,352.2083,351.563,352.3333,429.0667,367.9083
2026-03-02 18:00:00,352.2083,351,120,2.54,28.7,100.0,2.54,26.93000000000002,26.930000000000014,26.930000000000014,28.7,352.2083,351,-20.3211,-77.28339999999997,18,100.0,349.9667,346.2833,358.4,421.1849,379.9417
2026-03-02 19:00:00,349.9667,349,120,1.27,28.96,100.0,1.27,4.830000000000021,28.200000000000017,28.200000000000017,28.96,349.9667,349,-2.2416000000000054,-79.91570000000002,19,100.0,351.563,345.4833,391.2833,418.7203,398.0833
2026-03-02 22:00:00,351.563,348,119,0.0,28.96,100.0,0.0,3.8100000000000214,28.200000000000017,28.200000000000017,28.96,351.563,348,1.5962999999999852,-20.96640000000002,22,100.0,346.2833,352.3333,403.975,376.5798,405.55
2026-03-02 23:00:00,346.2833,296,120,0.0,28.96,100.0,0.0,1.2700000000000213,28.200000000000017,28.200000000000017,28.96,346.2833,296,-5.279699999999991,-5.925000000000011,23,100.0,345.4833,358.4,412.8667,340.9748,410.5333
2026-03-03 00:00:00,345.4833,258,120,0.0,28.96,100.0,0.0,0.0,4.830000000000014,28.200000000000017,28.96,345.4833,258,-0.8000000000000114,-4.483400000000017,0,100.0,352.3333,391.2833,423.275,329.8205,404.8898
2026-03-03 04:00:00,352.3333,263,120,0.0,28.96,100.0,0.0,0.0,3.8100000000000143,28.200000000000017,28.96,352.3333,263,6.850000000000023,0.7703000000000202,4,100.0,358.4,403.975,429.0667,326.7083,392.9916
2026-03-03 05:00:00,358.4,354,120,0.0,28.96,100.0,0.0,0.0,1.2700000000000142,28.200000000000017,28.96,358.4,354,6.066699999999969,12.11669999999998,5,100.0,391.2833,412.8667,421.1849,337.6833,384.3583
2026-03-03 07:00:00,391.2833,384,120,0.0,28.96,99.986087,0.0,0.0,0.0,28.200000000000017,28.96,391.2833,384,32.88330000000002,45.80000000000001,7,99.986087,403.975,423.275,418.7203,336.3917,379.5667
2026-03-03 08:00:00,403.975,399,120,0.0,28.96,97.344348,0.0,0.0,0.0,28.200000000000017,28.96,403.975,399,12.691700000000026,51.641700000000014,8,97.344348,412.8667,429.0667,376.5798,334.0,374.5583
2026-03-03 09:00:00,412.8667,408,120,0.0,28.96,95.687827,0.0,0.0,0.0,28.200000000000017,28.96,412.8667,408,8.891699999999958,54.4667,9,95.687827,423.275,421.1849,340.9748,339.1681,371.175
2026-03-03 10:00:00,423.275,418,120,0.0,28.96,91.78,0.0,0.0,0.0,4.830000000000014,28.96,423.275,418,10.408299999999997,31.99169999999998,10,91.78,429.0667,418.7203,329.8205,344.3167,373.2333
2026-03-03 11:00:00,429.0667,424,120,0.0,28.96,89.472566,0.0,0.0,0.0,3.8100000000000143,28.96,429.0667,424,5.7917000000000485,25.091700000000003,11,89.472566,421.1849,376.5798,326.7083,367.9083,388.1102
2026-03-03 13:00:00,421.1849,416,119,0.0,28.96,86.954867,0.0,0.0,0.0,1.2700000000000142,28.96,421.1849,416,-7.881799999999998,8.318200000000047,13,86.954867,418.7203,340.9748,337.6833,379.9417,395.7983
2026-03-03 14:00:00,418.7203,335,118,24.89,33.53,98.561607,24.89,24.890000000000022,24.890000000000015,24.890000000000015,33.53,418.7203,335,-2.4646000000000186,-4.554699999999968,14,98.561607,376.5798,329.8205,336.3917,398.0833,381.625
2026-03-03 15:00:00,376.5798,341,119,32.51,41.66,100.0,32.51,57.40000000000002,57.40000000000001,57.40000000000001,41.66,376.5798,341,-42.14050000000003,-52.48690000000005,15,100.0,340.9748,326.7083,334.0,405.55,374.025
2026-03-03 16:00:00,340.9748,333,119,11.18,42.16,100.0,11.18,68.58000000000001,68.58000000000001,68.58000000000001,42.16,340.9748,333,-35.60499999999996,-80.21010000000001,16,100.0,329.8205,337.6833,339.1681,410.5333,371.1833
2026-03-03 17:00:00,329.8205,328,117,0.51,42.16,100.0,0.51,44.20000000000002,69.09000000000002,69.09000000000002,42.16,329.8205,328,-11.154300000000035,-88.89980000000003,17,100.0,326.7083,336.3917,344.3167,404.8898,366.6833
2026-03-03 18:00:00,326.7083,258,120,0.51,39.88,100.0,0.51,12.20000000000002,69.60000000000001,69.60000000000001,39.88,326.7083,258,-3.112199999999973,-49.87149999999997,18,100.0,337.6833,334.0,367.9083,392.9916,375.7583
2026-03-03 21:00:00,337.6833,335,120,0.0,38.61,100.0,0.0,1.0200000000000213,69.60000000000001,69.60000000000001,38.61,337.6833,335,10.974999999999966,-3.291500000000042,21,100.0,336.3917,339.1681,379.9417,384.3583,394.3667
2026-03-03 22:00:00,336.3917,334,120,0.0,38.61,100.0,0.0,0.5100000000000213,44.710000000000015,69.60000000000001,38.61,336.3917,334,-1.29159999999996,6.571200000000033,22,100.0,334.0,344.3167,398.0833,379.5667,409.95
2026-03-03 23:00:00,334.0,334,120,0.0,38.61,100.0,0.0,0.0,12.200000000000014,69.60000000000001,38.61,334.0,334,-2.3917000000000144,7.291699999999992,23,100.0,339.1681,367.9083,405.55,374.5583,424.1667
2026-03-04 02:00:00,339.1681,315,119,0.0,38.61,100.0,0.0,0.0,1.0200000000000142,69.60000000000001,38.61,339.1681,315,5.168099999999981,1.484800000000007,2,100.0,344.3167,379.9417,410.5333,371.175,437.5167
2026-03-04 04:00:00,344.3167,343,120,0.0,38.61,100.0,0.0,0.0,0.5100000000000142,69.60000000000001,38.61,344.3167,343,5.1486000000000445,7.925000000000011,4,100.0,367.9083,398.0833,404.8898,373.2333,449.075
2026-03-04 06:00:00,367.9083,360,120,0.0,38.61,100.0,0.0,0.0,0.0,69.60000000000001,38.61,367.9083,360,23.59159999999997,33.9083,6,100.0,379.9417,405.55,392.9916,388.1102,454.1917
2026-03-04 07:00:00,379.9417,375,120,0.25,38.86,100.0,0.25,0.2500000000000213,0.2500000000000142,69.85000000000001,38.86,379.9417,375,12.033400000000029,40.773600000000044,7,100.0,398.0833,410.5333,384.3583,395.7983,454.2773
2026-03-04 09:00:00,398.0833,393,120,0.0,38.86,99.95913,0.0,0.2500000000000213,0.2500000000000142,44.960000000000015,38.86,398.0833,393,18.141599999999983,53.76659999999998,9,99.95913,405.55,404.8898,379.5667,381.625,444.5378
2026-03-04 10:00:00,405.55,402,120,0.0,38.86,94.737391,0.0,0.2500000000000213,0.2500000000000142,12.450000000000014,38.86,405.55,402,7.466700000000003,37.641700000000014,10,94.737391,410.5333,392.9916,374.5583,374.025,432.3
2026-03-04 11:00:00,410.5333,408,120,0.25,39.12,88.391305,0.25,0.2500000000000213,0.5000000000000142,1.5200000000000142,39.12,410.5333,408,4.983299999999986,30.59159999999997,11,88.391305,404.8898,384.3583,371.175,371.1833,411.6154
2026-03-04 12:00:00,404.8898,398,118,0.25,39.12,86.57027,0.25,0.5000000000000213,0.7500000000000142,1.2600000000000142,39.12,404.8898,398,-5.643500000000017,6.806499999999971,12,86.57027,392.9916,379.5667,373.2333,366.6833,415.6083
2026-03-04 13:00:00,392.9916,388,119,0.0,39.12,83.64,0.0,0.5000000000000213,0.7500000000000142,0.7500000000000142,39.12,392.9916,388,-11.898199999999974,-12.558400000000006,13,83.64,384.3583,374.5583,388.1102,375.7583,420.563
2026-03-04 14:00:00,384.3583,382,120,0.0,39.12,88.702655,0.0,0.2500000000000213,0.5000000000000142,0.7500000000000142,39.12,384.3583,382,-8.63330000000002,-26.17500000000001,14,88.702655,379.5667,371.175,395.7983,394.3667,430.2373
2026-03-04 15:00:00,379.5667,378,120,0.0,11.94,88.016522,0.0,0.0,0.5000000000000142,0.7500000000000142,11.94,379.5667,378,-4.79159999999996,-25.323099999999954,15,88.016522,374.5583,373.2333,381.625,409.95,435.8403
2026-03-04 16:00:00,374.5583,372,120,0.0,1.78,96.697391,0.0,0.0,0.5000000000000142,0.7500000000000142,1.78,374.5583,372,-5.0084000000000515,-18.43330000000003,16,96.697391,371.175,388.1102,374.025,424.1667,422.0862
2026-03-04 17:00:00,371.175,370,120,0.0,1.02,98.711304,0.0,0.0,0.2500000000000142,0.7500000000000142,1.02,371.175,370,-3.383299999999963,-13.183299999999974,17,98.711304,373.2333,395.7983,371.1833,437.5167,409.3305
2026-03-04 18:00:00,373.2333,335,120,0.0,0.76,98.614159,0.0,0.0,0.0,0.7500000000000142,0.76,373.2333,335,2.0582999999999743,-6.33340000000004,18,98.614159,388.1102,381.625,366.6833,449.075,399.3667
2026-03-04 19:00:00,388.1102,382,118,0.25,0.76,99.891743,0.25,0.2500000000000213,0.2500000000000142,1.0000000000000142,0.76,388.1102,382,14.876900000000035,13.551900000000046,19,99.891743,395.7983,374.025,375.7583,454.1917,391.7833
2026-03-04 20:00:00,395.7983,392,119,0.25,0.76,100.0,0.25,0.5000000000000213,0.5000000000000142,1.0000000000000142,0.76,395.7983,392,7.688099999999963,24.623299999999972,20,100.0,381.625,371.1833,394.3667,454.2773,386.1417
2026-03-04 23:00:00,381.625,378,120,0.0,0.76,100.0,0.0,0.5000000000000213,0.5000000000000142,1.0000000000000142,0.76,381.625,378,-14.173299999999983,8.391700000000014,23,100.0,374.025,366.6833,409.95,444.5378,381.9916
2026-03-05 00:00:00,374.025,245,120,0.0,0.76,100.0,0.0,0.2500000000000213,0.5000000000000142,1.0000000000000142,0.76,374.025,245,-7.600000000000023,-14.085200000000043,0,100.0,371.1833,375.7583,424.1667,432.3,377.525
2026-03-05 01:00:00,371.1833,370,120,0.0,0.76,100.0,0.0,0.0,0.5000000000000142,0.7500000000000142,0.76,371.1833,370,-2.841700000000003,-24.61500000000001,1,100.0,366.6833,394.3667,437.5167,411.6154,381.9917
2026-03-05 03:00:00,366.6833,255,120,0.0,0.76,100.0,0.0,0.0,0.5000000000000142,0.5000000000000142,0.76,366.6833,255,-4.5,-14.941700000000026,3,100.0,375.7583,409.95,449.075,415.6083,400.7417
2026-03-05 04:00:00,375.7583,255,120,0.0,0.76,100.0,0.0,0.0,0.2500000000000142,0.5000000000000142,0.76,375.7583,255,9.075000000000045,1.7333000000000425,4,100.0,394.3667,424.1667,454.1917,420.563,418.5583
2026-03-05 05:00:00,394.3667,387,120,0.0,0.76,100.0,0.0,0.0,0.0,0.5000000000000142,0.76,394.3667,387,18.60839999999996,23.183400000000006,5,100.0,409.95,437.5167,454.2773,430.2373,437.325
2026-03-05 06:00:00,409.95,402,120,0.25,1.02,100.0,0.25,0.2500000000000213,0.2500000000000142,0.7500000000000142,1.02,409.95,402,15.583300000000008,43.266700000000014,6,100.0,424.1667,449.075,444.5378,435.8403,451.9083
2026-03-05 07:00:00,424.1667,417,120,0.25,1.02,99.486087,0.25,0.5000000000000213,0.5000000000000142,1.0000000000000142,1.02,424.1667,417,14.216700000000003,48.40839999999997,7,99.486087,437.5167,454.1917,432.3,422.0862,445.9833
2026-03-05 08:00:00,437.5167,431,120,0.0,0.76,90.592174,0.0,0.5000000000000213,0.5000000000000142,1.0000000000000142,0.76,437.5167,431,13.350000000000023,43.150000000000034,8,90.592174,449.075,454.2773,411.6154,409.3305,433.7
2026-03-05 09:00:00,449.075,443,120,0.0,0.76,87.072174,0.0,0.2500000000000213,0.5000000000000142,1.0000000000000142,0.76,449.075,443,11.558299999999974,39.125,9,87.072174,454.1917,444.5378,415.6083,399.3667,423.7083
2026-03-05 10:00:00,454.1917,453,120,0.0,0.76,83.868103,0.0,0.0,0.5000000000000142,0.7500000000000142,0.76,454.1917,453,5.116700000000037,30.025000000000034,10,83.868103,454.2773,432.3,420.563,391.7833,414.2941
2026-03-05 11:00:00,454.2773,452,119,2.03,2.54,81.235715,2.03,2.030000000000021,2.530000000000014,2.530000000000014,2.54,454.2773,452,0.08559999999999945,16.76060000000001,11,81.235715,444.5378,411.6154,430.2373,386.1417,408.9496
2026-03-05 12:00:00,444.5378,438,119,2.03,2.54,81.716965,2.03,4.060000000000021,4.310000000000014,4.560000000000014,2.54,444.5378,438,-9.739500000000021,-4.537199999999984,12,81.716965,432.3,415.6083,435.8403,381.9916,419.4628
2026-03-05 13:00:00,432.3,427,120,0.0,2.54,82.310715,0.0,4.060000000000021,4.060000000000014,4.560000000000014,2.54,432.3,427,-12.237799999999993,-21.891700000000014,13,82.310715,411.6154,420.563,422.0862,377.525,434.2101
2026-03-05 15:00:00,411.6154,285,117,0.25,2.79,99.665179,0.25,2.280000000000021,4.310000000000014,4.810000000000014,2.79,411.6154,285,-20.68459999999999,-42.6619,15,99.665179,415.6083,430.2373,409.3305,381.9917,442.525
2026-03-05 16:00:00,415.6083,413,120,0.25,2.79,100.0,0.25,0.5000000000000213,4.560000000000014,5.060000000000014,2.79,415.6083,413,3.9928999999999633,-28.92950000000002,16,100.0,420.563,435.8403,399.3667,400.7417,429.2437
2026-03-05 17:00:00,420.563,418,119,0.0,2.79,100.0,0.0,0.5000000000000213,4.560000000000014,5.060000000000014,2.79,420.563,418,4.9547000000000025,-11.737000000000023,17,100.0,430.2373,422.0862,391.7833,418.5583,417.85
2026-03-05 19:00:00,430.2373,399,118,0.0,2.79,100.0,0.0,0.2500000000000213,2.530000000000014,5.060000000000014,2.79,430.2373,399,9.674300000000017,18.621899999999982,19,100.0,435.8403,409.3305,386.1417,437.325,422.1513
2026-03-05 20:00:00,435.8403,429,119,0.0,2.54,100.0,0.0,0.0,0.5000000000000142,4.810000000000014,2.54,435.8403,429,5.603000000000009,20.232000000000028,20,100.0,422.0862,399.3667,381.9916,451.9083,423.7373
2026-03-05 21:00:00,422.0862,415,116,0.0,2.54,100.0,0.0,0.0,0.5000000000000142,4.560000000000014,2.54,422.0862,415,-13.754099999999994,1.5232000000000312,21,100.0,409.3305,391.7833,377.525,445.9833,414.5294
2026-03-05 22:00:00,409.3305,404,118,0.0,2.54,100.0,0.0,0.0,0.2500000000000142,4.560000000000014,2.54,409.3305,404,-12.755700000000047,-20.906800000000032,22,100.0,399.3667,386.1417,381.9917,433.7,406.5167
2026-03-05 23:00:00,399.3667,395,120,0.0,2.54,100.0,0.0,0.0,0.0,4.560000000000014,2.54,399.3667,395,-9.963799999999992,-36.47360000000003,23,100.0,391.7833,381.9916,400.7417,423.7083,399.6417
2026-03-06 00:00:00,391.7833,389,120,0.0,2.54,100.0,0.0,0.0,0.0,4.560000000000014,2.54,391.7833,389,-7.583399999999983,-30.302900000000022,0,100.0,386.1417,377.525,418.5583,414.2941,393.8917
2026-03-06 01:00:00,386.1417,384,120,0.0,2.54,100.0,0.0,0.0,0.0,2.530000000000014,2.54,386.1417,384,-5.641599999999983,-23.188799999999958,1,100.0,381.9916,381.9917,437.325,408.9496,389.0336
2026-03-06 02:00:00,381.9916,334,119,0.0,2.54,100.0,0.0,0.0,0.0,0.5000000000000142,2.54,381.9916,334,-4.150100000000009,-17.375099999999975,2,100.0,377.525,400.7417,451.9083,419.4628,385.7333
2026-03-06 03:00:00,377.525,278,120,0.0,2.54,100.0,0.0,0.0,0.0,0.5000000000000142,2.54,377.525,278,-4.466600000000028,-14.25830000000002,3,100.0,381.9917,418.5583,445.9833,434.2101,382.5083
2026-03-06 04:00:00,381.9917,348,120,0.0,2.54,100.0,0.0,0.0,0.0,0.2500000000000142,2.54,381.9917,348,4.466700000000003,-4.150000000000034,4,100.0,400.7417,437.325,433.7,442.525,382.7311
2026-03-06 05:00:00,400.7417,392,120,0.0,2.54,100.0,0.0,0.0,0.0,0.0,2.54,400.7417,392,18.75,18.750099999999975,5,100.0,418.5583,451.9083,423.7083,429.2437,419.6134
2026-03-06 06:00:00,418.5583,409,120,0.0,2.54,100.0,0.0,0.0,0.0,0.0,2.54,418.5583,409,17.816599999999994,41.0333,6,100.0,437.325,445.9833,414.2941,417.85,436.405
2026-03-06 07:00:00,437.325,428,120,0.0,2.29,97.96,0.0,0.0,0.0,0.0,2.29,437.325,428,18.766700000000014,55.33330000000001,7,97.96,451.9083,433.7,408.9496,422.1513,448.4083
2026-03-06 08:00:00,451.9083,446,120,0.0,2.29,97.804347,0.0,0.0,0.0,0.0,2.29,451.9083,446,14.583300000000008,51.16660000000002,8,97.804347,445.9833,423.7083,419.4628,423.7373,439.2017
2026-03-06 09:00:00,445.9833,440,120,0.0,2.29,94.552174,0.0,0.0,0.0,0.0,2.29,445.9833,440,-5.925000000000011,27.42500000000001,9,94.552174,433.7,414.2941,434.2101,414.5294,429.9333
2026-03-06 10:00:00,433.7,428,120,0.0,2.29,91.985217,0.0,0.0,0.0,0.0,2.29,433.7,428,-12.283299999999997,-3.625,10,91.985217,423.7083,408.9496,442.525,406.5167,421.5
2026-03-06 11:00:00,423.7083,419,120,0.76,1.78,91.267567,0.76,0.7600000000000213,0.7600000000000142,0.7600000000000142,1.78,423.7083,419,-9.99169999999998,-28.19999999999999,11,91.267567,414.2941,419.4628,429.2437,399.6417,414.5339
2026-03-06 12:00:00,414.2941,409,119,0.76,1.02,87.18125,0.76,1.5200000000000213,1.5200000000000142,1.5200000000000142,1.02,414.2941,409,-9.414199999999994,-31.68919999999997,12,87.18125,408.9496,434.2101,417.85,393.8917,408.0678
2026-03-06 13:00:00,408.9496,318,119,0.25,1.27,93.292035,0.25,1.7700000000000213,1.7700000000000142,1.7700000000000142,1.27,408.9496,318,-5.344500000000039,-24.750400000000013,13,93.292035,419.4628,442.525,422.1513,389.0336,401.7458
2026-03-06 14:00:00,419.4628,334,121,0.25,1.27,99.932456,0.25,1.2600000000000213,2.0200000000000142,2.0200000000000142,1.27,419.4628,334,10.51320000000004,-4.245499999999993,14,99.932456,434.2101,429.2437,423.7373,385.7333,416.1333
2026-03-06 15:00:00,434.2101,427,119,0.0,1.02,99.793913,0.0,0.5000000000000213,2.0200000000000142,2.0200000000000142,1.02,434.2101,427,14.747299999999996,19.915999999999997,15,99.793913,442.525,417.85,414.5294,382.5083,433.3697
2026-03-06 16:00:00,442.525,436,120,0.0,1.02,98.944348,0.0,0.2500000000000213,2.0200000000000142,2.0200000000000142,1.02,442.525,436,8.314899999999966,33.5754,16,98.944348,429.2437,422.1513,406.5167,382.7311,448.3644
2026-03-06 17:00:00,429.2437,423,119,0.0,1.02,100.0,0.0,0.0,1.2600000000000142,2.0200000000000142,1.02,429.2437,423,-13.281299999999987,9.780899999999974,17,100.0,417.85,423.7373,399.6417,419.6134,458.4083
2026-03-06 18:00:00,417.85,413,120,0.0,1.02,100.0,0.0,0.0,0.5000000000000142,2.0200000000000142,1.02,417.85,413,-11.393699999999967,-16.36009999999999,18,100.0,422.1513,414.5294,393.8917,436.405,449.2051
2026-03-06 19:00:00,422.1513,413,119,0.0,1.02,100.0,0.0,0.0,0.2500000000000142,2.0200000000000142,1.02,422.1513,413,4.301299999999969,-20.373699999999985,19,100.0,423.7373,406.5167,389.0336,448.4083,439.8067
2026-03-06 21:00:00,423.7373,419,118,0.0,1.02,99.487388,0.0,0.0,0.0,2.0200000000000142,1.02,423.7373,419,1.5860000000000127,-5.506399999999985,21,99.487388,414.5294,399.6417,385.7333,439.2017,431.2
2026-03-06 22:00:00,414.5294,410,119,0.0,1.02,100.0,0.0,0.0,0.0,2.0200000000000142,1.02,414.5294,410,-9.207899999999995,-3.320600000000013,22,100.0,406.5167,393.8917,382.5083,429.9333,423.6167
2026-03-06 23:00:00,406.5167,403,120,0.0,1.02,100.0,0.0,0.0,0.0,2.0200000000000142,1.02,406.5167,403,-8.012699999999995,-15.634599999999978,23,100.0,399.6417,389.0336,382.7311,421.5,416.775
2026-03-07 00:00:00,399.6417,397,120,0.0,1.02,100.0,0.0,0.0,0.0,1.2600000000000142,1.02,399.6417,397,-6.875,-24.09559999999999,0,100.0,393.8917,385.7333,419.6134,414.5339,410.3
2026-03-07 01:00:00,393.8917,391,120,0.0,1.02,100.0,0.0,0.0,0.0,0.5000000000000142,1.02,393.8917,391,-5.75,-20.637699999999995,1,100.0,389.0336,382.5083,436.405,408.0678,403.8417
2026-03-07 02:00:00,389.0336,387,119,0.0,1.02,100.0,0.0,0.0,0.0,0.2500000000000142,1.02,389.0336,387,-4.858100000000036,-17.483100000000036,2,100.0,385.7333,382.7311,448.4083,401.7458,397.2917
2026-03-07 03:00:00,385.7333,382,120,0.0,1.02,100.0,0.0,0.0,0.0,0.0,1.02,385.7333,382,-3.300299999999993,-13.908400000000029,3,100.0,382.5083,419.6134,439.2017,416.1333,396.1333
2026-03-07 04:00:00,382.5083,328,120,0.0,1.02,100.0,0.0,0.0,0.0,0.0,1.02,382.5083,328,-3.224999999999966,-11.383399999999995,4,100.0,382.7311,436.405,429.9333,433.3697,397.4917
2026-03-07 05:00:00,382.7311,381,119,0.0,1.02,100.0,0.0,0.0,0.0,0.0,1.02,382.7311,381,0.22280000000000655,-6.302499999999952,5,100.0,419.6134,448.4083,421.5,448.3644,416.6667
2026-03-07 07:00:00,419.6134,411,119,0.0,1.02,99.406087,0.0,0.0,0.0,0.0,1.02,419.6134,411,36.88229999999999,33.88010000000003,7,99.406087,436.405,439.2017,414.5339,458.4083,437.5667
2026-03-07 08:00:00,436.405,428,121,0.0,1.02,94.897391,0.0,0.0,0.0,0.0,1.02,436.405,428,16.79159999999996,53.89669999999995,8,94.897391,448.4083,429.9333,408.0678,449.2051,456.0172
2026-03-07 09:00:00,448.4083,444,120,0.0,1.02,90.017391,0.0,0.0,0.0,0.0,1.02,448.4083,444,12.003300000000024,65.67719999999997,9,90.017391,439.2017,421.5,401.7458,439.8067,465.9917
2026-03-07 10:00:00,439.2017,434,119,3.05,4.32,86.275221,3.05,3.050000000000021,3.050000000000014,3.050000000000014,4.32,439.2017,434,-9.20659999999998,19.588300000000004,10,86.275221,429.9333,414.5339,416.1333,431.2,458.4118
2026-03-07 11:00:00,429.9333,425,120,3.05,4.32,82.59,3.05,6.100000000000021,6.100000000000014,6.100000000000014,4.32,429.9333,425,-9.268400000000042,-6.4716999999999985,11,82.59,421.5,408.0678,433.3697,423.6167,450.2821
2026-03-07 12:00:00,421.5,417,118,0.0,3.56,81.08,0.0,6.100000000000021,6.100000000000014,6.100000000000014,3.56,421.5,417,-8.433299999999974,-26.908299999999997,12,81.08,414.5339,401.7458,448.3644,416.775,442.0
2026-03-07 13:00:00,414.5339,411,118,0.0,3.56,86.583036,0.0,3.050000000000021,6.100000000000014,6.100000000000014,3.56,414.5339,411,-6.966099999999983,-24.6678,13,86.583036,408.0678,416.1333,458.4083,410.3,434.4667
2026-03-07 14:00:00,408.0678,405,118,0.0,3.05,85.971681,0.0,0.0,6.100000000000014,6.100000000000014,3.05,408.0678,405,-6.46610000000004,-21.865499999999997,14,85.971681,401.7458,433.3697,449.2051,403.8417,444.2101
2026-03-07 15:00:00,401.7458,398,118,0.0,3.05,86.30614,0.0,0.0,6.100000000000014,6.100000000000014,3.05,401.7458,398,-6.322000000000003,-19.754200000000026,15,86.30614,416.1333,448.3644,439.8067,397.2917,460.125
2026-03-07 17:00:00,416.1333,408,120,0.0,3.05,97.609649,0.0,0.0,3.050000000000014,6.100000000000014,3.05,416.1333,408,14.387500000000045,1.5994000000000028,17,97.609649,433.3697,458.4083,431.2,396.1333,464.4417
2026-03-07 18:00:00,433.3697,424,119,0.0,3.05,97.575439,0.0,0.0,0.0,6.100000000000014,3.05,433.3697,424,17.236400000000003,25.301900000000046,18,97.575439,448.3644,449.2051,423.6167,397.4917,456.3833
2026-03-07 19:00:00,448.3644,441,118,0.25,3.56,100.0,0.25,0.2500000000000213,0.2500000000000142,6.350000000000014,3.56,448.3644,441,14.994699999999966,46.618600000000015,19,100.0,458.4083,439.8067,416.775,416.6667,447.7899
2026-03-07 20:00:00,458.4083,455,120,0.25,3.56,100.0,0.25,0.5000000000000213,0.5000000000000142,6.600000000000014,3.56,458.4083,455,10.043900000000008,42.27499999999998,20,100.0,449.2051,431.2,410.3,437.5667,440.4915
2026-03-07 21:00:00,449.2051,444,117,0.0,3.56,100.0,0.0,0.5000000000000213,0.5000000000000142,6.600000000000014,3.56,449.2051,444,-9.203199999999981,15.835399999999993,21,100.0,439.8067,423.6167,403.8417,456.0172,433.7328
2026-03-07 22:00:00,439.8067,435,119,0.0,3.56,100.0,0.0,0.2500000000000213,0.5000000000000142,6.600000000000014,3.56,439.8067,435,-9.398400000000038,-8.557700000000011,22,100.0,431.2,416.775,397.2917,465.9917,427.4
2026-03-07 23:00:00,431.2,427,120,0.0,3.56,100.0,0.0,0.0,0.5000000000000142,3.550000000000014,3.56,431.2,427,-8.60669999999999,-27.20830000000001,23,100.0,423.6167,410.3,396.1333,458.4118,421.2
2026-03-08 00:00:00,423.6167,420,120,0.0,3.56,100.0,0.0,0.0,0.5000000000000142,0.5000000000000142,3.56,423.6167,420,-7.583300000000008,-25.588400000000036,0,100.0,416.775,403.8417,397.4917,450.2821,415.2321
2026-03-08 01:00:00,416.775,414,120,0.0,3.56,100.0,0.0,0.0,0.2500000000000142,0.5000000000000142,3.56,416.775,414,-6.841700000000003,-23.0317,1,100.0,410.3,397.2917,416.6667,442.0,409.0932
2026-03-08 02:00:00,410.3,407,120,0.0,3.56,100.0,0.0,0.0,0.0,0.5000000000000142,3.56,410.3,407,-6.474999999999966,-20.899999999999977,2,100.0,403.8417,396.1333,437.5667,434.4667,403.8974
2026-03-08 03:00:00,403.8417,327,120,0.0,3.56,100.0,0.0,0.0,0.0,0.5000000000000142,3.56,403.8417,327,-6.458300000000008,-19.774999999999977,3,100.0,397.2917,397.4917,456.0172,444.2101,399.2735
2026-03-08 04:00:00,397.2917,223,120,0.0,3.56,100.0,0.0,0.0,0.0,0.5000000000000142,3.56,397.2917,223,-6.550000000000011,-19.483299999999986,4,100.0,396.1333,416.6667,465.9917,460.125,395.6102
2026-03-08 05:00:00,396.1333,394,120,0.0,3.56,100.0,0.0,0.0,0.0,0.5000000000000142,3.56,396.1333,394,-1.158399999999972,-14.166699999999992,5,100.0,397.4917,437.5667,458.4118,464.4417,401.6121
2026-03-08 06:00:00,397.4917,393,120,0.0,3.56,100.0,0.0,0.0,0.0,0.5000000000000142,3.56,397.4917,393,1.3583999999999605,-6.350000000000023,6,100.0,416.6667,456.0172,450.2821,456.3833,423.625
2026-03-08 07:00:00,416.6667,407,120,0.0,3.56,100.0,0.0,0.0,0.0,0.2500000000000142,3.56,416.6667,407,19.17500000000001,19.375,7,100.0,437.5667,465.9917,442.0,447.7899,441.5328
2026-03-08 08:00:00,437.5667,427,120,0.0,3.56,98.516379,0.0,0.0,0.0,0.0,3.56,437.5667,427,20.900000000000034,41.433400000000006,8,98.516379,456.0172,458.4118,434.4667,440.4915,437.0275
2026-03-08 09:00:00,456.0172,448,116,0.0,3.56,92.646428,0.0,0.0,0.0,0.0,3.56,456.0172,448,18.450499999999977,58.52550000000002,9,92.646428,465.9917,450.2821,444.2101,433.7328,429.8727
2026-03-08 10:00:00,465.9917,464,120,0.0,3.56,91.483036,0.0,0.0,0.0,0.0,3.56,465.9917,464,9.974499999999978,49.32499999999999,10,91.483036,458.4118,442.0,460.125,427.4,422.3091
2026-03-08 11:00:00,458.4118,454,119,0.0,0.25,88.554464,0.0,0.0,0.0,0.0,0.25,458.4118,454,-7.579899999999952,20.845100000000002,11,88.554464,450.2821,434.4667,464.4417,421.2,414.6379
2026-03-08 12:00:00,450.2821,446,117,0.0,0.25,81.627273,0.0,0.0,0.0,0.0,0.25,450.2821,446,-8.129700000000014,-5.7350999999999885,12,81.627273,442.0,444.2101,456.3833,415.2321,409.0196
2026-03-08 13:00:00,442.0,438,119,0.0,0.25,81.985965,0.0,0.0,0.0,0.0,0.25,442.0,438,-8.282100000000014,-23.99169999999998,13,81.985965,434.4667,460.125,447.7899,409.0932,402.789
2026-03-08 14:00:00,434.4667,431,120,5.59,5.84,87.522124,5.59,5.590000000000021,5.590000000000014,5.590000000000014,5.84,434.4667,431,-7.533299999999997,-23.945100000000025,14,87.522124,444.2101,464.4417,440.4915,403.8974,397.8218
2026-03-08 15:00:00,444.2101,435,119,5.59,5.84,100.0,5.59,11.180000000000021,11.180000000000014,11.180000000000014,5.84,444.2101,435,9.743400000000008,-6.072000000000003,15,100.0,460.125,456.3833,433.7328,399.2735,392.916
2026-03-08 16:00:00,460.125,454,120,0.0,5.84,100.0,0.0,11.180000000000021,11.180000000000014,11.180000000000014,5.84,460.125,454,15.914899999999989,18.125,16,100.0,464.4417,447.7899,427.4,395.6102,394.4833
2026-03-08 17:00:00,464.4417,462,120,0.0,5.84,100.0,0.0,5.590000000000021,11.180000000000014,11.180000000000014,5.84,464.4417,462,4.316700000000026,29.975000000000023,17,100.0,456.3833,440.4915,421.2,401.6121,411.0417
2026-03-08 18:00:00,456.3833,452,120,0.0,5.84,100.0,0.0,0.0,11.180000000000014,11.180000000000014,5.84,456.3833,452,-8.058400000000006,12.173200000000008,18,100.0,447.7899,433.7328,415.2321,423.625,426.5333
2026-03-08 19:00:00,447.7899,444,119,0.0,5.84,100.0,0.0,0.0,11.180000000000014,11.180000000000014,5.84,447.7899,444,-8.593400000000031,-12.335100000000011,19,100.0,440.4915,427.4,409.0932,441.5328,441.906
2026-03-08 20:00:00,440.4915,437,118,0.0,5.59,100.0,0.0,0.0,5.590000000000014,11.180000000000014,5.59,440.4915,437,-7.298400000000015,-23.950200000000052,20,100.0,433.7328,421.2,403.8974,437.0275,455.7373
2026-03-08 21:00:00,433.7328,430,116,0.0,5.59,100.0,0.0,0.0,0.0,11.180000000000014,5.59,433.7328,430,-6.758699999999976,-22.650500000000022,21,100.0,427.4,415.2321,399.2735,429.8727,451.8487
2026-03-08 22:00:00,427.4,424,120,0.0,5.59,100.0,0.0,0.0,0.0,11.180000000000014,5.59,427.4,424,-6.33280000000002,-20.38990000000001,22,100.0,421.2,409.0932,395.6102,422.3091,438.5583
2026-03-08 23:00:00,421.2,418,120,0.0,5.59,100.0,0.0,0.0,0.0,11.180000000000014,5.59,421.2,418,-6.199999999999989,-19.291499999999985,23,100.0,415.2321,403.8974,401.6121,414.6379,427.925
2026-03-09 00:00:00,415.2321,412,112,0.0,5.59,100.0,0.0,0.0,0.0,11.180000000000014,5.59,415.2321,412,-5.967899999999986,-18.500699999999995,0,100.0,409.0932,399.2735,423.625,409.0196,418.4833
2026-03-09 01:00:00,409.0932,406,118,0.0,5.59,100.0,0.0,0.0,0.0,11.180000000000014,5.59,409.0932,406,-6.138899999999978,-18.306799999999953,1,100.0,403.8974,395.6102,441.5328,402.789,408.325
2026-03-09 02:00:00,403.8974,402,117,0.0,5.59,100.0,0.0,0.0,0.0,5.590000000000014,5.59,403.8974,402,-5.19580000000002,-17.302599999999984,2,100.0,399.2735,401.6121,437.0275,397.8218,401.85
2026-03-09 03:00:00,399.2735,397,117,0.0,5.59,100.0,0.0,0.0,0.0,0.0,5.59,399.2735,397,-4.623899999999992,-15.95859999999999,3,100.0,395.6102,423.625,429.8727,392.916,395.5083
2026-03-09 04:00:00,395.6102,394,118,0.0,5.59,100.0,0.0,0.0,0.0,0.0,5.59,395.6102,394,-3.6632999999999925,-13.483000000000004,4,100.0,401.6121,441.5328,422.3091,394.4833,433.175
2026-03-09 05:00:00,401.6121,394,116,0.0,5.59,100.0,0.0,0.0,0.0,0.0,5.59,401.6121,394,6.001899999999978,-2.2853000000000065,5,100.0,423.625,437.0275,414.6379,411.0417,453.8083
2026-03-09 06:00:00,423.625,412,120,0.0,5.59,98.435849,0.0,0.0,0.0,0.0,5.59,423.625,412,22.012900000000002,24.351499999999987,6,98.435849,441.5328,429.8727,409.0196,426.5333,466.0
2026-03-09 07:00:00,441.5328,435,122,0.0,5.59,91.201818,0.0,0.0,0.0,0.0,5.59,441.5328,435,17.90780000000001,45.92259999999999,7,91.201818,437.0275,422.3091,402.789,441.906,466.0
2026-03-09 08:00:00,437.0275,433,109,0.0,5.59,84.796842,0.0,0.0,0.0,0.0,5.59,437.0275,433,-4.505300000000034,35.41539999999998,8,84.796842,429.8727,414.6379,397.8218,455.7373,466.0
2026-03-09 09:00:00,429.8727,427,110,0.0,5.59,84.163219,0.0,0.0,0.0,0.0,5.59,429.8727,427,-7.154799999999966,6.247700000000009,9,84.163219,422.3091,409.0196,392.916,451.8487,457.6134
2026-03-09 10:00:00,422.3091,418,110,0.0,5.59,85.344827,0.0,0.0,0.0,0.0,5.59,422.3091,418,-7.563600000000008,-19.223700000000008,10,85.344827,414.6379,402.789,394.4833,438.5583,449.7083
2026-03-09 11:00:00,414.6379,412,116,0.0,5.59,84.258586,0.0,0.0,0.0,0.0,5.59,414.6379,412,-7.671199999999999,-22.389599999999973,11,84.258586,409.0196,397.8218,411.0417,427.925,441.2333
2026-03-09 12:00:00,409.0196,406,102,0.0,5.59,81.189773,0.0,0.0,0.0,0.0,5.59,409.0196,406,-5.6182999999999765,-20.853099999999984,12,81.189773,402.789,392.916,426.5333,418.4833,431.3417
2026-03-09 13:00:00,402.789,400,109,0.0,5.59,82.719767,0.0,0.0,0.0,0.0,5.59,402.789,400,-6.230600000000038,-19.520100000000014,13,82.719767,397.8218,394.4833,441.906,408.325,448.3
2026-03-09 14:00:00,397.8218,395,101,0.0,5.59,89.325926,0.0,0.0,0.0,0.0,5.59,397.8218,395,-4.967199999999991,-16.816100000000006,14,89.325926,392.916,411.0417,455.7373,401.85,453.6583
2026-03-09 15:00:00,392.916,391,131,0.0,0.0,93.376471,0.0,0.0,0.0,0.0,0.0,392.916,391,-4.905799999999999,-16.10360000000003,15,93.376471,394.4833,426.5333,451.8487,395.5083,439.975
2026-03-09 16:00:00,394.4833,389,120,0.25,0.25,98.04386,0.25,0.2500000000000213,0.2500000000000142,0.2500000000000142,0.25,394.4833,389,1.5672999999999888,-8.305700000000002,16,98.04386,411.0417,441.906,438.5583,433.175,427.6891
2026-03-09 17:00:00,411.0417,403,120,0.25,0.25,100.0,0.25,0.5000000000000213,0.5000000000000142,0.5000000000000142,0.25,411.0417,403,16.558400000000006,13.219899999999996,17,100.0,426.5333,455.7373,427.925,453.8083,427.2269
2026-03-09 18:00:00,426.5333,419,120,0.0,0.25,100.0,0.0,0.5000000000000213,0.5000000000000142,0.5000000000000142,0.25,426.5333,419,15.491600000000005,33.6173,18,100.0,441.906,451.8487,418.4833,466.0,431.0339
2026-03-09 19:00:00,441.906,434,117,0.0,0.25,100.0,0.0,0.2500000000000213,0.5000000000000142,0.5000000000000142,0.25,441.906,434,15.372700000000009,47.42270000000002,19,100.0,455.7373,438.5583,408.325,466.0,419.1083
2026-03-09 20:00:00,455.7373,449,118,0.0,0.25,100.0,0.0,0.0,0.5000000000000142,0.5000000000000142,0.25,455.7373,449,13.831299999999999,44.69560000000001,20,100.0,451.8487,427.925,401.85,466.0,409.4454
2026-03-09 21:00:00,451.8487,445,119,0.0,0.25,100.0,0.0,0.0,0.5000000000000142,0.5000000000000142,0.25,451.8487,445,-3.8885999999999967,25.31540000000001,21,100.0,438.5583,418.4833,395.5083,457.6134,401.6167
2026-03-09 22:00:00,438.5583,433,120,0.0,0.25,100.0,0.0,0.0,0.2500000000000142,0.5000000000000142,0.25,438.5583,433,-13.290400000000034,-3.3477000000000317,22,100.0,427.925,408.325,433.175,449.7083,395.4
2026-03-09 23:00:00,427.925,423,120,0.0,0.25,100.0,0.0,0.0,0.0,0.5000000000000142,0.25,427.925,423,-10.633299999999963,-27.812299999999993,23,100.0,418.4833,401.85,453.8083,441.2333,391.025
2026-03-10 00:00:00,418.4833,414,120,0.0,0.25,100.0,0.0,0.0,0.0,0.5000000000000142,0.25,418.4833,414,-9.441700000000026,-33.36540000000002,0,100.0,408.325,395.5083,466.0,431.3417,387.8167
2026-03-10 01:00:00,408.325,229,120,0.0,0.25,100.0,0.0,0.0,0.0,0.5000000000000142,0.25,408.325,229,-10.158299999999997,-30.233299999999986,1,100.0,401.85,433.175,466.0,448.3,399.1333
2026-03-10 02:00:00,401.85,335,120,0.0,0.25,100.0,0.0,0.0,0.0,0.5000000000000142,0.25,401.85,335,-6.474999999999966,-26.07499999999999,2,100.0,395.5083,453.8083,466.0,453.6583,418.4417
2026-03-10 03:00:00,395.5083,302,120,0.0,0.25,100.0,0.0,0.0,0.0,0.5000000000000142,0.25,395.5083,302,-6.341700000000003,-22.974999999999966,3,100.0,433.175,466.0,457.6134,439.975,438.5917
2026-03-10 06:00:00,433.175,423,120,0.0,0.25,99.936522,0.0,0.0,0.0,0.2500000000000142,0.25,433.175,423,37.66669999999999,24.850000000000023,6,99.936522,453.8083,466.0,449.7083,427.6891,458.025
2026-03-10 07:00:00,453.8083,444,120,0.0,0.25,95.426087,0.0,0.0,0.0,0.0,0.25,453.8083,444,20.633299999999963,51.95829999999995,7,95.426087,466.0,466.0,441.2333,427.2269,466.0
2026-03-10 08:00:00,466.0,464,120,0.0,0.25,82.586087,0.0,0.0,0.0,0.0,0.25,466.0,464,12.191700000000026,70.49169999999998,8,82.586087,466.0,457.6134,431.3417,431.0339,465.075
2026-03-10 09:00:00,466.0,466,120,0.0,0.25,80.448696,0.0,0.0,0.0,0.0,0.25,466.0,466,0.0,32.82499999999999,9,80.448696,466.0,449.7083,448.3,419.1083,455.5667
2026-03-10 10:00:00,466.0,462,120,0.0,0.25,80.736522,0.0,0.0,0.0,0.0,0.25,466.0,462,0.0,12.191700000000026,10,80.736522,457.6134,441.2333,453.6583,409.4454,445.3333
2026-03-10 11:00:00,457.6134,453,119,0.0,0.25,82.285841,0.0,0.0,0.0,0.0,0.25,457.6134,453,-8.386599999999987,-8.386599999999987,11,82.285841,449.7083,431.3417,439.975,401.6167,437.2167
2026-03-10 12:00:00,449.7083,446,120,0.0,0.25,80.006195,0.0,0.0,0.0,0.0,0.25,449.7083,446,-7.9051000000000045,-16.29169999999999,12,80.006195,441.2333,448.3,427.6891,395.4,431.7417
2026-03-10 13:00:00,441.2333,437,120,0.0,0.25,79.705263,0.0,0.0,0.0,0.0,0.25,441.2333,437,-8.475000000000023,-24.766700000000014,13,79.705263,431.3417,453.6583,427.2269,391.025,422.9583
2026-03-10 15:00:00,431.3417,425,120,0.0,0.25,96.05614,0.0,0.0,0.0,0.0,0.25,431.3417,425,-9.891599999999983,-26.27170000000001,15,96.05614,448.3,439.975,431.0339,387.8167,415.5417
2026-03-10 16:00:00,448.3,440,120,0.0,0.25,100.0,0.0,0.0,0.0,0.0,0.25,448.3,440,16.95830000000001,-1.408299999999997,16,100.0,453.6583,427.6891,419.1083,399.1333,410.15
2026-03-10 17:00:00,453.6583,447,120,0.0,0.0,100.0,0.0,0.0,0.0,0.0,0.0,453.6583,447,5.358299999999986,12.425000000000011,17,100.0,439.975,427.2269,409.4454,418.4417,423.1333
2026-03-10 18:00:00,439.975,433,120,0.0,0.0,100.0,0.0,0.0,0.0,0.0,0.0,439.975,433,-13.683299999999974,8.63330000000002,18,100.0,427.6891,431.0339,401.6167,438.5917,439.975
2026-03-10 19:00:00,427.6891,422,119,0.0,0.0,100.0,0.0,0.0,0.0,0.0,0.0,427.6891,422,-12.285900000000026,-20.610900000000015,19,100.0,427.2269,419.1083,395.4,458.025,447.2712
2026-03-10 20:00:00,427.2269,420,119,0.0,0.0,100.0,0.0,0.0,0.0,0.0,0.0,427.2269,420,-0.4621999999999957,-26.431399999999996,20,100.0,431.0339,409.4454,391.025,466.0,437.5294
2026-03-10 21:00:00,431.0339,425,118,0.0,0.0,100.0,0.0,0.0,0.0,0.0,0.0,431.0339,425,3.8070000000000164,-8.941100000000006,21,100.0,419.1083,401.6167,387.8167,465.075,429.5882
2026-03-10 22:00:00,419.1083,414,120,0.0,0.0,100.0,0.0,0.0,0.0,0.0,0.0,419.1083,414,-11.925600000000031,-8.58080000000001,22,100.0,409.4454,395.4,399.1333,455.5667,422.6583
2026-03-10 23:00:00,409.4454,405,119,0.0,0.0,100.0,0.0,0.0,0.0,0.0,0.0,409.4454,405,-9.66289999999998,-17.781499999999994,23,100.0,401.6167,391.025,418.4417,445.3333,414.6
2026-03-11 00:00:00,401.6167,398,120,0.0,0.0,100.0,0.0,0.0,0.0,0.0,0.0,401.6167,398,-7.828700000000026,-29.417200000000037,0,100.0,395.4,387.8167,438.5917,437.2167,410.325
2026-03-11 01:00:00,395.4,393,120,0.0,0.0,100.0,0.0,0.0,0.0,0.0,0.0,395.4,393,-6.216700000000003,-23.70830000000001,1,100.0,391.025,399.1333,458.025,431.7417,404.6583
2026-03-11 02:00:00,391.025,389,120,0.0,0.0,100.0,0.0,0.0,0.0,0.0,0.0,391.025,389,-4.375,-18.42040000000003,2,100.0,387.8167,418.4417,466.0,422.9583,400.2667
2026-03-11 03:00:00,387.8167,386,120,0.0,0.0,100.0,0.0,0.0,0.0,0.0,0.0,387.8167,386,-3.2082999999999515,-13.799999999999955,3,100.0,399.1333,438.5917,465.075,415.5417,396.3333
2026-03-11 05:00:00,399.1333,388,120,0.0,0.0,100.0,0.0,0.0,0.0,0.0,0.0,399.1333,388,11.316599999999994,3.7333000000000425,5,100.0,418.4417,458.025,455.5667,410.15,405.2083
2026-03-11 06:00:00,418.4417,409,120,0.0,0.0,99.733913,0.0,0.0,0.0,0.0,0.0,418.4417,409,19.308400000000006,27.41670000000005,6,99.733913,438.5917,466.0,445.3333,423.1333,426.925
2026-03-11 07:00:00,438.5917,429,120,0.0,0.0,93.683621,0.0,0.0,0.0,0.0,0.0,438.5917,429,20.149999999999977,50.77499999999998,7,93.683621,458.025,465.075,437.2167,439.975,449.275
2026-03-11 08:00:00,458.025,448,120,0.0,0.0,85.86087,0.0,0.0,0.0,0.0,0.0,458.025,448,19.433299999999974,58.89169999999996,8,85.86087,466.0,455.5667,431.7417,447.2712,466.0
2026-03-11 09:00:00,466.0,466,120,0.0,0.0,79.803478,0.0,0.0,0.0,0.0,0.0,466.0,466,7.975000000000023,47.558299999999974,9,79.803478,465.075,445.3333,422.9583,437.5294,466.0
2026-03-11 10:00:00,465.075,459,120,0.0,0.0,79.251304,0.0,0.0,0.0,0.0,0.0,465.075,459,-0.9250000000000114,26.483299999999986,10,79.251304,455.5667,437.2167,415.5417,429.5882,466.0
2026-03-11 11:00:00,455.5667,450,120,0.0,0.0,76.747826,0.0,0.0,0.0,0.0,0.0,455.5667,450,-9.508299999999963,-2.4582999999999515,11,76.747826,445.3333,431.7417,410.15,422.6583,466.0
2026-03-11 12:00:00,445.3333,441,120,0.0,0.0,82.907018,0.0,0.0,0.0,0.0,0.0,445.3333,441,-10.233400000000017,-20.66669999999999,12,82.907018,437.2167,422.9583,423.1333,414.6,465.9667
2026-03-11 13:00:00,437.2167,434,120,0.0,0.0,84.376522,0.0,0.0,0.0,0.0,0.0,437.2167,434,-8.116600000000005,-27.858299999999986,13,84.376522,431.7417,415.5417,439.975,410.325,461.1917
2026-03-11 14:00:00,431.7417,427,120,0.0,0.0,79.310526,0.0,0.0,0.0,0.0,0.0,431.7417,427,-5.475000000000023,-23.825000000000045,14,79.310526,422.9583,410.15,447.2712,404.6583,465.7417
2026-03-11 15:00:00,422.9583,419,120,0.0,0.0,89.524348,0.0,0.0,0.0,0.0,0.0,422.9583,419,-8.783399999999972,-22.375,15,89.524348,415.5417,423.1333,437.5294,400.2667,466.0
2026-03-11 16:00:00,415.5417,411,120,0.0,0.0,91.095652,0.0,0.0,0.0,0.0,0.0,415.5417,411,-7.416600000000017,-21.67500000000001,16,91.095652,410.15,439.975,429.5882,396.3333,422.822
2026-03-11 17:00:00,410.15,408,120,0.0,0.0,95.5,0.0,0.0,0.0,0.0,0.0,410.15,408,-5.391700000000014,-21.591700000000003,17,95.5,423.1333,447.2712,422.6583,405.2083,380.95
2026-03-11 18:00:00,423.1333,414,120,0.0,0.0,100.0,0.0,0.0,0.0,0.0,0.0,423.1333,414,12.983300000000042,0.17500000000001137,18,100.0,439.975,437.5294,414.6,426.925,370.0333
2026-03-11 19:00:00,439.975,432,120,0.0,0.0,100.0,0.0,0.0,0.0,0.0,0.0,439.975,432,16.841700000000003,24.43330000000003,19,100.0,447.2712,429.5882,410.325,449.275,354.0333
2026-03-11 20:00:00,447.2712,442,118,0.0,0.0,100.0,0.0,0.0,0.0,0.0,0.0,447.2712,442,7.296199999999999,37.121200000000044,20,100.0,437.5294,422.6583,404.6583,466.0,347.725
2026-03-11 21:00:00,437.5294,433,119,2.54,2.54,100.0,2.54,2.5400000000000214,2.5400000000000142,2.5400000000000142,2.54,437.5294,433,-9.741800000000012,14.39609999999999,21,100.0,429.5882,414.6,400.2667,466.0,345.7167
2026-03-11 22:00:00,429.5882,426,119,2.54,2.54,100.0,2.54,5.080000000000021,5.080000000000014,5.080000000000014,2.54,429.5882,426,-7.941200000000038,-10.38680000000005,22,100.0,422.6583,410.325,396.3333,466.0,346.35
2026-03-11 23:00:00,422.6583,419,120,0.0,2.54,100.0,0.0,5.080000000000021,5.080000000000014,5.080000000000014,2.54,422.6583,419,-6.929899999999975,-24.612900000000025,23,100.0,414.6,404.6583,405.2083,466.0,348.275
2026-03-12 00:00:00,414.6,254,120,0.0,2.54,99.778448,0.0,2.5400000000000214,5.080000000000014,5.080000000000014,2.54,414.6,254,-8.058299999999974,-22.929399999999987,0,99.778448,410.325,400.2667,426.925,465.9667,349.675
2026-03-12 01:00:00,410.325,407,120,0.0,2.54,99.367241,0.0,0.0,5.080000000000014,5.080000000000014,2.54,410.325,407,-4.275000000000034,-19.263199999999983,1,99.367241,404.6583,396.3333,449.275,461.1917,353.3917
2026-03-12 02:00:00,404.6583,402,120,0.0,2.54,99.325664,0.0,0.0,5.080000000000014,5.080000000000014,2.54,404.6583,402,-5.666699999999992,-18.0,2,99.325664,400.2667,405.2083,466.0,465.7417,364.9583
2026-03-12 03:00:00,400.2667,398,120,0.0,2.54,99.09569,0.0,0.0,2.5400000000000142,5.080000000000014,2.54,400.2667,398,-4.391599999999983,-14.333300000000008,3,99.09569,396.3333,426.925,466.0,466.0,384.3667
2026-03-12 04:00:00,396.3333,394,120,0.0,2.54,100.0,0.0,0.0,0.0,5.080000000000014,2.54,396.3333,394,-3.933400000000006,-13.99169999999998,4,100.0,405.2083,449.275,466.0,422.822,399.4538
2026-03-12 05:00:00,405.2083,394,120,0.0,2.54,100.0,0.0,0.0,0.0,5.080000000000014,2.54,405.2083,394,8.875,0.5500000000000114,5,100.0,426.925,466.0,466.0,380.95,396.425
2026-03-12 06:00:00,426.925,416,120,0.0,2.54,95.492982,0.0,0.0,0.0,5.080000000000014,2.54,426.925,416,21.716700000000003,26.658299999999997,6,95.492982,449.275,466.0,465.9667,370.0333,400.075
2026-03-12 07:00:00,449.275,438,120,0.0,2.54,89.277391,0.0,0.0,0.0,5.080000000000014,2.54,449.275,438,22.349999999999966,52.94169999999997,7,89.277391,466.0,466.0,461.1917,354.0333,411.075
2026-03-12 08:00:00,466.0,460,120,0.0,2.54,82.181035,0.0,0.0,0.0,5.080000000000014,2.54,466.0,460,16.725000000000023,60.79169999999999,8,82.181035,466.0,466.0,465.7417,347.725,414.6917
2026-03-12 09:00:00,466.0,466,120,0.0,2.54,80.467827,0.0,0.0,0.0,2.5400000000000142,2.54,466.0,466,0.0,39.07499999999999,9,80.467827,466.0,465.9667,466.0,345.7167,406.4833
2026-03-12 11:00:00,466.0,466,120,0.0,2.54,76.882609,0.0,0.0,0.0,0.0,2.54,466.0,466,0.0,16.725000000000023,11,76.882609,466.0,461.1917,422.822,346.35,397.775
2026-03-12 12:00:00,466.0,456,119,0.0,2.54,80.060526,0.0,0.0,0.0,0.0,2.54,466.0,456,0.0,0.0,12,80.060526,465.9667,465.7417,380.95,348.275,390.825
2026-03-12 13:00:00,465.9667,461,120,0.0,2.54,76.901754,0.0,0.0,0.0,0.0,2.54,465.9667,461,-0.033299999999997,-0.033299999999997,13,76.901754,461.1917,466.0,370.0333,349.675,386.0833
2026-03-12 14:00:00,461.1917,458,120,0.0,2.54,83.492105,0.0,0.0,0.0,0.0,2.54,461.1917,458,-4.774999999999977,-4.808299999999974,14,83.492105,465.7417,422.822,354.0333,353.3917,339.6387
2026-03-12 15:00:00,465.7417,463,120,0.0,2.54,88.893044,0.0,0.0,0.0,0.0,2.54,465.7417,463,4.5499999999999545,-0.25830000000001974,15,88.893044,466.0,380.95,347.725,364.9583,262.375
2026-03-12 16:00:00,466.0,466,120,0.0,2.54,99.020354,0.0,0.0,0.0,0.0,2.54,466.0,466,0.25830000000001974,0.033299999999997,16,99.020354,422.822,370.0333,345.7167,384.3667,280.1176
2026-03-12 18:00:00,422.822,403,118,0.25,2.79,100.0,0.25,0.2500000000000213,0.2500000000000142,0.2500000000000142,2.79,422.822,403,-43.178,-38.36970000000002,18,100.0,380.95,354.0333,346.35,399.4538,286.0833
2026-03-12 20:00:00,380.95,360,120,0.0,2.79,100.0,0.0,0.2500000000000213,0.2500000000000142,0.2500000000000142,2.79,380.95,360,-41.872000000000014,-84.79169999999999,20,100.0,370.0333,347.725,348.275,396.425,291.5083
2026-03-12 21:00:00,370.0333,360,120,0.0,2.79,100.0,0.0,0.2500000000000213,0.2500000000000142,0.2500000000000142,2.79,370.0333,360,-10.916699999999992,-95.9667,21,100.0,354.0333,345.7167,349.675,400.075,296.6917
2026-03-12 22:00:00,354.0333,350,120,0.0,0.25,100.0,0.0,0.0,0.2500000000000142,0.2500000000000142,0.25,354.0333,350,-16.0,-68.7887,22,100.0,347.725,346.35,353.3917,411.075,301.65
2026-03-12 23:00:00,347.725,346,120,0.0,0.25,100.0,0.0,0.0,0.2500000000000142,0.2500000000000142,0.25,347.725,346,-6.308299999999974,-33.224999999999966,23,100.0,345.7167,348.275,364.9583,414.6917,305.8833
2026-03-13 00:00:00,345.7167,345,120,0.0,0.25,100.0,0.0,0.0,0.2500000000000142,0.2500000000000142,0.25,345.7167,345,-2.0083000000000197,-24.316599999999994,0,100.0,346.35,349.675,384.3667,406.4833,310.2833
2026-03-13 01:00:00,346.35,345,120,0.0,0.25,100.0,0.0,0.0,0.0,0.2500000000000142,0.25,346.35,345,0.6333000000000197,-7.683299999999974,1,100.0,348.275,353.3917,399.4538,397.775,315.1667
2026-03-13 02:00:00,348.275,347,120,0.0,0.25,100.0,0.0,0.0,0.0,0.2500000000000142,0.25,348.275,347,1.9249999999999545,0.5499999999999545,2,100.0,349.675,364.9583,396.425,390.825,320.8333
2026-03-13 03:00:00,349.675,242,120,0.0,0.25,100.0,0.0,0.0,0.0,0.2500000000000142,0.25,349.675,242,1.400000000000034,3.9583000000000084,3,100.0,353.3917,384.3667,400.075,386.0833,332.325
2026-03-13 04:00:00,353.3917,352,120,0.0,0.25,100.0,0.0,0.0,0.0,0.2500000000000142,0.25,353.3917,352,3.716700000000003,7.041699999999992,4,100.0,364.9583,399.4538,411.075,339.6387,340.5917
2026-03-13 05:00:00,364.9583,354,120,0.0,0.25,100.0,0.0,0.0,0.0,0.2500000000000142,0.25,364.9583,354,11.566599999999994,16.68330000000003,5,100.0,384.3667,396.425,414.6917,262.375,349.1833
2026-03-13 06:00:00,384.3667,375,120,0.0,0.25,94.85431,0.0,0.0,0.0,0.2500000000000142,0.25,384.3667,375,19.408399999999972,34.69169999999997,6,94.85431,399.4538,400.075,406.4833,280.1176,354.8667
2026-03-13 07:00:00,399.4538,394,119,0.0,0.25,85.64087,0.0,0.0,0.0,0.0,0.25,399.4538,394,15.08710000000002,46.06209999999999,7,85.64087,396.425,411.075,397.775,286.0833,359.85
2026-03-13 08:00:00,396.425,392,120,0.0,0.25,85.606087,0.0,0.0,0.0,0.0,0.25,396.425,392,-3.0287999999999897,31.466700000000003,8,85.606087,400.075,414.6917,390.825,291.5083,365.4167
2026-03-13 09:00:00,400.075,392,120,0.0,0.25,79.413793,0.0,0.0,0.0,0.0,0.25,400.075,392,3.6499999999999773,15.708300000000008,9,79.413793,411.075,406.4833,386.0833,296.6917,370.7333
2026-03-13 10:00:00,411.075,407,120,0.0,0.25,81.925217,0.0,0.0,0.0,0.0,0.25,411.075,407,11.0,11.621199999999988,10,81.925217,414.6917,397.775,339.6387,301.65,375.875
2026-03-13 11:00:00,414.6917,412,120,0.0,0.25,83.868104,0.0,0.0,0.0,0.0,0.25,414.6917,412,3.616700000000037,18.266700000000014,11,83.868104,406.4833,390.825,262.375,305.8833,380.25
2026-03-13 12:00:00,406.4833,401,120,0.0,0.25,81.850435,0.0,0.0,0.0,0.0,0.25,406.4833,401,-8.20840000000004,6.408299999999997,12,81.850435,397.775,386.0833,280.1176,310.2833,383.675
2026-03-13 13:00:00,397.775,394,120,0.0,0.25,83.895652,0.0,0.0,0.0,0.0,0.25,397.775,394,-8.708300000000008,-13.300000000000011,13,83.895652,390.825,339.6387,286.0833,315.1667,386.5
2026-03-13 14:00:00,390.825,387,120,0.0,0.25,88.336207,0.0,0.0,0.0,0.0,0.25,390.825,387,-6.949999999999989,-23.866700000000037,14,88.336207,386.0833,262.375,291.5083,320.8333,99.8571
2026-03-13 15:00:00,386.0833,297,120,0.0,0.25,97.808695,0.0,0.0,0.0,0.0,0.25,386.0833,297,-4.74169999999998,-20.399999999999977,15,97.808695,339.6387,280.1176,296.6917,332.325,466.0
2026-03-13 16:00:00,339.6387,267,119,0.0,0.25,100.0,0.0,0.0,0.0,0.0,0.25,339.6387,267,-46.44460000000004,-58.136300000000006,16,100.0,262.375,286.0833,301.65,340.5917,465.9833
2026-03-13 17:00:00,262.375,259,120,0.0,0.25,100.0,0.0,0.0,0.0,0.0,0.25,262.375,259,-77.26369999999997,-128.45,17,100.0,280.1176,291.5083,305.8833,349.1833,466.0
2026-03-13 19:00:00,280.1176,277,119,0.0,0.0,100.0,0.0,0.0,0.0,0.0,0.0,280.1176,277,17.74259999999998,-105.96570000000003,19,100.0,286.0833,296.6917,310.2833,354.8667,466.0
2026-03-13 20:00:00,286.0833,283,120,0.0,0.0,100.0,0.0,0.0,0.0,0.0,0.0,286.0833,283,5.965700000000027,-53.55539999999996,20,100.0,291.5083,301.65,315.1667,359.85,466.0
2026-03-13 21:00:00,291.5083,289,120,0.0,0.0,100.0,0.0,0.0,0.0,0.0,0.0,291.5083,289,5.425000000000011,29.13330000000002,21,100.0,296.6917,305.8833,320.8333,365.4167,466.0
2026-03-13 22:00:00,296.6917,294,120,0.0,0.0,100.0,0.0,0.0,0.0,0.0,0.0,296.6917,294,5.183400000000006,16.574100000000044,22,100.0,301.65,310.2833,332.325,370.7333,466.0
2026-03-13 23:00:00,301.65,299,120,0.0,0.0,100.0,0.0,0.0,0.0,0.0,0.0,301.65,299,4.9582999999999515,15.566699999999969,23,100.0,305.8833,315.1667,340.5917,375.875,458.6083
2026-03-14 00:00:00,305.8833,304,120,0.0,0.0,100.0,0.0,0.0,0.0,0.0,0.0,305.8833,304,4.2333000000000425,14.375,0,100.0,310.2833,320.8333,349.1833,380.25,451.3333
2026-03-14 01:00:00,310.2833,308,120,0.0,0.0,100.0,0.0,0.0,0.0,0.0,0.0,310.2833,308,4.399999999999977,13.591599999999971,1,100.0,315.1667,332.325,354.8667,383.675,444.3
2026-03-14 02:00:00,315.1667,312,120,0.0,0.0,100.0,0.0,0.0,0.0,0.0,0.0,315.1667,312,4.883399999999995,13.516700000000014,2,100.0,320.8333,340.5917,359.85,386.5,438.05
2026-03-14 03:00:00,320.8333,318,120,0.0,0.0,100.0,0.0,0.0,0.0,0.0,0.0,320.8333,318,5.666600000000017,14.949999999999989,3,100.0,332.325,349.1833,365.4167,99.8571,433.25
2026-03-14 05:00:00,332.325,329,120,0.51,0.51,100.0,0.51,0.5100000000000213,0.5100000000000142,0.5100000000000142,0.51,332.325,329,11.49169999999998,22.04169999999999,5,100.0,340.5917,354.8667,370.7333,466.0,448.0583
2026-03-14 06:00:00,340.5917,336,120,0.51,0.51,100.0,0.51,1.0200000000000213,1.0200000000000142,1.0200000000000142,0.51,340.5917,336,8.266700000000014,25.42500000000001,6,100.0,349.1833,359.85,375.875,465.9833,466.0
2026-03-14 07:00:00,349.1833,346,120,0.0,0.51,99.688793,0.0,1.0200000000000213,1.0200000000000142,1.0200000000000142,0.51,349.1833,346,8.591599999999971,28.349999999999966,7,99.688793,354.8667,365.4167,380.25,466.0,466.0
2026-03-14 08:00:00,354.8667,352,120,0.0,0.51,98.736522,0.0,0.5100000000000213,1.0200000000000142,1.0200000000000142,0.51,354.8667,352,5.683400000000006,22.54169999999999,8,98.736522,359.85,370.7333,383.675,466.0,466.0
2026-03-14 09:00:00,359.85,357,120,0.0,0.51,90.065218,0.0,0.0,1.0200000000000142,1.0200000000000142,0.51,359.85,357,4.9833000000000425,19.25830000000002,9,90.065218,365.4167,375.875,386.5,466.0,466.0
2026-03-14 10:00:00,365.4167,362,120,0.0,0.51,79.693913,0.0,0.0,1.0200000000000142,1.0200000000000142,0.51,365.4167,362,5.566699999999969,16.233400000000017,10,79.693913,370.7333,380.25,99.8571,466.0,466.0
2026-03-14 11:00:00,370.7333,368,120,0.0,0.51,78.500862,0.0,0.0,0.5100000000000142,1.0200000000000142,0.51,370.7333,368,5.316599999999994,15.866600000000005,11,78.500862,375.875,383.675,466.0,466.0,466.0
2026-03-14 12:00:00,375.875,373,120,0.0,0.51,78.344348,0.0,0.0,0.0,1.0200000000000142,0.51,375.875,373,5.141700000000014,16.024999999999977,12,78.344348,380.25,386.5,465.9833,458.6083,466.0
2026-03-14 13:00:00,380.25,378,120,7.37,7.87,77.893913,7.37,7.370000000000021,7.370000000000014,8.390000000000015,7.87,380.25,378,4.375,14.833300000000008,13,77.893913,383.675,99.8571,466.0,451.3333,466.0
2026-03-14 14:00:00,383.675,382,120,7.37,7.87,83.564655,7.37,14.740000000000022,14.740000000000014,15.760000000000014,7.87,383.675,382,3.4250000000000114,12.941700000000026,14,83.564655,386.5,466.0,466.0,444.3,466.0
2026-03-14 15:00:00,386.5,385,26,0.0,7.87,85.127928,0.0,14.740000000000022,14.740000000000014,15.760000000000014,7.87,386.5,385,2.8249999999999886,10.625,15,85.127928,99.8571,465.9833,466.0,438.05,466.0
2026-04-02 10:00:00,99.8571,92,7,4.5,11.4,69.8125,4.5,11.870000000000022,19.240000000000016,20.260000000000012,11.4,99.8571,92,-286.6429,-280.3929,10,69.8125,466.0,466.0,466.0,433.25,466.0
2026-04-04 17:00:00,466.0,464,119,0.25,0.25,30.713158,0.25,4.750000000000021,19.490000000000016,20.000000000000014,0.25,466.0,464,366.1429,82.32499999999999,17,30.713158,465.9833,466.0,466.0,448.0583,466.0
2026-04-04 18:00:00,465.9833,465,120,0.0,0.25,53.657391,0.0,4.750000000000021,19.490000000000016,19.490000000000016,0.25,465.9833,465,-0.01670000000001437,79.48329999999999,18,53.657391,466.0,466.0,458.6083,466.0,466.0
2026-04-04 19:00:00,466.0,466,120,0.0,0.25,61.917392,0.0,0.2500000000000213,12.120000000000013,19.490000000000016,0.25,466.0,466,0.01670000000001437,366.1429,19,61.917392,466.0,466.0,451.3333,466.0,466.0
2026-04-04 20:00:00,466.0,466,120,0.0,0.25,75.132174,0.0,0.0,4.750000000000014,19.490000000000016,0.25,466.0,466,0.0,0.0,20,75.132174,466.0,466.0,444.3,466.0,466.0
2026-04-04 21:00:00,466.0,466,120,0.0,0.25,77.562609,0.0,0.0,4.750000000000014,19.490000000000016,0.25,466.0,466,0.0,0.01670000000001437,21,77.562609,466.0,458.6083,438.05,466.0,466.0
2026-04-04 22:00:00,466.0,466,120,0.0,0.25,70.799138,0.0,0.0,0.2500000000000142,19.490000000000016,0.25,466.0,466,0.0,0.0,22,70.799138,466.0,451.3333,433.25,466.0,466.0
2026-04-04 23:00:00,466.0,463,120,0.0,0.25,74.570435,0.0,0.0,0.0,19.490000000000016,0.25,466.0,463,0.0,0.0,23,74.570435,458.6083,444.3,448.0583,466.0,463.7311
2026-04-05 00:00:00,458.6083,454,120,0.0,0.25,81.894783,0.0,0.0,0.0,19.490000000000016,0.25,458.6083,454,-7.391700000000014,-7.391700000000014,0,81.894783,451.3333,438.05,466.0,466.0,455.75
2026-04-05 01:00:00,451.3333,448,120,0.0,0.25,87.85431,0.0,0.0,0.0,12.120000000000013,0.25,451.3333,448,-7.274999999999977,-14.666699999999992,1,87.85431,444.3,433.25,466.0,466.0,448.8333
2026-04-05 02:00:00,444.3,441,120,0.0,0.25,86.88,0.0,0.0,0.0,4.750000000000013,0.25,444.3,441,-7.033299999999997,-21.69999999999999,2,86.88,438.05,448.0583,466.0,466.0,442.6417
2026-04-05 03:00:00,438.05,435,120,0.0,0.25,85.564655,0.0,0.0,0.0,4.750000000000013,0.25,438.05,435,-6.25,-20.558299999999974,3,85.564655,433.25,466.0,466.0,466.0,437.1167
2026-04-05 04:00:00,433.25,430,120,0.0,0.25,85.616521,0.0,0.0,0.0,0.2500000000000133,0.25,433.25,430,-4.800000000000011,-18.08330000000001,4,85.616521,448.0583,466.0,466.0,466.0,432.65
2026-04-05 05:00:00,448.0583,438,120,0.0,0.25,86.62,0.0,0.0,0.0,0.0,0.25,448.0583,438,14.808299999999974,3.758299999999963,5,86.62,466.0,466.0,466.0,466.0,447.1917
2026-04-05 06:00:00,466.0,457,120,0.0,0.25,50.355172,0.0,0.0,0.0,0.0,0.25,466.0,457,17.941700000000026,27.94999999999999,6,50.355172,466.0,466.0,466.0,466.0,461.4667
2026-04-05 07:00:00,466.0,466,120,0.0,0.25,0.0,0.0,0.0,0.0,0.0,0.25,466.0,466,0.0,32.75,7,0.0,466.0,466.0,466.0,466.0,466.0
2026-04-05 08:00:00,466.0,466,120,0.0,0.25,0.0,0.0,0.0,0.0,0.0,0.25,466.0,466,0.0,17.941700000000026,8,0.0,466.0,466.0,466.0,466.0,466.0
2026-04-05 09:00:00,466.0,466,120,0.0,0.25,0.0,0.0,0.0,0.0,0.0,0.25,466.0,466,0.0,0.0,9,0.0,466.0,466.0,466.0,466.0,466.0
2026-04-05 10:00:00,466.0,466,120,0.0,0.25,0.0,0.0,0.0,0.0,0.0,0.25,466.0,466,0.0,0.0,10,0.0,466.0,466.0,466.0,466.0,466.0
2026-04-05 11:00:00,466.0,466,120,0.0,0.25,0.0,0.0,0.0,0.0,0.0,0.25,466.0,466,0.0,0.0,11,0.0,466.0,466.0,466.0,463.7311,466.0
2026-04-05 12:00:00,466.0,466,120,0.0,0.25,0.0,0.0,0.0,0.0,0.0,0.25,466.0,466,0.0,0.0,12,0.0,466.0,466.0,466.0,455.75,466.0
2026-04-05 13:00:00,466.0,466,120,0.0,0.25,0.0,0.0,0.0,0.0,0.0,0.25,466.0,466,0.0,0.0,13,0.0,466.0,466.0,466.0,448.8333,466.0
2026-04-05 14:00:00,466.0,457,120,0.0,0.25,0.0,0.0,0.0,0.0,0.0,0.25,466.0,457,0.0,0.0,14,0.0,466.0,466.0,466.0,442.6417,466.0
2026-04-05 15:00:00,466.0,466,120,0.0,0.25,0.0,0.0,0.0,0.0,0.0,0.25,466.0,466,0.0,0.0,15,0.0,466.0,466.0,466.0,437.1167,466.0
2026-04-05 16:00:00,466.0,466,120,0.0,0.25,0.0,0.0,0.0,0.0,0.0,0.25,466.0,466,0.0,0.0,16,0.0,466.0,466.0,466.0,432.65,466.0
2026-04-05 17:00:00,466.0,466,118,0.0,0.0,0.0,0.0,0.0,0.0,0.0,0.0,466.0,466,0.0,0.0,17,0.0,466.0,466.0,463.7311,447.1917,466.0
2026-04-05 18:00:00,466.0,466,120,0.0,0.0,0.0,0.0,0.0,0.0,0.0,0.0,466.0,466,0.0,0.0,18,0.0,466.0,466.0,455.75,461.4667,466.0
2026-04-05 19:00:00,466.0,466,119,0.0,0.0,0.073043,0.0,0.0,0.0,0.0,0.0,466.0,466,0.0,0.0,19,0.073043,466.0,466.0,448.8333,466.0,466.0
2026-04-05 20:00:00,466.0,466,120,0.0,0.0,30.483333,0.0,0.0,0.0,0.0,0.0,466.0,466,0.0,0.0,20,30.483333,466.0,463.7311,442.6417,466.0,466.0
2026-04-05 21:00:00,466.0,466,120,0.0,0.0,60.670175,0.0,0.0,0.0,0.0,0.0,466.0,466,0.0,0.0,21,60.670175,466.0,455.75,437.1167,466.0,466.0
2026-04-05 22:00:00,466.0,466,120,0.0,0.0,75.638261,0.0,0.0,0.0,0.0,0.0,466.0,466,0.0,0.0,22,75.638261,463.7311,448.8333,432.65,466.0,465.0583
2026-04-05 23:00:00,463.7311,460,119,0.0,0.0,82.658407,0.0,0.0,0.0,0.0,0.0,463.7311,460,-2.2688999999999737,-2.2688999999999737,23,82.658407,455.75,442.6417,447.1917,466.0,466.0
2026-04-06 00:00:00,455.75,452,120,0.0,0.0,84.414783,0.0,0.0,0.0,0.0,0.0,455.75,452,-7.981100000000026,-10.25,0,84.414783,448.8333,437.1167,461.4667,466.0,466.0
2026-04-06 01:00:00,448.8333,446,120,0.0,0.0,87.801724,0.0,0.0,0.0,0.0,0.0,448.8333,446,-6.916699999999992,-17.16669999999999,1,87.801724,442.6417,432.65,466.0,466.0,466.0
2026-04-06 02:00:00,442.6417,439,120,0.0,0.0,88.546087,0.0,0.0,0.0,0.0,0.0,442.6417,439,-6.191599999999994,-21.089400000000012,2,88.546087,437.1167,447.1917,466.0,466.0,466.0
2026-04-06 03:00:00,437.1167,434,120,0.0,0.0,86.068103,0.0,0.0,0.0,0.0,0.0,437.1167,434,-5.525000000000034,-18.63330000000002,3,86.068103,432.65,461.4667,466.0,466.0,466.0
2026-04-06 04:00:00,432.65,430,120,0.0,0.0,87.086087,0.0,0.0,0.0,0.0,0.0,432.65,430,-4.466700000000003,-16.18330000000003,4,87.086087,447.1917,466.0,466.0,466.0,466.0
2026-04-06 05:00:00,447.1917,437,120,0.0,0.0,88.20431,0.0,0.0,0.0,0.0,0.0,447.1917,437,14.541700000000048,4.550000000000011,5,88.20431,461.4667,466.0,466.0,466.0,466.0
2026-04-06 06:00:00,461.4667,452,120,0.0,0.0,82.568696,0.0,0.0,0.0,0.0,0.0,461.4667,452,14.274999999999977,24.350000000000023,6,82.568696,466.0,466.0,466.0,466.0,466.0
2026-04-06 07:00:00,466.0,466,120,0.0,0.0,12.508696,0.0,0.0,0.0,0.0,0.0,466.0,466,4.533299999999997,33.35000000000002,7,12.508696,466.0,466.0,466.0,466.0,466.0
2026-04-06 08:00:00,466.0,466,120,0.0,0.0,0.0,0.0,0.0,0.0,0.0,0.0,466.0,466,0.0,18.808299999999974,8,0.0,466.0,466.0,466.0,466.0,466.0
2026-04-06 09:00:00,466.0,466,120,0.0,0.0,0.0,0.0,0.0,0.0,0.0,0.0,466.0,466,0.0,4.533299999999997,9,0.0,466.0,466.0,466.0,466.0,466.0
2026-04-06 10:00:00,466.0,466,119,0.0,0.0,0.0,0.0,0.0,0.0,0.0,0.0,466.0,466,0.0,0.0,10,0.0,466.0,466.0,466.0,465.0583,466.0
2026-04-06 11:00:00,466.0,459,120,0.0,0.0,0.0,0.0,0.0,0.0,0.0,0.0,466.0,459,0.0,0.0,11,0.0,466.0,466.0,466.0,466.0,466.0
2026-04-06 12:00:00,466.0,466,120,0.0,0.0,0.0,0.0,0.0,0.0,0.0,0.0,466.0,466,0.0,0.0,12,0.0,466.0,466.0,466.0,466.0,466.0
2026-04-06 13:00:00,466.0,466,120,0.0,0.0,0.0,0.0,0.0,0.0,0.0,0.0,466.0,466,0.0,0.0,13,0.0,466.0,466.0,466.0,466.0,466.0
2026-04-06 14:00:00,466.0,466,120,0.0,0.0,0.0,0.0,0.0,0.0,0.0,0.0,466.0,466,0.0,0.0,14,0.0,466.0,466.0,466.0,466.0,466.0
2026-04-06 15:00:00,466.0,466,120,0.0,0.0,0.0,0.0,0.0,0.0,0.0,0.0,466.0,466,0.0,0.0,15,0.0,466.0,466.0,466.0,466.0,466.0
2026-04-06 16:00:00,466.0,466,120,0.0,0.0,0.0,0.0,0.0,0.0,0.0,0.0,466.0,466,0.0,0.0,16,0.0,466.0,466.0,465.0583,466.0,456.5833
2026-04-06 17:00:00,466.0,466,119,0.0,0.0,24.257017,0.0,0.0,0.0,0.0,0.0,466.0,466,0.0,0.0,17,24.257017,466.0,466.0,466.0,466.0,445.2017
2026-04-06 18:00:00,466.0,466,119,0.0,0.0,64.617391,0.0,0.0,0.0,0.0,0.0,466.0,466,0.0,0.0,18,64.617391,466.0,466.0,466.0,466.0,438.5167
2026-04-06 19:00:00,466.0,465,120,0.0,0.0,75.712281,0.0,0.0,0.0,0.0,0.0,466.0,465,0.0,0.0,19,75.712281,466.0,465.0583,466.0,466.0,437.575
2026-04-06 20:00:00,466.0,466,120,0.0,0.0,76.004348,0.0,0.0,0.0,0.0,0.0,466.0,466,0.0,0.0,20,76.004348,466.0,466.0,466.0,466.0,447.0083
2026-04-06 21:00:00,466.0,466,120,0.0,0.0,76.587931,0.0,0.0,0.0,0.0,0.0,466.0,466,0.0,0.0,21,76.587931,465.0583,466.0,466.0,466.0,456.5798
2026-04-06 22:00:00,465.0583,278,120,0.0,0.0,74.426087,0.0,0.0,0.0,0.0,0.0,465.0583,278,-0.9417000000000257,-0.9417000000000257,22,74.426087,466.0,466.0,466.0,466.0,462.1583
2026-04-06 23:00:00,466.0,390,120,0.0,0.0,74.596522,0.0,0.0,0.0,0.0,0.0,466.0,390,0.9417000000000257,0.0,23,74.596522,466.0,466.0,466.0,466.0,427.075
2026-04-07 00:00:00,466.0,466,120,0.0,0.0,78.385344,0.0,0.0,0.0,0.0,0.0,466.0,466,0.0,0.0,0,78.385344,466.0,466.0,466.0,466.0,386.7167
2026-04-07 01:00:00,466.0,466,120,0.0,0.0,81.572174,0.0,0.0,0.0,0.0,0.0,466.0,466,0.0,0.9417000000000257,1,81.572174,466.0,466.0,466.0,466.0,369.7583
2026-04-07 02:00:00,466.0,466,120,0.0,0.0,86.351304,0.0,0.0,0.0,0.0,0.0,466.0,466,0.0,0.0,2,86.351304,466.0,466.0,466.0,466.0,362.8992
2026-04-07 03:00:00,466.0,466,120,0.0,0.0,90.156034,0.0,0.0,0.0,0.0,0.0,466.0,466,0.0,0.0,3,90.156034,466.0,466.0,466.0,466.0,359.3917
2026-04-07 04:00:00,466.0,466,120,0.0,0.0,93.136522,0.0,0.0,0.0,0.0,0.0,466.0,466,0.0,0.0,4,93.136522,466.0,466.0,466.0,456.5833,352.4667
2026-04-07 05:00:00,466.0,466,120,0.0,0.0,95.980173,0.0,0.0,0.0,0.0,0.0,466.0,466,0.0,0.0,5,95.980173,466.0,466.0,466.0,445.2017,357.6083
2026-04-07 06:00:00,466.0,466,120,0.0,0.0,60.794782,0.0,0.0,0.0,0.0,0.0,466.0,466,0.0,0.0,6,60.794782,466.0,466.0,466.0,438.5167,368.4333
2026-04-07 07:00:00,466.0,466,120,0.0,0.0,0.0,0.0,0.0,0.0,0.0,0.0,466.0,466,0.0,0.0,7,0.0,466.0,466.0,466.0,437.575,370.9667
2026-04-07 08:00:00,466.0,466,120,0.0,0.0,0.0,0.0,0.0,0.0,0.0,0.0,466.0,466,0.0,0.0,8,0.0,466.0,466.0,466.0,447.0083,386.3417
2026-04-07 09:00:00,466.0,466,120,0.0,0.0,0.0,0.0,0.0,0.0,0.0,0.0,466.0,466,0.0,0.0,9,0.0,466.0,466.0,466.0,456.5798,394.9917
2026-04-07 10:00:00,466.0,466,120,0.0,0.0,0.0,0.0,0.0,0.0,0.0,0.0,466.0,466,0.0,0.0,10,0.0,466.0,466.0,456.5833,462.1583,402.1
2026-04-07 11:00:00,466.0,466,120,0.0,0.0,0.0,0.0,0.0,0.0,0.0,0.0,466.0,466,0.0,0.0,11,0.0,466.0,466.0,445.2017,427.075,408.6639
2026-04-07 12:00:00,466.0,466,120,0.0,0.0,0.0,0.0,0.0,0.0,0.0,0.0,466.0,466,0.0,0.0,12,0.0,466.0,466.0,438.5167,386.7167,408.3583
2026-04-07 13:00:00,466.0,466,119,0.0,0.0,0.0,0.0,0.0,0.0,0.0,0.0,466.0,466,0.0,0.0,13,0.0,466.0,456.5833,437.575,369.7583,390.8403
2026-04-07 14:00:00,466.0,461,120,0.0,0.0,0.0,0.0,0.0,0.0,0.0,0.0,466.0,461,0.0,0.0,14,0.0,466.0,445.2017,447.0083,362.8992,393.4034
2026-04-07 15:00:00,466.0,464,120,0.0,0.0,0.0,0.0,0.0,0.0,0.0,0.0,466.0,464,0.0,0.0,15,0.0,456.5833,438.5167,456.5798,359.3917,398.5917
2026-04-07 16:00:00,456.5833,450,120,0.0,0.0,0.0,0.0,0.0,0.0,0.0,0.0,456.5833,450,-9.416699999999992,-9.416699999999992,16,0.0,445.2017,437.575,462.1583,352.4667,403.2458
2026-04-07 17:00:00,445.2017,441,119,0.0,0.0,4.625439,0.0,0.0,0.0,0.0,0.0,445.2017,441,-11.381599999999992,-20.798299999999983,17,4.625439,438.5167,447.0083,427.075,357.6083,408.0083
2026-04-07 18:00:00,438.5167,436,120,0.0,0.0,36.796552,0.0,0.0,0.0,0.0,0.0,438.5167,436,-6.685000000000002,-27.483299999999986,18,36.796552,437.575,456.5798,386.7167,368.4333,413.075
2026-04-07 19:00:00,437.575,435,120,0.0,0.0,50.174562,0.0,0.0,0.0,0.0,0.0,437.575,435,-0.9417000000000257,-19.00830000000002,19,50.174562,447.0083,462.1583,369.7583,370.9667,408.325
2026-04-07 20:00:00,447.0083,442,120,0.0,0.0,56.693043,0.0,0.0,0.0,0.0,0.0,447.0083,442,9.433300000000031,1.806600000000003,20,56.693043,456.5798,427.075,362.8992,386.3417,388.9333
2026-04-07 21:00:00,456.5798,451,119,0.0,0.0,63.051724,0.0,0.0,0.0,0.0,0.0,456.5798,451,9.571499999999958,18.063099999999963,21,63.051724,462.1583,386.7167,359.3917,394.9917,367.1
2026-04-07 22:00:00,462.1583,452,120,0.25,0.25,91.525218,0.25,0.2500000000000213,0.2500000000000142,0.2500000000000133,0.25,462.1583,452,5.5785000000000196,24.58330000000001,22,91.525218,427.075,369.7583,352.4667,402.1,380.8083
2026-04-07 23:00:00,427.075,402,120,0.25,0.25,100.0,0.25,0.5000000000000213,0.5000000000000142,0.5000000000000133,0.25,427.075,402,-35.08330000000001,-19.93330000000003,23,100.0,386.7167,362.8992,357.6083,408.6639,387.225
2026-04-08 00:00:00,386.7167,376,120,0.0,0.25,100.0,0.0,0.5000000000000213,0.5000000000000142,0.5000000000000133,0.25,386.7167,376,-40.358299999999986,-69.86309999999997,0,100.0,369.7583,359.3917,368.4333,408.3583,398.6917
2026-04-08 01:00:00,369.7583,365,120,0.0,0.25,100.0,0.0,0.2500000000000213,0.5000000000000142,0.5000000000000133,0.25,369.7583,365,-16.958399999999983,-92.39999999999998,1,100.0,362.8992,352.4667,370.9667,390.8403,404.8917
2026-04-08 02:00:00,362.8992,361,119,0.0,0.25,100.0,0.0,0.0,0.5000000000000142,0.5000000000000133,0.25,362.8992,361,-6.859100000000012,-64.17579999999998,2,100.0,359.3917,357.6083,386.3417,393.4034,408.8667
2026-04-08 03:00:00,359.3917,355,120,0.0,0.25,100.0,0.0,0.0,0.5000000000000142,0.5000000000000133,0.25,359.3917,355,-3.507499999999993,-27.32499999999999,3,100.0,352.4667,368.4333,394.9917,398.5917,414.45
2026-04-08 04:00:00,352.4667,350,120,0.0,0.25,100.0,0.0,0.0,0.2500000000000142,0.5000000000000133,0.25,352.4667,350,-6.925000000000011,-17.291600000000017,4,100.0,357.6083,370.9667,402.1,403.2458,418.7417
2026-04-08 05:00:00,357.6083,350,120,0.0,0.25,100.0,0.0,0.0,0.0,0.5000000000000133,0.25,357.6083,350,5.141599999999983,-5.290900000000022,5,100.0,368.4333,386.3417,408.6639,408.0083,422.075
2026-04-08 06:00:00,368.4333,364,120,0.0,0.25,100.0,0.0,0.0,0.0,0.5000000000000133,0.25,368.4333,364,10.824999999999989,9.04159999999996,6,100.0,370.9667,394.9917,408.3583,413.075,427.6167
2026-04-08 07:00:00,370.9667,367,120,0.0,0.25,86.773276,0.0,0.0,0.0,0.5000000000000133,0.25,370.9667,367,2.5334000000000287,18.5,7,86.773276,386.3417,402.1,390.8403,408.325,433.4333
2026-04-08 08:00:00,386.3417,377,120,0.0,0.25,21.862069,0.0,0.0,0.0,0.5000000000000133,0.25,386.3417,377,15.375,28.733400000000017,8,21.862069,394.9917,408.6639,393.4034,388.9333,437.625
2026-04-08 09:00:00,394.9917,391,120,0.0,0.25,0.0,0.0,0.0,0.0,0.5000000000000133,0.25,394.9917,391,8.649999999999977,26.558400000000006,9,0.0,402.1,408.3583,398.5917,367.1,443.2458
2026-04-08 10:00:00,402.1,399,120,0.0,0.25,0.0,0.0,0.0,0.0,0.2500000000000133,0.25,402.1,399,7.1083000000000425,31.13330000000002,10,0.0,408.6639,390.8403,403.2458,380.8083,449.4417
2026-04-08 11:00:00,408.6639,405,119,0.0,0.25,0.0,0.0,0.0,0.0,0.0,0.25,408.6639,405,6.56389999999999,22.32220000000001,11,0.0,408.3583,393.4034,408.0083,387.225,454.0
2026-04-08 12:00:00,408.3583,353,120,0.0,0.25,44.457759,0.0,0.0,0.0,0.0,0.25,408.3583,353,-0.30560000000002674,13.366600000000005,12,44.457759,390.8403,398.5917,413.075,398.6917,456.6083
2026-04-08 14:00:00,390.8403,388,119,0.0,0.25,63.697391,0.0,0.0,0.0,0.0,0.25,390.8403,388,-17.517999999999972,-11.25970000000001,14,63.697391,393.4034,403.2458,408.325,404.8917,455.275
2026-04-08 15:00:00,393.4034,392,119,0.0,0.25,0.0,0.0,0.0,0.0,0.0,0.25,393.4034,392,2.563099999999963,-15.260500000000036,15,0.0,398.5917,408.0083,388.9333,408.8667,455.6917
2026-04-08 16:00:00,398.5917,395,120,0.0,0.25,0.0,0.0,0.0,0.0,0.0,0.25,398.5917,395,5.188300000000027,-9.766599999999983,16,0.0,403.2458,413.075,367.1,414.45,455.6333
2026-04-08 17:00:00,403.2458,401,118,0.0,0.25,0.0,0.0,0.0,0.0,0.0,0.25,403.2458,401,4.654099999999971,12.405499999999961,17,0.0,408.0083,408.325,380.8083,418.7417,456.0333
2026-04-08 18:00:00,408.0083,406,120,0.0,0.25,21.590435,0.0,0.0,0.0,0.0,0.25,408.0083,406,4.7625000000000455,14.604900000000043,18,21.590435,413.075,388.9333,387.225,422.075,456.2
2026-04-08 19:00:00,413.075,411,120,0.0,0.25,59.981579,0.0,0.0,0.0,0.0,0.25,413.075,411,5.066699999999969,14.483299999999986,19,59.981579,408.325,367.1,398.6917,427.6167,455.7917
2026-04-08 20:00:00,408.325,398,120,0.0,0.25,94.175862,0.0,0.0,0.0,0.0,0.25,408.325,398,-4.75,5.079200000000014,20,94.175862,388.9333,380.8083,404.8917,433.4333,455.5
2026-04-08 21:00:00,388.9333,380,120,0.0,0.25,100.0,0.0,0.0,0.0,0.0,0.25,388.9333,380,-19.391700000000014,-19.075000000000045,21,100.0,367.1,387.225,408.8667,437.625,454.35
2026-04-08 23:00:00,367.1,365,120,0.0,0.0,100.0,0.0,0.0,0.0,0.0,0.0,367.1,365,-21.83329999999995,-45.974999999999966,23,100.0,380.8083,398.6917,414.45,443.2458,452.0167
2026-04-09 05:00:00,380.8083,378,120,0.0,0.0,100.0,0.0,0.0,0.0,0.0,0.0,380.8083,378,13.708299999999952,-27.516700000000014,5,100.0,387.225,404.8917,418.7417,449.4417,460.2017
2026-04-09 06:00:00,387.225,383,120,0.0,0.0,95.821739,0.0,0.0,0.0,0.0,0.0,387.225,383,6.4167000000000485,-1.7082999999999515,6,95.821739,398.6917,408.8667,422.075,454.0,466.0
2026-04-09 08:00:00,398.6917,396,120,0.0,0.0,66.313043,0.0,0.0,0.0,0.0,0.0,398.6917,396,11.466700000000003,31.591700000000003,8,66.313043,404.8917,414.45,427.6167,456.6083,465.1167
2026-04-09 09:00:00,404.8917,402,120,0.0,0.0,40.392241,0.0,0.0,0.0,0.0,0.0,404.8917,402,6.199999999999989,24.08340000000004,9,40.392241,408.8667,418.7417,433.4333,455.275,466.0
2026-04-09 10:00:00,408.8667,407,120,0.0,0.0,18.447826,0.0,0.0,0.0,0.0,0.0,408.8667,407,3.974999999999966,21.641699999999958,10,18.447826,414.45,422.075,437.625,455.6917,466.0
2026-04-09 11:00:00,414.45,411,120,0.0,0.0,3.765789,0.0,0.0,0.0,0.0,0.0,414.45,411,5.583300000000008,15.758299999999963,11,3.765789,418.7417,427.6167,443.2458,455.6333,466.0
2026-04-09 12:00:00,418.7417,416,120,0.0,0.0,0.0,0.0,0.0,0.0,0.0,0.0,418.7417,416,4.291699999999992,13.849999999999966,12,0.0,422.075,433.4333,449.4417,456.0333,466.0
2026-04-09 13:00:00,422.075,421,120,0.0,0.0,0.0,0.0,0.0,0.0,0.0,0.0,422.075,421,3.3333000000000084,13.208300000000008,13,0.0,427.6167,437.625,454.0,456.2,466.0
2026-04-09 14:00:00,427.6167,424,120,0.0,0.0,0.0,0.0,0.0,0.0,0.0,0.0,427.6167,424,5.541699999999992,13.166699999999992,14,0.0,433.4333,443.2458,456.6083,455.7917,466.0
2026-04-09 15:00:00,433.4333,431,120,0.0,0.0,0.0,0.0,0.0,0.0,0.0,0.0,433.4333,431,5.816599999999994,14.691599999999994,15,0.0,437.625,449.4417,455.275,455.5,466.0
2026-04-09 16:00:00,437.625,435,120,0.0,0.0,2.111207,0.0,0.0,0.0,0.0,0.0,437.625,435,4.191700000000026,15.550000000000011,16,2.111207,443.2458,454.0,455.6917,454.35,466.0
2026-04-09 17:00:00,443.2458,440,118,0.0,0.0,32.157895,0.0,0.0,0.0,0.0,0.0,443.2458,440,5.620799999999974,15.629099999999994,17,32.157895,449.4417,456.6083,455.6333,452.0167,466.0
2026-04-09 18:00:00,449.4417,447,120,0.0,0.0,53.839823,0.0,0.0,0.0,0.0,0.0,449.4417,447,6.1959000000000515,16.00840000000005,18,53.839823,454.0,455.275,456.0333,460.2017,466.0
2026-04-09 19:00:00,454.0,452,120,0.0,0.0,76.756521,0.0,0.0,0.0,0.0,0.0,454.0,452,4.558299999999974,16.375,19,76.756521,456.6083,455.6917,456.2,466.0,464.7583
2026-04-09 20:00:00,456.6083,453,120,0.0,0.0,70.017241,0.0,0.0,0.0,0.0,0.0,456.6083,453,2.6082999999999856,13.362500000000011,20,70.017241,455.275,455.6333,455.7917,465.1167,465.4538
2026-04-09 21:00:00,455.275,453,120,0.0,0.0,80.359649,0.0,0.0,0.0,0.0,0.0,455.275,453,-1.3333000000000084,5.8332999999999515,21,80.359649,455.6917,456.0333,455.5,466.0,465.925
2026-04-09 22:00:00,455.6917,453,120,0.0,0.0,89.205172,0.0,0.0,0.0,0.0,0.0,455.6917,453,0.4167000000000485,1.6917000000000257,22,89.205172,455.6333,456.2,454.35,466.0,465.8583
2026-04-09 23:00:00,455.6333,453,120,0.0,0.0,93.681739,0.0,0.0,0.0,0.0,0.0,455.6333,453,-0.058400000000006,-0.9749999999999659,23,93.681739,456.0333,455.7917,452.0167,466.0,466.0
2026-04-10 00:00:00,456.0333,453,120,0.0,0.0,94.205218,0.0,0.0,0.0,0.0,0.0,456.0333,453,0.39999999999997726,0.7583000000000197,0,94.205218,456.2,455.5,460.2017,466.0,465.2083
2026-04-10 01:00:00,456.2,452,120,0.0,0.0,94.526957,0.0,0.0,0.0,0.0,0.0,456.2,452,0.16669999999999163,0.5082999999999629,1,94.526957,455.7917,454.35,466.0,466.0,463.1417
2026-04-10 02:00:00,455.7917,453,120,0.0,0.0,95.128448,0.0,0.0,0.0,0.0,0.0,455.7917,453,-0.408299999999997,0.1583999999999719,2,95.128448,455.5,452.0167,465.1167,466.0,454.575
2026-04-10 03:00:00,455.5,453,120,0.0,0.0,98.499138,0.0,0.0,0.0,0.0,0.0,455.5,453,-0.29169999999999163,-0.533299999999997,3,98.499138,454.35,460.2017,466.0,466.0,447.475
2026-04-10 04:00:00,454.35,453,120,0.0,0.0,99.998261,0.0,0.0,0.0,0.0,0.0,454.35,453,-1.1499999999999773,-1.849999999999966,4,99.998261,452.0167,466.0,466.0,466.0,441.1167
2026-04-10 05:00:00,452.0167,449,120,0.0,0.0,100.0,0.0,0.0,0.0,0.0,0.0,452.0167,449,-2.3333000000000084,-3.7749999999999773,5,100.0,460.2017,465.1167,466.0,466.0,451.6667
2026-04-10 06:00:00,460.2017,453,119,0.0,0.0,78.964912,0.0,0.0,0.0,0.0,0.0,460.2017,453,8.185000000000002,4.701700000000017,6,78.964912,466.0,466.0,466.0,466.0,463.678
2026-04-10 07:00:00,466.0,458,120,0.0,0.0,0.525,0.0,0.0,0.0,0.0,0.0,466.0,458,5.798299999999983,11.649999999999977,7,0.525,465.1167,466.0,466.0,464.7583,466.0
2026-04-10 08:00:00,465.1167,456,120,0.0,0.0,0.012174,0.0,0.0,0.0,0.0,0.0,465.1167,456,-0.8833000000000197,13.099999999999966,8,0.012174,466.0,466.0,466.0,465.4538,466.0
2026-04-10 09:00:00,466.0,456,120,0.0,0.0,0.0,0.0,0.0,0.0,0.0,0.0,466.0,456,0.8833000000000197,5.798299999999983,9,0.0,466.0,466.0,466.0,465.925,459.775
2026-04-10 10:00:00,466.0,460,120,0.0,0.0,0.0,0.0,0.0,0.0,0.0,0.0,466.0,460,0.0,0.0,10,0.0,466.0,466.0,466.0,465.8583,451.9244
2026-04-10 11:00:00,466.0,466,119,0.0,0.0,0.0,0.0,0.0,0.0,0.0,0.0,466.0,466,0.0,0.8833000000000197,11,0.0,466.0,466.0,466.0,466.0,443.875
2026-04-10 12:00:00,466.0,466,120,0.0,0.0,0.0,0.0,0.0,0.0,0.0,0.0,466.0,466,0.0,0.0,12,0.0,466.0,466.0,466.0,465.2083,436.65
2026-04-10 13:00:00,466.0,466,120,0.0,0.0,0.0,0.0,0.0,0.0,0.0,0.0,466.0,466,0.0,0.0,13,0.0,466.0,466.0,464.7583,463.1417,430.2833
2026-04-10 14:00:00,466.0,466,120,0.0,0.0,0.0,0.0,0.0,0.0,0.0,0.0,466.0,466,0.0,0.0,14,0.0,466.0,466.0,465.4538,454.575,423.0417
2026-04-10 15:00:00,466.0,466,120,0.0,0.0,0.0,0.0,0.0,0.0,0.0,0.0,466.0,466,0.0,0.0,15,0.0,466.0,466.0,465.925,447.475,422.2857
2026-04-10 16:00:00,466.0,466,120,0.0,0.0,0.0,0.0,0.0,0.0,0.0,0.0,466.0,466,0.0,0.0,16,0.0,466.0,464.7583,465.8583,441.1167,432.2
2026-04-10 17:00:00,466.0,466,119,0.0,0.0,0.0,0.0,0.0,0.0,0.0,0.0,466.0,466,0.0,0.0,17,0.0,466.0,465.4538,466.0,451.6667,441.9833
2026-04-10 18:00:00,466.0,454,120,0.0,0.0,5.85,0.0,0.0,0.0,0.0,0.0,466.0,454,0.0,0.0,18,5.85,464.7583,465.925,465.2083,463.678,451.4
2026-04-10 19:00:00,464.7583,453,120,0.0,0.0,58.462608,0.0,0.0,0.0,0.0,0.0,464.7583,453,-1.2416999999999803,-1.2416999999999803,19,58.462608,465.4538,465.8583,463.1417,466.0,461.1417
2026-04-10 20:00:00,465.4538,453,119,0.0,0.0,61.276316,0.0,0.0,0.0,0.0,0.0,465.4538,453,0.6954999999999814,-0.5461999999999989,20,61.276316,465.925,466.0,454.575,466.0,465.1917
2026-04-10 21:00:00,465.925,454,120,0.0,0.0,57.349565,0.0,0.0,0.0,0.0,0.0,465.925,454,0.4712000000000103,-0.07499999999998863,21,57.349565,465.8583,465.2083,447.475,459.775,465.7583
2026-04-10 22:00:00,465.8583,454,120,0.0,0.0,70.137931,0.0,0.0,0.0,0.0,0.0,465.8583,454,-0.06670000000002574,1.099999999999966,22,70.137931,466.0,463.1417,441.1167,451.9244,458.675
2026-04-10 23:00:00,466.0,466,120,0.0,0.0,77.513913,0.0,0.0,0.0,0.0,0.0,466.0,466,0.14170000000001437,0.5461999999999989,23,77.513913,465.2083,454.575,451.6667,443.875,449.8917
2026-04-11 00:00:00,465.2083,453,120,0.0,0.0,84.077193,0.0,0.0,0.0,0.0,0.0,465.2083,453,-0.7916999999999916,-0.716700000000003,0,84.077193,463.1417,447.475,463.678,436.65,442.975
2026-04-11 01:00:00,463.1417,453,120,0.0,0.0,85.241739,0.0,0.0,0.0,0.0,0.0,463.1417,453,-2.066599999999994,-2.7165999999999713,1,85.241739,454.575,441.1167,466.0,430.2833,436.1083
2026-04-11 02:00:00,454.575,451,120,0.0,0.0,86.751724,0.0,0.0,0.0,0.0,0.0,454.575,451,-8.566700000000026,-11.425000000000011,2,86.751724,447.475,451.6667,466.0,423.0417,430.1583
2026-04-11 03:00:00,447.475,444,120,0.0,0.0,93.59569,0.0,0.0,0.0,0.0,0.0,447.475,444,-7.099999999999966,-17.733299999999986,3,93.59569,441.1167,463.678,459.775,422.2857,421.275
2026-04-11 04:00:00,441.1167,438,120,0.0,0.0,97.089565,0.0,0.0,0.0,0.0,0.0,441.1167,438,-6.3583000000000425,-22.025000000000034,4,97.089565,451.6667,466.0,451.9244,432.2,411.325
2026-04-11 05:00:00,451.6667,443,120,0.0,0.0,97.153044,0.0,0.0,0.0,0.0,0.0,451.6667,443,10.550000000000011,-2.908299999999997,5,97.153044,463.678,466.0,443.875,441.9833,418.6333
2026-04-11 06:00:00,463.678,453,118,0.0,0.0,91.686364,0.0,0.0,0.0,0.0,0.0,463.678,453,12.011300000000006,16.202999999999975,6,91.686364,466.0,459.775,436.65,451.4,429.6387
2026-04-11 07:00:00,466.0,456,120,0.0,0.0,42.330173,0.0,0.0,0.0,0.0,0.0,466.0,456,2.3220000000000027,24.88330000000002,7,42.330173,466.0,451.9244,430.2833,461.1417,442.1417
2026-04-11 08:00:00,466.0,463,120,0.0,0.0,0.0,0.0,0.0,0.0,0.0,0.0,466.0,463,0.0,14.333300000000008,8,0.0,459.775,443.875,423.0417,465.1917,451.6174
2026-04-11 09:00:00,459.775,455,120,0.0,0.0,0.0,0.0,0.0,0.0,0.0,0.0,459.775,455,-6.225000000000023,-3.90300000000002,9,0.0,451.9244,436.65,422.2857,465.7583,460.0
2026-04-11 10:00:00,451.9244,447,119,0.0,0.0,0.0,0.0,0.0,0.0,0.0,0.0,451.9244,447,-7.850599999999986,-14.075600000000009,10,0.0,443.875,430.2833,432.2,458.675,466.0
2026-04-11 11:00:00,443.875,440,120,0.0,0.0,0.0,0.0,0.0,0.0,0.0,0.0,443.875,440,-8.049399999999991,-22.125,11,0.0,436.65,423.0417,441.9833,449.8917,466.0
2026-04-11 12:00:00,436.65,433,120,0.0,0.0,0.0,0.0,0.0,0.0,0.0,0.0,436.65,433,-7.225000000000023,-23.125,12,0.0,430.2833,422.2857,451.4,442.975,466.0
2026-04-11 13:00:00,430.2833,426,120,0.0,0.0,0.0,0.0,0.0,0.0,0.0,0.0,430.2833,426,-6.36669999999998,-21.641099999999994,13,0.0,423.0417,432.2,461.1417,436.1083,465.0917
2026-04-11 14:00:00,423.0417,420,120,0.0,0.0,0.0,0.0,0.0,0.0,0.0,0.0,423.0417,420,-7.241600000000005,-20.83330000000001,14,0.0,422.2857,441.9833,465.1917,430.1583,458.1417
2026-04-11 15:00:00,422.2857,418,119,0.0,0.0,0.0,0.0,0.0,0.0,0.0,0.0,422.2857,418,-0.7559999999999718,-14.364299999999957,15,0.0,432.2,451.4,465.7583,421.275,451.5083
2026-04-11 16:00:00,432.2,427,120,0.0,0.0,0.0,0.0,0.0,0.0,0.0,0.0,432.2,427,9.914299999999969,1.9166999999999916,16,0.0,441.9833,461.1417,458.675,411.325,454.0
2026-04-11 17:00:00,441.9833,437,120,0.0,0.0,0.0,0.0,0.0,0.0,0.0,0.0,441.9833,437,9.783299999999997,18.941599999999994,17,0.0,451.4,465.1917,449.8917,418.6333,458.9661
2026-04-11 18:00:00,451.4,447,120,0.0,0.0,5.810435,0.0,0.0,0.0,0.0,0.0,451.4,447,9.416699999999992,29.114299999999957,18,5.810435,461.1417,465.7583,442.975,429.6387,462.8333
2026-04-11 19:00:00,461.1417,456,120,0.0,0.0,24.225,0.0,0.0,0.0,0.0,0.0,461.1417,456,9.741700000000037,28.941700000000026,19,24.225,465.1917,458.675,436.1083,442.1417,465.0083
2026-04-11 20:00:00,465.1917,464,120,0.0,0.0,72.574561,0.0,0.0,0.0,0.0,0.0,465.1917,464,4.050000000000011,23.20840000000004,20,72.574561,465.7583,449.8917,430.1583,451.6174,465.8083
2026-04-11 21:00:00,465.7583,464,120,0.0,0.0,83.100862,0.0,0.0,0.0,0.0,0.0,465.7583,464,0.566599999999994,14.358300000000042,21,83.100862,458.675,442.975,421.275,460.0,466.0
2026-04-11 22:00:00,458.675,453,120,0.25,0.25,87.426957,0.25,0.2500000000000213,0.2500000000000142,0.2500000000000133,0.25,458.675,453,-7.083300000000008,-2.466700000000003,22,87.426957,449.8917,436.1083,411.325,466.0,465.2833
2026-04-11 23:00:00,449.8917,446,120,0.25,0.25,99.364655,0.25,0.5000000000000213,0.5000000000000142,0.5000000000000133,0.25,449.8917,446,-8.783299999999997,-15.300000000000011,23,99.364655,442.975,430.1583,418.6333,466.0,458.45
2026-04-12 00:00:00,442.975,439,120,0.0,0.25,100.0,0.0,0.5000000000000213,0.5000000000000142,0.5000000000000133,0.25,442.975,439,-6.916699999999992,-22.783299999999997,0,100.0,436.1083,421.275,429.6387,466.0,445.0083
2026-04-12 01:00:00,436.1083,425,120,0.0,0.25,100.0,0.0,0.2500000000000213,0.5000000000000142,0.5000000000000133,0.25,436.1083,425,-6.866700000000037,-22.566700000000026,1,100.0,430.1583,411.325,442.1417,465.0917,430.0
2026-04-12 02:00:00,430.1583,427,120,0.0,0.25,100.0,0.0,0.0,0.5000000000000142,0.5000000000000133,0.25,430.1583,427,-5.949999999999989,-19.733400000000017,2,100.0,421.275,418.6333,451.6174,458.1417,416.825
2026-04-12 03:00:00,421.275,414,120,0.0,0.25,100.0,0.0,0.0,0.5000000000000142,0.5000000000000133,0.25,421.275,414,-8.88330000000002,-21.700000000000045,3,100.0,411.325,429.6387,460.0,451.5083,404.9
2026-04-12 04:00:00,411.325,408,120,0.0,0.25,100.0,0.0,0.0,0.2500000000000142,0.5000000000000133,0.25,411.325,408,-9.949999999999989,-24.783299999999997,4,100.0,418.6333,442.1417,466.0,454.0,399.5833
2026-04-12 05:00:00,418.6333,414,120,0.0,0.25,100.0,0.0,0.0,0.0,0.5000000000000133,0.25,418.6333,414,7.308300000000031,-11.524999999999977,5,100.0,429.6387,451.6174,466.0,458.9661,409.15
2026-04-12 06:00:00,429.6387,424,119,0.0,0.25,91.048246,0.0,0.0,0.0,0.5000000000000133,0.25,429.6387,424,11.005399999999952,8.363699999999994,6,91.048246,442.1417,460.0,466.0,462.8333,421.9917
2026-04-12 07:00:00,442.1417,437,120,0.0,0.25,13.137931,0.0,0.0,0.0,0.5000000000000133,0.25,442.1417,437,12.503000000000043,30.816700000000026,7,13.137931,451.6174,466.0,465.0917,465.0083,432.4417
2026-04-12 08:00:00,451.6174,447,115,0.0,0.25,0.0,0.0,0.0,0.0,0.5000000000000133,0.25,451.6174,447,9.47569999999996,32.984099999999955,8,0.0,460.0,466.0,458.1417,465.8083,437.1333
2026-04-12 09:00:00,460.0,455,120,0.0,0.25,0.0,0.0,0.0,0.0,0.5000000000000133,0.25,460.0,455,8.382600000000025,30.36130000000003,9,0.0,466.0,466.0,451.5083,466.0,442.9917
2026-04-12 10:00:00,466.0,458,120,0.0,0.25,0.0,0.0,0.0,0.0,0.2500000000000133,0.25,466.0,458,6.0,23.858299999999986,10,0.0,466.0,465.0917,454.0,465.2833,448.3
2026-04-12 11:00:00,466.0,466,120,0.0,0.25,0.0,0.0,0.0,0.0,0.0,0.25,466.0,466,0.0,14.382600000000025,11,0.0,466.0,458.1417,458.9661,458.45,452.3277
2026-04-12 12:00:00,466.0,466,120,0.0,0.25,0.0,0.0,0.0,0.0,0.0,0.25,466.0,466,0.0,6.0,12,0.0,465.0917,451.5083,462.8333,445.0083,456.2833
2026-04-12 13:00:00,465.0917,461,120,0.0,0.25,0.0,0.0,0.0,0.0,0.0,0.25,465.0917,461,-0.908299999999997,-0.908299999999997,13,0.0,458.1417,454.0,465.0083,430.0,458.9083
2026-04-12 14:00:00,458.1417,454,120,0.0,0.25,0.0,0.0,0.0,0.0,0.0,0.25,458.1417,454,-6.949999999999989,-7.858299999999986,14,0.0,451.5083,458.9661,465.8083,416.825,459.8
2026-04-12 15:00:00,451.5083,449,120,0.0,0.25,0.0,0.0,0.0,0.0,0.0,0.25,451.5083,449,-6.633399999999995,-14.49169999999998,15,0.0,454.0,462.8333,466.0,404.9,458.8667
2026-04-12 16:00:00,454.0,451,120,0.0,0.25,0.0,0.0,0.0,0.0,0.0,0.25,454.0,451,2.4916999999999803,-11.091700000000003,16,0.0,458.9661,465.0083,465.2833,399.5833,454.275
2026-04-12 17:00:00,458.9661,453,118,0.0,0.25,4.628947,0.0,0.0,0.0,0.0,0.25,458.9661,453,4.966099999999983,0.8243999999999687,17,4.628947,462.8333,465.8083,458.45,409.15,453.4661
2026-04-12 18:00:00,462.8333,453,120,0.0,0.25,37.572174,0.0,0.0,0.0,0.0,0.25,462.8333,453,3.8672000000000253,11.324999999999989,18,37.572174,465.0083,466.0,445.0083,421.9917,456.2167
2026-04-12 19:00:00,465.0083,453,120,0.0,0.25,50.349565,0.0,0.0,0.0,0.0,0.25,465.0083,453,2.1750000000000114,11.00830000000002,19,50.349565,465.8083,465.2833,430.0,432.4417,458.375
2026-04-12 20:00:00,465.8083,453,120,0.0,0.25,45.733913,0.0,0.0,0.0,0.0,0.25,465.8083,453,0.7999999999999545,6.842199999999991,20,45.733913,466.0,458.45,416.825,437.1333,461.1833
2026-04-12 21:00:00,466.0,453,120,0.25,0.51,57.006957,0.25,0.2500000000000213,0.2500000000000142,0.2500000000000133,0.51,466.0,453,0.19170000000002574,3.1666999999999916,21,57.006957,465.2833,445.0083,404.9,442.9917,463.7083
2026-04-12 22:00:00,465.2833,453,120,0.25,0.51,69.822609,0.25,0.5000000000000213,0.5000000000000142,0.5000000000000133,0.51,465.2833,453,-0.716700000000003,0.27499999999997726,22,69.822609,458.45,430.0,399.5833,448.3,465.4167
2026-04-12 23:00:00,458.45,453,120,0.0,0.25,80.951304,0.0,0.5000000000000213,0.5000000000000142,0.5000000000000133,0.25,458.45,453,-6.833300000000008,-7.358299999999986,23,80.951304,445.0083,416.825,409.15,452.3277,466.0
2026-04-13 00:00:00,445.0083,437,120,0.0,0.25,89.565517,0.0,0.2500000000000213,0.5000000000000142,0.5000000000000133,0.25,445.0083,437,-13.441699999999969,-20.99169999999998,0,89.565517,430.0,404.9,421.9917,456.2833,466.0
2026-04-13 01:00:00,430.0,423,120,0.0,0.25,93.497391,0.0,0.0,0.5000000000000142,0.5000000000000133,0.25,430.0,423,-15.00830000000002,-35.2833,1,93.497391,416.825,399.5833,432.4417,458.9083,466.0
2026-04-13 02:00:00,416.825,411,120,0.0,0.25,96.621739,0.0,0.0,0.5000000000000142,0.5000000000000133,0.25,416.825,411,-13.175000000000011,-41.625,2,96.621739,404.9,409.15,437.1333,459.8,466.0
2026-04-13 03:00:00,404.9,400,120,0.0,0.25,99.238261,0.0,0.0,0.2500000000000142,0.5000000000000133,0.25,404.9,400,-11.925000000000011,-40.10830000000004,3,99.238261,399.5833,421.9917,442.9917,458.8667,459.15
2026-04-13 04:00:00,399.5833,396,120,0.0,0.25,100.0,0.0,0.0,0.0,0.5000000000000133,0.25,399.5833,396,-5.316699999999969,-30.41669999999999,4,100.0,409.15,432.4417,448.3,454.275,458.9083
2026-04-13 05:00:00,409.15,404,120,0.0,0.25,99.947414,0.0,0.0,0.0,0.5000000000000133,0.25,409.15,404,9.566699999999969,-7.675000000000011,5,99.947414,421.9917,437.1333,452.3277,453.4661,461.1083
2026-04-13 06:00:00,421.9917,415,120,0.0,0.25,56.253043,0.0,0.0,0.0,0.5000000000000133,0.25,421.9917,415,12.841700000000003,17.091700000000003,6,56.253043,432.4417,442.9917,456.2833,456.2167,466.0
2026-04-13 07:00:00,432.4417,428,120,0.0,0.25,0.0,0.0,0.0,0.0,0.5000000000000133,0.25,432.4417,428,10.450000000000045,32.85840000000002,7,0.0,437.1333,448.3,458.9083,458.375,466.0
2026-04-13 08:00:00,437.1333,435,120,0.0,0.25,0.0,0.0,0.0,0.0,0.5000000000000133,0.25,437.1333,435,4.691599999999994,27.983300000000042,8,0.0,442.9917,452.3277,459.8,461.1833,463.1417
2026-04-13 09:00:00,442.9917,440,120,0.0,0.25,0.0,0.0,0.0,0.0,0.2500000000000133,0.25,442.9917,440,5.8583999999999605,21.0,9,0.0,448.3,456.2833,458.8667,463.7083,461.0667
2026-04-13 10:00:00,448.3,446,120,0.0,0.25,0.0,0.0,0.0,0.0,0.0,0.25,448.3,446,5.308300000000031,15.858299999999986,10,0.0,452.3277,458.9083,454.275,465.4167,464.7833
2026-04-13 11:00:00,452.3277,450,119,0.0,0.25,0.0,0.0,0.0,0.0,0.0,0.25,452.3277,450,4.027699999999982,15.194399999999973,11,0.0,456.2833,459.8,453.4661,466.0,466.0
2026-04-13 12:00:00,456.2833,454,120,0.0,0.25,0.0,0.0,0.0,0.0,0.0,0.25,456.2833,454,3.955600000000004,13.291600000000017,12,0.0,458.9083,458.8667,456.2167,466.0,466.0
2026-04-13 13:00:00,458.9083,457,120,0.0,0.25,0.0,0.0,0.0,0.0,0.0,0.25,458.9083,457,2.625,10.608299999999986,13,0.0,459.8,454.275,458.375,466.0,466.0
2026-04-13 14:00:00,459.8,458,120,0.0,0.25,0.0,0.0,0.0,0.0,0.0,0.25,459.8,458,0.8917000000000144,7.472300000000018,14,0.0,458.8667,453.4661,461.1833,466.0,466.0
2026-04-13 15:00:00,458.8667,455,120,0.0,0.25,0.0,0.0,0.0,0.0,0.0,0.25,458.8667,455,-0.9333000000000311,2.5833999999999833,15,0.0,454.275,456.2167,463.7083,459.15,461.55
2026-04-13 16:00:00,454.275,453,120,0.0,0.25,0.0,0.0,0.0,0.0,0.0,0.25,454.275,453,-4.591700000000003,-4.63330000000002,16,0.0,453.4661,458.375,465.4167,458.9083,453.3167
2026-04-13 17:00:00,453.4661,338,118,0.0,0.25,0.0,0.0,0.0,0.0,0.0,0.25,453.4661,338,-0.8088999999999942,-6.333900000000028,17,0.0,456.2167,461.1833,466.0,461.1083,453.6752
2026-04-13 18:00:00,456.2167,454,120,0.0,0.25,3.26087,0.0,0.0,0.0,0.0,0.25,456.2167,454,2.75060000000002,-2.6499999999999773,18,3.26087,458.375,463.7083,466.0,466.0,456.9504
2026-04-13 19:00:00,458.375,457,120,0.0,0.25,13.27913,0.0,0.0,0.0,0.0,0.25,458.375,457,2.158299999999997,4.100000000000023,19,13.27913,461.1833,465.4167,466.0,466.0,459.8655
2026-04-13 20:00:00,461.1833,460,120,0.0,0.25,33.812174,0.0,0.0,0.0,0.0,0.25,461.1833,460,2.8082999999999743,7.717199999999991,20,33.812174,463.7083,466.0,466.0,463.1417,463.9583
2026-04-13 21:00:00,463.7083,462,120,0.0,0.25,51.581897,0.0,0.0,0.0,0.0,0.25,463.7083,462,2.525000000000034,7.491600000000005,21,51.581897,465.4167,466.0,459.15,461.0667,465.8595
2026-04-13 22:00:00,465.4167,440,120,0.0,0.0,64.676316,0.0,0.0,0.0,0.0,0.0,465.4167,440,1.7083999999999833,7.041699999999992,22,64.676316,466.0,466.0,458.9083,464.7833,466.0
2026-04-13 23:00:00,466.0,465,120,0.0,0.0,61.986842,0.0,0.0,0.0,0.0,0.0,466.0,465,0.5833000000000084,4.816700000000026,23,61.986842,466.0,466.0,461.1083,466.0,466.0
2026-04-14 00:00:00,466.0,466,120,0.0,0.0,19.930172,0.0,0.0,0.0,0.0,0.0,466.0,466,0.0,2.2916999999999916,0,19.930172,466.0,459.15,466.0,466.0,459.7647
2026-04-14 01:00:00,466.0,466,120,0.0,0.0,0.0,0.0,0.0,0.0,0.0,0.0,466.0,466,0.0,0.5833000000000084,1,0.0,466.0,458.9083,466.0,466.0,444.0909
2026-04-14 02:00:00,466.0,454,120,0.0,0.0,0.0,0.0,0.0,0.0,0.0,0.0,466.0,454,0.0,0.0,2,0.0,459.15,461.1083,463.1417,466.0,430.8655
2026-04-14 03:00:00,459.15,282,120,0.0,0.0,0.0,0.0,0.0,0.0,0.0,0.0,459.15,282,-6.850000000000023,-6.850000000000023,3,0.0,458.9083,466.0,461.0667,461.55,419.2833
2026-04-14 04:00:00,458.9083,453,120,0.0,0.0,0.0,0.0,0.0,0.0,0.0,0.0,458.9083,453,-0.24169999999998026,-7.091700000000003,4,0.0,461.1083,466.0,464.7833,453.3167,408.3967
2026-04-14 05:00:00,461.1083,454,120,0.0,0.0,17.462609,0.0,0.0,0.0,0.0,0.0,461.1083,454,2.1999999999999886,-4.891700000000014,5,17.462609,466.0,463.1417,466.0,453.6752,409.042
2026-04-14 06:00:00,466.0,465,119,0.0,0.0,3.588793,0.0,0.0,0.0,0.0,0.0,466.0,465,4.891700000000014,6.850000000000023,6,3.588793,466.0,461.0667,466.0,456.9504,423.15
2026-04-14 07:00:00,466.0,466,120,0.0,0.0,0.0,0.0,0.0,0.0,0.0,0.0,466.0,466,0.0,7.091700000000003,7,0.0,463.1417,464.7833,466.0,459.8655,430.9748
2026-04-14 08:00:00,463.1417,455,120,0.0,0.0,0.0,0.0,0.0,0.0,0.0,0.0,463.1417,455,-2.8582999999999856,2.0334000000000287,8,0.0,461.0667,466.0,466.0,463.9583,436.8583
2026-04-14 09:00:00,461.0667,458,120,0.0,0.0,0.0,0.0,0.0,0.0,0.0,0.0,461.0667,458,-2.0749999999999886,-4.933299999999974,9,0.0,464.7833,466.0,461.55,465.8595,442.9915
2026-04-14 10:00:00,464.7833,463,120,0.0,0.0,0.0,0.0,0.0,0.0,0.0,0.0,464.7833,463,3.7165999999999713,-1.216700000000003,10,0.0,466.0,466.0,453.3167,466.0,448.719
2026-04-14 11:00:00,466.0,465,120,0.0,0.0,0.0,0.0,0.0,0.0,0.0,0.0,466.0,465,1.216700000000003,2.8582999999999856,11,0.0,466.0,466.0,453.6752,466.0,453.8739
2026-04-14 12:00:00,466.0,466,120,0.0,0.0,0.0,0.0,0.0,0.0,0.0,0.0,466.0,466,0.0,4.933299999999974,12,0.0,466.0,461.55,456.9504,459.7647,458.9583
2026-04-14 13:00:00,466.0,466,120,0.0,0.0,0.0,0.0,0.0,0.0,0.0,0.0,466.0,466,0.0,1.216700000000003,13,0.0,466.0,453.3167,459.8655,444.0909,463.3667
2026-04-14 14:00:00,466.0,464,120,0.0,0.0,0.0,0.0,0.0,0.0,0.0,0.0,466.0,464,0.0,0.0,14,0.0,461.55,453.6752,463.9583,430.8655,466.0
2026-04-14 15:00:00,461.55,458,120,0.0,0.0,0.0,0.0,0.0,0.0,0.0,0.0,461.55,458,-4.449999999999989,-4.449999999999989,15,0.0,453.3167,456.9504,465.8595,419.2833,466.0
2026-04-14 16:00:00,453.3167,450,120,0.0,0.0,0.0,0.0,0.0,0.0,0.0,0.0,453.3167,450,-8.233299999999986,-12.683299999999974,16,0.0,453.6752,459.8655,466.0,408.3967,466.0
2026-04-14 17:00:00,453.6752,451,117,0.0,0.0,0.0,0.0,0.0,0.0,0.0,0.0,453.6752,451,0.35849999999999227,-12.324799999999982,17,0.0,456.9504,463.9583,466.0,409.042,466.0
2026-04-14 18:00:00,456.9504,455,121,0.0,0.0,0.0,0.0,0.0,0.0,0.0,0.0,456.9504,455,3.275199999999984,-4.5996000000000095,18,0.0,459.8655,465.8595,459.7647,423.15,466.0
2026-04-14 19:00:00,459.8655,458,119,0.0,0.0,0.0,0.0,0.0,0.0,0.0,0.0,459.8655,458,2.9150999999999954,6.5487999999999715,19,0.0,463.9583,466.0,444.0909,430.9748,466.0
2026-04-14 20:00:00,463.9583,462,120,0.0,0.0,0.0,0.0,0.0,0.0,0.0,0.0,463.9583,462,4.092800000000011,10.28309999999999,20,0.0,465.8595,466.0,430.8655,436.8583,466.0
2026-04-14 21:00:00,465.8595,465,121,0.0,0.0,0.0,0.0,0.0,0.0,0.0,0.0,465.8595,465,1.901200000000017,8.909100000000024,21,0.0,466.0,459.7647,419.2833,442.9915,465.6333
2026-04-14 22:00:00,466.0,466,118,0.0,0.0,0.0,0.0,0.0,0.0,0.0,0.0,466.0,466,0.14049999999997453,6.134500000000003,22,0.0,466.0,444.0909,408.3967,448.719,466.0
2026-04-14 23:00:00,466.0,466,121,0.0,0.0,0.0,0.0,0.0,0.0,0.0,0.0,466.0,466,0.0,2.0416999999999916,23,0.0,459.7647,430.8655,409.042,453.8739,461.8087
2026-04-15 00:00:00,459.7647,356,119,0.0,0.0,0.0,0.0,0.0,0.0,0.0,0.0,459.7647,356,-6.235299999999995,-6.094800000000021,0,0.0,444.0909,419.2833,423.15,458.9583,444.8083
2026-04-15 01:00:00,444.0909,437,121,0.0,0.0,0.0,0.0,0.0,0.0,0.0,0.0,444.0909,437,-15.673800000000028,-21.909100000000024,1,0.0,430.8655,408.3967,430.9748,463.3667,431.2333
2026-04-15 02:00:00,430.8655,425,119,0.0,0.0,0.0,0.0,0.0,0.0,0.0,0.0,430.8655,425,-13.22539999999998,-35.1345,2,0.0,419.2833,409.042,436.8583,466.0,418.8667
2026-04-15 03:00:00,419.2833,414,120,0.0,0.0,0.0,0.0,0.0,0.0,0.0,0.0,419.2833,414,-11.5822,-40.48140000000001,3,0.0,408.3967,423.15,442.9915,466.0,407.2917
2026-04-15 04:00:00,408.3967,403,121,0.0,0.0,0.0,0.0,0.0,0.0,0.0,0.0,408.3967,403,-10.886599999999987,-35.69419999999997,4,0.0,409.042,430.9748,448.719,466.0,402.575
2026-04-15 05:00:00,409.042,403,119,0.0,0.0,0.0,0.0,0.0,0.0,0.0,0.0,409.042,403,0.6452999999999633,-21.823500000000024,5,0.0,423.15,436.8583,453.8739,466.0,412.25
2026-04-15 06:00:00,423.15,416,120,0.0,0.0,0.0,0.0,0.0,0.0,0.0,0.0,423.15,416,14.108000000000004,3.8666999999999803,6,0.0,430.9748,442.9915,458.9583,466.0,424.975
2026-04-15 07:00:00,430.9748,428,119,0.0,0.0,0.0,0.0,0.0,0.0,0.0,0.0,430.9748,428,7.824800000000039,22.578100000000006,7,0.0,436.8583,448.719,463.3667,466.0,434.1417
2026-04-15 08:00:00,436.8583,434,120,0.0,0.0,0.0,0.0,0.0,0.0,0.0,0.0,436.8583,434,5.8834999999999695,27.816300000000012,8,0.0,442.9915,453.8739,466.0,466.0,466.0
2026-04-15 09:00:00,442.9915,440,118,0.0,0.0,0.0,0.0,0.0,0.0,0.0,0.0,442.9915,440,6.133199999999988,19.841499999999996,9,0.0,448.719,458.9583,466.0,465.6333,466.0
2026-04-15 10:00:00,448.719,446,121,0.0,0.0,0.0,0.0,0.0,0.0,0.0,0.0,448.719,446,5.7275000000000205,17.744199999999978,10,0.0,453.8739,463.3667,466.0,466.0,466.0
2026-04-15 11:00:00,453.8739,451,119,0.0,0.0,0.0,0.0,0.0,0.0,0.0,0.0,453.8739,451,5.154899999999998,17.015600000000006,11,0.0,458.9583,466.0,466.0,461.8087,466.0
2026-04-15 12:00:00,458.9583,456,120,0.0,0.0,0.0,0.0,0.0,0.0,0.0,0.0,458.9583,456,5.0844000000000165,15.966800000000035,12,0.0,463.3667,466.0,466.0,444.8083,466.0
2026-04-15 13:00:00,463.3667,461,120,0.0,0.0,0.0,0.0,0.0,0.0,0.0,0.0,463.3667,461,4.408399999999972,14.647699999999986,13,0.0,466.0,466.0,466.0,431.2333,466.0
2026-04-15 14:00:00,466.0,465,120,0.0,0.0,0.0,0.0,0.0,0.0,0.0,0.0,466.0,465,2.6333000000000197,12.126100000000008,14,0.0,466.0,466.0,466.0,418.8667,466.0
2026-04-15 15:00:00,466.0,466,120,0.0,0.0,0.0,0.0,0.0,0.0,0.0,0.0,466.0,466,0.0,7.041699999999992,15,0.0,466.0,466.0,465.6333,407.2917,465.7917
2026-04-15 16:00:00,466.0,466,120,0.0,0.0,0.0,0.0,0.0,0.0,0.0,0.0,466.0,466,0.0,2.6333000000000197,16,0.0,466.0,466.0,466.0,402.575,464.6
2026-04-15 17:00:00,466.0,466,118,0.0,0.0,0.0,0.0,0.0,0.0,0.0,0.0,466.0,466,0.0,0.0,17,0.0,466.0,466.0,461.8087,412.25,466.0
2026-04-15 18:00:00,466.0,466,120,0.0,0.0,0.0,0.0,0.0,0.0,0.0,0.0,466.0,466,0.0,0.0,18,0.0,466.0,465.6333,444.8083,424.975,466.0
2026-04-15 19:00:00,466.0,466,120,0.0,0.0,0.0,0.0,0.0,0.0,0.0,0.0,466.0,466,0.0,0.0,19,0.0,466.0,466.0,431.2333,434.1417,466.0
2026-04-15 20:00:00,466.0,466,120,0.0,0.0,0.0,0.0,0.0,0.0,0.0,0.0,466.0,466,0.0,0.0,20,0.0,465.6333,461.8087,418.8667,466.0,466.0
2026-04-15 21:00:00,465.6333,369,120,0.0,0.0,0.0,0.0,0.0,0.0,0.0,0.0,465.6333,369,-0.36669999999998026,-0.36669999999998026,21,0.0,466.0,444.8083,407.2917,466.0,466.0
2026-04-15 22:00:00,466.0,466,120,0.0,0.0,0.0,0.0,0.0,0.0,0.0,0.0,466.0,466,0.36669999999998026,0.0,22,0.0,461.8087,431.2333,402.575,466.0,466.0
2026-04-15 23:00:00,461.8087,452,115,0.0,0.0,0.0,0.0,0.0,0.0,0.0,0.0,461.8087,452,-4.1913000000000125,-4.1913000000000125,23,0.0,444.8083,418.8667,412.25,466.0,466.0
2026-04-16 00:00:00,444.8083,438,120,0.0,0.0,0.0,0.0,0.0,0.0,0.0,0.0,444.8083,438,-17.000400000000013,-20.825000000000045,0,0.0,431.2333,407.2917,424.975,466.0,466.0
2026-04-16 01:00:00,431.2333,425,120,0.0,0.0,0.0,0.0,0.0,0.0,0.0,0.0,431.2333,425,-13.574999999999989,-34.766700000000014,1,0.0,418.8667,402.575,434.1417,466.0,466.0
2026-04-16 02:00:00,418.8667,413,120,0.0,0.0,0.0,0.0,0.0,0.0,0.0,0.0,418.8667,413,-12.366600000000005,-42.94200000000001,2,0.0,407.2917,412.25,466.0,466.0,466.0
2026-04-16 03:00:00,407.2917,378,120,0.0,0.0,0.0,0.0,0.0,0.0,0.0,0.0,407.2917,378,-11.574999999999989,-37.51659999999998,3,0.0,402.575,424.975,466.0,465.7917,466.0
2026-04-16 04:00:00,402.575,399,120,0.0,0.0,0.0,0.0,0.0,0.0,0.0,0.0,402.575,399,-4.716700000000003,-28.658299999999997,4,0.0,412.25,434.1417,466.0,464.6,466.0
2026-04-16 05:00:00,412.25,408,120,0.0,0.0,0.0,0.0,0.0,0.0,0.0,0.0,412.25,408,9.675000000000011,-6.61669999999998,5,0.0,424.975,466.0,466.0,466.0,466.0
2026-04-16 06:00:00,424.975,417,120,0.0,0.0,0.0,0.0,0.0,0.0,0.0,0.0,424.975,417,12.725000000000023,17.68330000000003,6,0.0,434.1417,466.0,466.0,466.0,466.0
2026-04-16 07:00:00,434.1417,430,120,0.0,0.0,77.478261,0.0,0.0,0.0,0.0,0.0,434.1417,430,9.166699999999992,31.566700000000026,7,77.478261,466.0,466.0,466.0,466.0,466.0
2026-04-16 20:00:00,466.0,466,120,0.0,0.0,0.0,0.0,0.0,0.0,0.0,0.0,466.0,466,31.858299999999986,53.75,20,0.0,466.0,466.0,466.0,466.0,466.0
2026-04-16 21:00:00,466.0,466,120,0.0,0.0,0.0,0.0,0.0,0.0,0.0,0.0,466.0,466,0.0,41.02499999999998,21,0.0,466.0,466.0,465.7917,466.0,466.0
2026-04-16 22:00:00,466.0,466,120,0.0,0.0,0.0,0.0,0.0,0.0,0.0,0.0,466.0,466,0.0,31.858299999999986,22,0.0,466.0,466.0,464.6,466.0,466.0
2026-04-16 23:00:00,466.0,466,120,0.0,0.0,0.0,0.0,0.0,0.0,0.0,0.0,466.0,466,0.0,0.0,23,0.0,466.0,466.0,466.0,466.0,466.0
2026-04-17 00:00:00,466.0,466,120,0.0,0.0,0.0,0.0,0.0,0.0,0.0,0.0,466.0,466,0.0,0.0,0,0.0,466.0,465.7917,466.0,466.0,466.0
2026-04-17 01:00:00,466.0,466,120,0.0,0.0,0.0,0.0,0.0,0.0,0.0,0.0,466.0,466,0.0,0.0,1,0.0,466.0,464.6,466.0,466.0,466.0
2026-04-17 02:00:00,466.0,466,119,0.0,0.0,0.0,0.0,0.0,0.0,0.0,0.0,466.0,466,0.0,0.0,2,0.0,465.7917,466.0,466.0,466.0,465.55
2026-04-17 03:00:00,465.7917,453,120,0.0,0.0,0.0,0.0,0.0,0.0,0.0,0.0,465.7917,453,-0.20830000000000837,-0.20830000000000837,3,0.0,464.6,466.0,466.0,466.0,460.9417
2026-04-17 04:00:00,464.6,463,120,0.25,0.25,0.0,0.25,0.2500000000000213,0.2500000000000142,0.2500000000000133,0.25,464.6,463,-1.191699999999969,-1.3999999999999773,4,0.0,466.0,466.0,466.0,466.0,457.1849
2026-04-17 05:00:00,466.0,466,120,0.25,0.25,36.164348,0.25,0.5000000000000213,0.5000000000000142,0.5000000000000133,0.25,466.0,466,1.3999999999999773,0.0,5,36.164348,466.0,466.0,466.0,466.0,459.9167
2026-04-17 06:00:00,466.0,454,120,0.0,0.25,35.246957,0.0,0.5000000000000213,0.5000000000000142,0.5000000000000133,0.25,466.0,454,0.0,0.20830000000000837,6,35.246957,466.0,466.0,466.0,466.0,466.0
2026-04-17 07:00:00,466.0,456,120,0.0,0.25,0.0,0.0,0.2500000000000213,0.5000000000000142,0.5000000000000133,0.25,466.0,456,0.0,1.3999999999999773,7,0.0,466.0,466.0,466.0,466.0,466.0
2026-04-17 08:00:00,466.0,466,120,0.0,0.25,0.0,0.0,0.0,0.5000000000000142,0.5000000000000133,0.25,466.0,466,0.0,0.0,8,0.0,466.0,466.0,466.0,466.0,466.0
2026-04-17 09:00:00,466.0,466,120,0.0,0.25,0.0,0.0,0.0,0.5000000000000142,0.5000000000000133,0.25,466.0,466,0.0,0.0,9,0.0,466.0,466.0,466.0,466.0,463.5333
2026-04-17 10:00:00,466.0,466,120,0.0,0.25,0.0,0.0,0.0,0.2500000000000142,0.5000000000000133,0.25,466.0,466,0.0,0.0,10,0.0,466.0,466.0,466.0,466.0,452.1583
2026-04-17 11:00:00,466.0,466,118,0.0,0.25,0.0,0.0,0.0,0.0,0.5000000000000133,0.25,466.0,466,0.0,0.0,11,0.0,466.0,466.0,466.0,466.0,458.65
2026-04-17 12:00:00,466.0,466,118,0.0,0.25,0.0,0.0,0.0,0.0,0.5000000000000133,0.25,466.0,466,0.0,0.0,12,0.0,466.0,466.0,466.0,466.0,465.375
2026-04-17 13:00:00,466.0,466,119,0.0,0.25,0.0,0.0,0.0,0.0,0.5000000000000133,0.25,466.0,466,0.0,0.0,13,0.0,466.0,466.0,466.0,466.0,466.0
2026-04-17 14:00:00,466.0,466,119,0.0,0.25,0.0,0.0,0.0,0.0,0.5000000000000133,0.25,466.0,466,0.0,0.0,14,0.0,466.0,466.0,466.0,465.55,466.0
2026-04-17 15:00:00,466.0,466,120,0.0,0.25,0.0,0.0,0.0,0.0,0.5000000000000133,0.25,466.0,466,0.0,0.0,15,0.0,466.0,466.0,466.0,460.9417,466.0
2026-04-17 16:00:00,466.0,466,120,0.0,0.25,0.0,0.0,0.0,0.0,0.2500000000000133,0.25,466.0,466,0.0,0.0,16,0.0,466.0,466.0,466.0,457.1849,466.0
2026-04-17 17:00:00,466.0,466,118,0.0,0.25,0.0,0.0,0.0,0.0,0.0,0.25,466.0,466,0.0,0.0,17,0.0,466.0,466.0,466.0,459.9167,451.8571
2026-04-17 18:00:00,466.0,466,120,0.0,0.25,0.0,0.0,0.0,0.0,0.0,0.25,466.0,466,0.0,0.0,18,0.0,466.0,466.0,466.0,466.0,444.8833
2026-04-17 19:00:00,466.0,466,120,0.0,0.25,0.0,0.0,0.0,0.0,0.0,0.25,466.0,466,0.0,0.0,19,0.0,466.0,466.0,466.0,466.0,451.8417
2026-04-17 20:00:00,466.0,466,120,0.0,0.25,0.0,0.0,0.0,0.0,0.0,0.25,466.0,466,0.0,0.0,20,0.0,466.0,466.0,465.55,466.0,457.8917
2026-04-17 21:00:00,466.0,466,120,0.0,0.25,0.0,0.0,0.0,0.0,0.0,0.25,466.0,466,0.0,0.0,21,0.0,466.0,466.0,460.9417,463.5333,463.55
2026-04-17 22:00:00,466.0,466,120,0.0,0.25,0.0,0.0,0.0,0.0,0.0,0.25,466.0,466,0.0,0.0,22,0.0,466.0,466.0,457.1849,452.1583,466.0
2026-04-17 23:00:00,466.0,466,120,0.0,0.25,0.0,0.0,0.0,0.0,0.0,0.25,466.0,466,0.0,0.0,23,0.0,466.0,465.55,459.9167,458.65,466.0
2026-04-18 00:00:00,466.0,466,120,0.0,0.25,0.0,0.0,0.0,0.0,0.0,0.25,466.0,466,0.0,0.0,0,0.0,466.0,460.9417,466.0,465.375,464.3417
2026-04-18 01:00:00,466.0,466,120,0.0,0.25,0.0,0.0,0.0,0.0,0.0,0.25,466.0,466,0.0,0.0,1,0.0,465.55,457.1849,466.0,466.0,461.5833
2026-04-18 02:00:00,465.55,463,120,0.0,0.25,0.0,0.0,0.0,0.0,0.0,0.25,465.55,463,-0.44999999999998863,-0.44999999999998863,2,0.0,460.9417,459.9167,466.0,466.0,441.5667
2026-04-18 03:00:00,460.9417,453,120,0.0,0.25,0.0,0.0,0.0,0.0,0.0,0.25,460.9417,453,-4.608299999999986,-5.058299999999974,3,0.0,457.1849,466.0,463.5333,466.0,387.8917
2026-04-18 04:00:00,457.1849,453,119,0.0,0.25,0.0,0.0,0.0,0.0,0.0,0.25,457.1849,453,-3.7567999999999984,-8.815099999999973,4,0.0,459.9167,466.0,452.1583,466.0,362.1333
2026-04-18 05:00:00,459.9167,455,120,0.0,0.0,0.0,0.0,0.0,0.0,0.0,0.0,459.9167,455,2.7317999999999643,-5.63330000000002,5,0.0,466.0,466.0,458.65,451.8571,353.6333
2026-04-18 06:00:00,466.0,465,120,0.0,0.0,0.0,0.0,0.0,0.0,0.0,0.0,466.0,465,6.083300000000008,5.058299999999974,6,0.0,466.0,463.5333,465.375,444.8833,354.625
2026-04-18 07:00:00,466.0,466,120,0.0,0.0,0.0,0.0,0.0,0.0,0.0,0.0,466.0,466,0.0,8.815099999999973,7,0.0,466.0,452.1583,466.0,451.8417,357.5333
2026-04-18 08:00:00,466.0,466,120,0.0,0.0,0.0,0.0,0.0,0.0,0.0,0.0,466.0,466,0.0,6.083300000000008,8,0.0,463.5333,458.65,466.0,457.8917,360.2
2026-04-18 09:00:00,463.5333,455,120,0.0,0.0,0.0,0.0,0.0,0.0,0.0,0.0,463.5333,455,-2.466700000000003,-2.466700000000003,9,0.0,452.1583,465.375,466.0,463.55,362.8167
2026-04-18 10:00:00,452.1583,448,120,0.0,0.0,0.0,0.0,0.0,0.0,0.0,0.0,452.1583,448,-11.375,-13.841700000000003,10,0.0,458.65,466.0,466.0,466.0,364.7
2026-04-18 11:00:00,458.65,455,120,0.0,0.0,0.0,0.0,0.0,0.0,0.0,0.0,458.65,455,6.49169999999998,-7.350000000000023,11,0.0,465.375,466.0,451.8571,466.0,368.5333
2026-04-18 12:00:00,465.375,462,120,0.0,0.0,0.0,0.0,0.0,0.0,0.0,0.0,465.375,462,6.725000000000023,1.841700000000003,12,0.0,466.0,466.0,444.8833,464.3417,371.875
2026-04-18 13:00:00,466.0,466,120,0.0,0.0,0.0,0.0,0.0,0.0,0.0,0.0,466.0,466,0.625,13.841700000000003,13,0.0,466.0,466.0,451.8417,461.5833,374.15
2026-04-18 14:00:00,466.0,466,120,0.0,0.0,0.0,0.0,0.0,0.0,0.0,0.0,466.0,466,0.0,7.350000000000023,14,0.0,466.0,451.8571,457.8917,441.5667,378.2667
2026-04-18 15:00:00,466.0,466,120,0.0,0.0,0.0,0.0,0.0,0.0,0.0,0.0,466.0,466,0.0,0.625,15,0.0,466.0,444.8833,463.55,387.8917,382.0083
2026-04-18 16:00:00,466.0,462,120,0.0,0.0,0.0,0.0,0.0,0.0,0.0,0.0,466.0,462,0.0,0.0,16,0.0,451.8571,451.8417,466.0,362.1333,383.7417
2026-04-18 17:00:00,451.8571,443,119,0.0,0.0,0.0,0.0,0.0,0.0,0.0,0.0,451.8571,443,-14.142899999999997,-14.142899999999997,17,0.0,444.8833,457.8917,466.0,353.6333,385.0684
2026-04-18 18:00:00,444.8833,440,120,0.0,0.0,0.0,0.0,0.0,0.0,0.0,0.0,444.8833,440,-6.973799999999983,-21.11669999999998,18,0.0,451.8417,463.55,464.3417,354.625,387.4417
2026-04-18 19:00:00,451.8417,449,120,0.0,0.0,0.0,0.0,0.0,0.0,0.0,0.0,451.8417,449,6.958399999999983,-14.158299999999997,19,0.0,457.8917,466.0,461.5833,357.5333,389.958
2026-04-18 20:00:00,457.8917,454,120,0.0,0.0,0.0,0.0,0.0,0.0,0.0,0.0,457.8917,454,6.050000000000011,6.034600000000012,20,0.0,463.55,466.0,441.5667,360.2,392.605
2026-04-18 21:00:00,463.55,461,120,0.0,0.0,0.0,0.0,0.0,0.0,0.0,0.0,463.55,461,5.658299999999997,18.66669999999999,21,0.0,466.0,464.3417,387.8917,362.8167,394.95
2026-04-18 22:00:00,466.0,465,120,0.0,0.0,0.0,0.0,0.0,0.0,0.0,0.0,466.0,465,2.4499999999999886,14.158299999999997,22,0.0,466.0,461.5833,362.1333,364.7,396.925
2026-04-18 23:00:00,466.0,466,120,0.25,0.25,0.0,0.25,0.2500000000000213,0.2500000000000142,0.2500000000000133,0.25,466.0,466,0.0,8.108299999999986,23,0.0,464.3417,441.5667,353.6333,368.5333,398.5462
2026-04-19 00:00:00,464.3417,452,120,0.25,0.25,2.742241,0.25,0.5000000000000213,0.5000000000000142,0.5000000000000133,0.25,464.3417,452,-1.658299999999997,0.7916999999999916,0,2.742241,461.5833,387.8917,354.625,371.875,399.8667
2026-04-19 01:00:00,461.5833,316,120,0.0,0.25,31.07913,0.0,0.5000000000000213,0.5000000000000142,0.5000000000000133,0.25,461.5833,316,-2.7583999999999946,-4.416699999999992,1,31.07913,441.5667,362.1333,357.5333,374.15,401.275
2026-04-19 02:00:00,441.5667,410,120,0.0,0.25,49.850435,0.0,0.2500000000000213,0.5000000000000142,0.5000000000000133,0.25,441.5667,410,-20.016599999999983,-24.433299999999974,2,49.850435,387.8917,353.6333,360.2,378.2667,402.6167
2026-04-19 03:00:00,387.8917,371,120,0.0,0.25,87.538793,0.0,0.0,0.5000000000000142,0.5000000000000133,0.25,387.8917,371,-53.67500000000001,-76.44999999999999,3,87.538793,362.1333,354.625,362.8167,382.0083,404.375
2026-04-19 04:00:00,362.1333,356,120,0.0,0.25,99.39913,0.0,0.0,0.5000000000000142,0.5000000000000133,0.25,362.1333,356,-25.758399999999995,-99.44999999999999,4,99.39913,353.6333,357.5333,364.7,383.7417,405.7667
2026-04-19 05:00:00,353.6333,352,120,0.0,0.25,100.0,0.0,0.0,0.2500000000000142,0.5000000000000133,0.25,353.6333,352,-8.5,-87.9334,5,100.0,354.625,360.2,368.5333,385.0684,407.0
2026-04-19 06:00:00,354.625,352,120,0.0,0.25,98.509091,0.0,0.0,0.0,0.5000000000000133,0.25,354.625,352,0.9916999999999803,-33.266700000000014,6,98.509091,357.5333,362.8167,371.875,387.4417,410.9
2026-04-19 07:00:00,357.5333,357,120,0.0,0.25,18.334782,0.0,0.0,0.0,0.5000000000000133,0.25,357.5333,357,2.908299999999997,-4.600000000000023,7,18.334782,360.2,364.7,374.15,389.958,414.775
2026-04-19 08:00:00,360.2,358,120,0.0,0.25,0.0,0.0,0.0,0.0,0.5000000000000133,0.25,360.2,358,2.6666999999999916,6.566699999999969,8,0.0,362.8167,368.5333,378.2667,392.605,416.0167
2026-04-19 09:00:00,362.8167,361,120,0.0,0.25,0.0,0.0,0.0,0.0,0.5000000000000133,0.25,362.8167,361,2.616700000000037,8.191700000000026,9,0.0,364.7,371.875,382.0083,394.95,416.3
2026-04-19 10:00:00,364.7,363,120,0.0,0.25,0.0,0.0,0.0,0.0,0.5000000000000133,0.25,364.7,363,1.883299999999963,7.166699999999992,10,0.0,368.5333,374.15,383.7417,396.925,416.4917
2026-04-19 11:00:00,368.5333,366,120,0.0,0.25,0.0,0.0,0.0,0.0,0.2500000000000133,0.25,368.5333,366,3.8333000000000084,8.333300000000008,11,0.0,371.875,378.2667,385.0684,398.5462,416.5083
2026-04-19 12:00:00,371.875,370,120,0.0,0.25,0.0,0.0,0.0,0.0,0.0,0.25,371.875,370,3.341700000000003,9.058299999999974,12,0.0,374.15,382.0083,387.4417,399.8667,416.4583
2026-04-19 13:00:00,374.15,372,120,0.0,0.25,0.0,0.0,0.0,0.0,0.0,0.25,374.15,372,2.2749999999999773,9.449999999999989,13,0.0,378.2667,383.7417,389.958,401.275,417.075
2026-04-19 14:00:00,378.2667,376,120,0.0,0.25,0.0,0.0,0.0,0.0,0.0,0.25,378.2667,376,4.116700000000037,9.733400000000017,14,0.0,382.0083,385.0684,392.605,402.6167,417.8
2026-04-19 15:00:00,382.0083,380,120,0.0,0.25,0.0,0.0,0.0,0.0,0.0,0.25,382.0083,380,3.7416000000000054,10.13330000000002,15,0.0,383.7417,387.4417,394.95,404.375,417.8333
2026-04-19 16:00:00,383.7417,383,120,0.25,0.51,0.0,0.25,0.2500000000000213,0.2500000000000142,0.2500000000000133,0.51,383.7417,383,1.7333999999999605,9.591700000000003,16,0.0,385.0684,389.958,396.925,405.7667,416.2167
2026-04-19 17:00:00,385.0684,384,117,0.25,0.51,0.0,0.25,0.5000000000000213,0.5000000000000142,0.5000000000000133,0.51,385.0684,384,1.3267000000000166,6.8016999999999825,17,0.0,387.4417,392.605,398.5462,407.0,414.1441
2026-04-19 18:00:00,387.4417,386,120,0.0,0.51,0.0,0.0,0.5000000000000213,0.5000000000000142,0.5000000000000133,0.51,387.4417,386,2.373300000000029,5.433400000000006,18,0.0,389.958,394.95,399.8667,410.9,414.0
2026-04-19 19:00:00,389.958,388,119,0.0,0.51,0.0,0.0,0.2500000000000213,0.5000000000000142,0.5000000000000133,0.51,389.958,388,2.516300000000001,6.216300000000047,19,0.0,392.605,396.925,401.275,414.775,414.25
2026-04-19 20:00:00,392.605,391,119,0.0,0.51,0.0,0.0,0.0,0.5000000000000142,0.5000000000000133,0.51,392.605,391,2.6469999999999914,7.536600000000021,20,0.0,394.95,398.5462,402.6167,416.0167,414.3083
2026-04-19 21:00:00,394.95,394,120,0.0,0.51,0.0,0.0,0.0,0.5000000000000142,0.5000000000000133,0.51,394.95,394,2.3449999999999704,7.508299999999963,21,0.0,396.925,399.8667,404.375,416.3,414.0583
2026-04-19 22:00:00,396.925,396,120,0.0,0.51,0.0,0.0,0.0,0.2500000000000142,0.5000000000000133,0.51,396.925,396,1.9750000000000227,6.9669999999999845,22,0.0,398.5462,401.275,405.7667,416.4917,414.2083
2026-04-19 23:00:00,398.5462,398,119,0.0,0.51,0.0,0.0,0.0,0.0,0.5000000000000133,0.51,398.5462,398,1.6211999999999875,5.941199999999981,23,0.0,399.8667,402.6167,407.0,416.5083,414.25
2026-04-20 00:00:00,399.8667,399,120,0.0,0.25,12.678261,0.0,0.0,0.0,0.5000000000000133,0.25,399.8667,399,1.3204999999999814,4.916699999999992,0,12.678261,401.275,404.375,410.9,416.4583,414.0
2026-04-20 01:00:00,401.275,400,120,0.0,0.25,52.616522,0.0,0.0,0.0,0.5000000000000133,0.25,401.275,400,1.408299999999997,4.349999999999966,1,52.616522,402.6167,405.7667,414.775,417.075,414.0
2026-04-20 02:00:00,402.6167,402,120,0.0,0.25,86.028448,0.0,0.0,0.0,0.5000000000000133,0.25,402.6167,402,1.341700000000003,4.070499999999981,2,86.028448,404.375,407.0,416.0167,417.8,408.225
2026-04-20 03:00:00,404.375,403,120,0.0,0.25,87.62193,0.0,0.0,0.0,0.5000000000000133,0.25,404.375,403,1.7583000000000197,4.50830000000002,3,87.62193,405.7667,410.9,416.3,417.8333,379.225
2026-04-20 04:00:00,405.7667,405,120,0.0,0.25,89.802586,0.0,0.0,0.0,0.2500000000000133,0.25,405.7667,405,1.3917000000000144,4.491700000000037,4,89.802586,407.0,414.775,416.4917,416.2167,370.1765
2026-04-20 05:00:00,407.0,406,120,0.0,0.25,92.107018,0.0,0.0,0.0,0.0,0.25,407.0,406,1.2332999999999856,4.38330000000002,5,92.107018,410.9,416.0167,416.5083,414.1441,368.2
2026-04-20 06:00:00,410.9,408,120,0.0,0.25,50.503448,0.0,0.0,0.0,0.0,0.25,410.9,408,3.8999999999999773,6.524999999999977,6,50.503448,414.775,416.3,416.4583,414.0,371.2333
2026-04-20 07:00:00,414.775,413,120,0.0,0.25,0.0,0.0,0.0,0.0,0.0,0.25,414.775,413,3.875,9.008299999999963,7,0.0,416.0167,416.4917,417.075,414.25,373.6583
2026-04-20 08:00:00,416.0167,415,120,0.0,0.25,0.0,0.0,0.0,0.0,0.0,0.25,416.0167,415,1.241700000000037,9.016700000000014,8,0.0,416.3,416.5083,417.8,414.3083,378.125
2026-04-20 09:00:00,416.3,416,120,0.0,0.25,0.0,0.0,0.0,0.0,0.0,0.25,416.3,416,0.283299999999997,5.400000000000034,9,0.0,416.4917,416.4583,417.8333,414.0583,380.9333
2026-04-20 10:00:00,416.4917,416,120,0.0,0.25,0.0,0.0,0.0,0.0,0.0,0.25,416.4917,416,0.1916999999999689,1.716700000000003,10,0.0,416.5083,417.075,416.2167,414.2083,382.6917
2026-04-20 11:00:00,416.5083,416,120,0.0,0.25,0.0,0.0,0.0,0.0,0.0,0.25,416.5083,416,0.016600000000039472,0.49160000000000537,11,0.0,416.4583,417.8,414.1441,414.25,385.025
2026-04-20 12:00:00,416.4583,416,120,0.0,0.25,0.0,0.0,0.0,0.0,0.0,0.25,416.4583,416,-0.05000000000001137,0.158299999999997,12,0.0,417.075,417.8333,414.0,414.0,385.3833
2026-04-20 13:00:00,417.075,417,120,0.0,0.25,0.0,0.0,0.0,0.0,0.0,0.25,417.075,417,0.6166999999999803,0.5833000000000084,13,0.0,417.8,416.2167,414.25,414.0,386.0083
2026-04-20 14:00:00,417.8,417,120,0.0,0.25,0.0,0.0,0.0,0.0,0.0,0.25,417.8,417,0.7250000000000227,1.2916999999999916,14,0.0,417.8333,414.1441,414.3083,408.225,387.0083
2026-04-20 15:00:00,417.8333,417,120,0.0,0.25,0.0,0.0,0.0,0.0,0.0,0.25,417.8333,417,0.033299999999997,1.375,15,0.0,416.2167,414.0,414.0583,379.225,386.9667
2026-04-20 16:00:00,416.2167,414,120,0.0,0.25,0.0,0.0,0.0,0.0,0.0,0.25,416.2167,414,-1.6166000000000054,-0.8582999999999856,16,0.0,414.1441,414.25,414.2083,370.1765,386.7
2026-04-20 17:00:00,414.1441,414,118,0.0,0.0,0.0,0.0,0.0,0.0,0.0,0.0,414.1441,414,-2.0726000000000226,-3.655900000000031,17,0.0,414.0,414.3083,414.25,368.2,387.3051
2026-04-20 18:00:00,414.0,414,120,0.0,0.0,0.0,0.0,0.0,0.0,0.0,0.0,414.0,414,-0.14409999999998035,-3.8333000000000084,18,0.0,414.25,414.0583,414.0,371.2333,388.5917
2026-04-20 19:00:00,414.25,414,120,0.0,0.0,0.0,0.0,0.0,0.0,0.0,0.0,414.25,414,0.25,-1.966700000000003,19,0.0,414.3083,414.2083,414.0,373.6583,390.6083
2026-04-20 20:00:00,414.3083,414,120,0.0,0.0,0.0,0.0,0.0,0.0,0.0,0.0,414.3083,414,0.05829999999997426,0.1641999999999939,20,0.0,414.0583,414.25,408.225,378.125,392.5417
2026-04-20 21:00:00,414.0583,414,120,0.0,0.0,13.933043,0.0,0.0,0.0,0.0,0.0,414.0583,414,-0.25,0.05829999999997426,21,13.933043,414.2083,414.0,379.225,380.9333,394.5917
2026-04-20 22:00:00,414.2083,414,120,0.0,0.0,27.384483,0.0,0.0,0.0,0.0,0.0,414.2083,414,0.1500000000000341,-0.04169999999999163,22,27.384483,414.25,414.0,370.1765,382.6917,395.875
2026-04-20 23:00:00,414.25,414,120,0.0,0.0,64.155652,0.0,0.0,0.0,0.0,0.0,414.25,414,0.04169999999999163,-0.05829999999997426,23,64.155652,414.0,408.225,368.2,385.025,397.009
2026-04-21 00:00:00,414.0,414,120,0.0,0.0,82.098261,0.0,0.0,0.0,0.0,0.0,414.0,414,-0.25,-0.05829999999997426,0,82.098261,414.0,379.225,371.2333,385.3833,398.1583
2026-04-21 01:00:00,414.0,414,120,0.0,0.0,81.922807,0.0,0.0,0.0,0.0,0.0,414.0,414,0.0,-0.20830000000000837,1,81.922807,408.225,370.1765,373.6583,386.0083,399.0
2026-04-21 02:00:00,408.225,390,120,0.25,0.25,92.164655,0.25,0.2500000000000213,0.2500000000000142,0.2500000000000133,0.25,408.225,390,-5.774999999999977,-6.024999999999977,2,92.164655,379.225,368.2,378.125,387.0083,399.3167
2026-04-21 03:00:00,379.225,372,120,0.25,0.25,100.0,0.25,0.5000000000000213,0.5000000000000142,0.5000000000000133,0.25,379.225,372,-29.0,-34.77499999999998,3,100.0,370.1765,371.2333,380.9333,386.9667,400.0
2026-04-21 04:00:00,370.1765,368,119,0.0,0.25,100.0,0.0,0.5000000000000213,0.5000000000000142,0.5000000000000133,0.25,370.1765,368,-9.048500000000047,-43.823500000000024,4,100.0,368.2,373.6583,382.6917,386.7,400.8667
2026-04-21 05:00:00,368.2,368,120,0.0,0.25,100.0,0.0,0.2500000000000213,0.5000000000000142,0.5000000000000133,0.25,368.2,368,-1.9764999999999873,-40.025000000000034,5,100.0,371.2333,378.125,385.025,387.3051,401.2667
2026-04-21 06:00:00,371.2333,369,120,0.0,0.25,100.0,0.0,0.0,0.5000000000000142,0.5000000000000133,0.25,371.2333,369,3.033299999999997,-7.991700000000037,6,100.0,373.6583,380.9333,385.3833,388.5917,403.9917
2026-04-21 07:00:00,373.6583,372,120,0.0,0.25,55.395652,0.0,0.0,0.5000000000000142,0.5000000000000133,0.25,373.6583,372,2.4250000000000114,3.481800000000021,7,55.395652,378.125,382.6917,386.0083,390.6083,407.7167
2026-04-21 08:00:00,378.125,376,120,0.0,0.25,0.0,0.0,0.0,0.2500000000000142,0.5000000000000133,0.25,378.125,376,4.466700000000003,9.925000000000011,8,0.0,380.9333,385.025,387.0083,392.5417,405.9417
2026-04-21 09:00:00,380.9333,380,120,0.0,0.25,0.0,0.0,0.0,0.0,0.5000000000000133,0.25,380.9333,380,2.8082999999999743,9.699999999999989,9,0.0,382.6917,385.3833,386.9667,394.5917,406.9083
2026-04-21 10:00:00,382.6917,382,120,0.0,0.25,0.0,0.0,0.0,0.0,0.5000000000000133,0.25,382.6917,382,1.7584000000000515,9.033400000000029,10,0.0,385.025,386.0083,386.7,395.875,404.225
2026-04-21 11:00:00,385.025,383,120,0.0,0.25,0.0,0.0,0.0,0.0,0.5000000000000133,0.25,385.025,383,2.3332999999999515,6.899999999999977,11,0.0,385.3833,387.0083,387.3051,397.009,387.325
2026-04-21 12:00:00,385.3833,384,120,0.0,0.25,0.0,0.0,0.0,0.0,0.5000000000000133,0.25,385.3833,384,0.3583000000000425,4.4500000000000455,12,0.0,386.0083,386.9667,388.5917,398.1583,379.1167
2026-04-21 13:00:00,386.0083,385,120,0.0,0.25,0.0,0.0,0.0,0.0,0.5000000000000133,0.25,386.0083,385,0.625,3.316599999999994,13,0.0,387.0083,386.7,390.6083,399.0,376.4917
2026-04-21 14:00:00,387.0083,387,120,0.0,0.25,0.0,0.0,0.0,0.0,0.2500000000000133,0.25,387.0083,387,1.0,1.9833000000000425,14,0.0,386.9667,387.3051,392.5417,399.3167,375.5167
2026-04-21 15:00:00,386.9667,386,120,0.0,0.25,0.0,0.0,0.0,0.0,0.0,0.25,386.9667,386,-0.041600000000016735,1.5833999999999833,15,0.0,386.7,388.5917,394.5917,400.0,376.2833
2026-04-21 16:00:00,386.7,386,120,0.0,0.25,0.0,0.0,0.0,0.0,0.0,0.25,386.7,386,-0.26670000000001437,0.6916999999999689,16,0.0,387.3051,390.6083,395.875,400.8667,378.225
2026-04-21 17:00:00,387.3051,386,118,0.0,0.25,25.941071,0.0,0.0,0.0,0.0,0.25,387.3051,386,0.6050999999999931,0.296799999999962,17,25.941071,388.5917,392.5417,397.009,401.2667,381.0672
2026-04-21 18:00:00,388.5917,388,120,0.0,0.25,59.117241,0.0,0.0,0.0,0.0,0.25,388.5917,388,1.2866000000000213,1.625,18,59.117241,390.6083,394.5917,398.1583,403.9917,384.9167
2026-04-21 19:00:00,390.6083,390,120,0.0,0.25,76.673044,0.0,0.0,0.0,0.0,0.25,390.6083,390,2.0165999999999826,3.908299999999997,19,76.673044,392.5417,395.875,399.0,407.7167,389.2417
2026-04-21 20:00:00,392.5417,391,120,0.0,0.25,63.120869,0.0,0.0,0.0,0.0,0.25,392.5417,391,1.933400000000006,5.23660000000001,20,63.120869,394.5917,397.009,399.3167,405.9417,394.2833
2026-04-21 21:00:00,394.5917,394,120,0.0,0.25,57.676522,0.0,0.0,0.0,0.0,0.25,394.5917,394,2.0500000000000114,6.0,21,57.676522,395.875,398.1583,400.0,406.9083,399.0333
2026-04-21 22:00:00,395.875,395,120,0.0,0.25,80.014783,0.0,0.0,0.0,0.0,0.25,395.875,395,1.283299999999997,5.266700000000014,22,80.014783,397.009,399.0,400.8667,404.225,402.9917
2026-04-21 23:00:00,397.009,396,111,0.0,0.25,93.187037,0.0,0.0,0.0,0.0,0.25,397.009,396,1.1340000000000146,4.467300000000023,23,93.187037,398.1583,399.3167,401.2667,387.325,406.5167
2026-04-22 00:00:00,398.1583,398,120,0.0,0.25,92.112173,0.0,0.0,0.0,0.0,0.25,398.1583,398,1.1492999999999824,3.566599999999994,0,92.112173,399.0,400.0,403.9917,379.1167,409.475
2026-04-22 01:00:00,399.0,399,120,0.0,0.25,90.655173,0.0,0.0,0.0,0.0,0.25,399.0,399,0.841700000000003,3.125,1,90.655173,399.3167,400.8667,407.7167,376.4917,411.7917
2026-04-22 02:00:00,399.3167,399,120,0.0,0.25,90.896522,0.0,0.0,0.0,0.0,0.25,399.3167,399,0.31670000000002574,2.307700000000011,2,90.896522,400.0,401.2667,405.9417,375.5167,413.4417
2026-04-22 03:00:00,400.0,400,120,0.0,0.0,96.242105,0.0,0.0,0.0,0.0,0.0,400.0,400,0.6832999999999743,1.841700000000003,3,96.242105,400.8667,403.9917,406.9083,376.2833,414.2333
2026-04-22 04:00:00,400.8667,400,120,0.0,0.0,99.728448,0.0,0.0,0.0,0.0,0.0,400.8667,400,0.8666999999999803,1.8666999999999803,4,99.728448,401.2667,407.7167,404.225,378.225,416.0583
2026-04-22 05:00:00,401.2667,401,120,0.0,0.0,99.869565,0.0,0.0,0.0,0.0,0.0,401.2667,401,0.4000000000000341,1.9499999999999886,5,99.869565,403.9917,405.9417,387.325,381.0672,417.275
2026-04-22 06:00:00,403.9917,402,120,0.0,0.0,76.535652,0.0,0.0,0.0,0.0,0.0,403.9917,402,2.724999999999966,3.9916999999999803,6,76.535652,407.7167,406.9083,379.1167,384.9167,420.1417
2026-04-22 07:00:00,407.7167,407,120,0.0,0.0,0.0,0.0,0.0,0.0,0.0,0.0,407.7167,407,3.7250000000000227,6.850000000000023,7,0.0,405.9417,404.225,376.4917,389.2417,422.1917
2026-04-22 08:00:00,405.9417,405,120,0.0,0.0,2.92,0.0,0.0,0.0,0.0,0.0,405.9417,405,-1.7749999999999773,4.675000000000011,8,2.92,406.9083,387.325,375.5167,394.2833,425.8917
2026-04-22 09:00:00,406.9083,406,120,0.0,0.0,9.696522,0.0,0.0,0.0,0.0,0.0,406.9083,406,0.9665999999999713,2.9166000000000167,9,9.696522,404.225,379.1167,376.2833,399.0333,428.15
2026-04-22 10:00:00,404.225,397,120,0.0,0.0,25.116522,0.0,0.0,0.0,0.0,0.0,404.225,397,-2.6832999999999743,-3.4916999999999803,10,25.116522,387.325,376.4917,378.225,402.9917,427.3167
2026-04-22 11:00:00,387.325,382,120,0.0,0.0,99.927193,0.0,0.0,0.0,0.0,0.0,387.325,382,-16.900000000000034,-18.616700000000037,11,99.927193,379.1167,375.5167,381.0672,406.5167,426.175
2026-04-22 12:00:00,379.1167,377,120,0.0,0.0,98.926724,0.0,0.0,0.0,0.0,0.0,379.1167,377,-8.208300000000008,-27.791600000000017,12,98.926724,376.4917,376.2833,384.9167,409.475,423.5167
2026-04-22 13:00:00,376.4917,376,120,0.0,0.0,49.727826,0.0,0.0,0.0,0.0,0.0,376.4917,376,-2.625,-27.733300000000042,13,49.727826,375.5167,378.225,389.2417,411.7917,422.6583
2026-04-22 14:00:00,375.5167,375,120,0.0,0.0,0.0,0.0,0.0,0.0,0.0,0.0,375.5167,375,-0.9749999999999659,-11.808299999999974,14,0.0,376.2833,381.0672,394.2833,413.4417,423.15
2026-04-22 15:00:00,376.2833,376,120,0.0,0.0,6.404348,0.0,0.0,0.0,0.0,0.0,376.2833,376,0.7665999999999826,-2.8333999999999833,15,6.404348,378.225,384.9167,399.0333,414.2333,421.0167
2026-04-22 16:00:00,378.225,377,120,0.0,0.0,2.891304,0.0,0.0,0.0,0.0,0.0,378.225,377,1.9417000000000257,1.7333000000000425,16,2.891304,381.0672,389.2417,402.9917,416.0583,422.0333
2026-04-22 17:00:00,381.0672,379,119,0.0,0.0,29.355263,0.0,0.0,0.0,0.0,0.0,381.0672,379,2.842199999999991,5.5504999999999995,17,29.355263,384.9167,394.2833,406.5167,417.275,423.5966
2026-04-22 18:00:00,384.9167,383,120,0.0,0.0,64.783621,0.0,0.0,0.0,0.0,0.0,384.9167,383,3.8494999999999777,8.633399999999995,18,64.783621,389.2417,399.0333,409.475,420.1417,426.45
2026-04-22 19:00:00,389.2417,387,120,0.0,0.0,84.673913,0.0,0.0,0.0,0.0,0.0,389.2417,387,4.324999999999989,11.016699999999958,19,84.673913,394.2833,402.9917,411.7917,422.1917,430.7917
2026-04-22 20:00:00,394.2833,392,120,0.0,0.0,87.898261,0.0,0.0,0.0,0.0,0.0,394.2833,392,5.041600000000017,13.216099999999983,20,87.898261,399.0333,406.5167,413.4417,425.8917,436.0833
2026-04-22 21:00:00,399.0333,397,120,0.25,0.25,87.244348,0.25,0.2500000000000213,0.2500000000000142,0.2500000000000133,0.25,399.0333,397,4.75,14.116600000000005,21,87.244348,402.9917,409.475,414.2333,428.15,442.3667
2026-04-22 22:00:00,402.9917,401,120,0.25,0.25,94.519828,0.25,0.5000000000000213,0.5000000000000142,0.5000000000000133,0.25,402.9917,401,3.9583999999999833,13.75,22,94.519828,406.5167,411.7917,416.0583,427.3167,449.5167
2026-04-22 23:00:00,406.5167,405,120,0.0,0.25,99.18087,0.0,0.5000000000000213,0.5000000000000142,0.5000000000000133,0.25,406.5167,405,3.525000000000034,12.233400000000017,23,99.18087,409.475,413.4417,417.275,426.175,451.0
2026-04-23 00:00:00,409.475,408,120,0.0,0.25,100.0,0.0,0.2500000000000213,0.5000000000000142,0.5000000000000133,0.25,409.475,408,2.9583000000000084,10.441700000000026,0,100.0,411.7917,414.2333,420.1417,423.5167,451.0254
2026-04-23 01:00:00,411.7917,411,120,0.0,0.25,100.0,0.0,0.0,0.5000000000000142,0.5000000000000133,0.25,411.7917,411,2.316699999999969,8.800000000000011,1,100.0,413.4417,416.0583,422.1917,422.6583,450.8917
2026-04-23 02:00:00,413.4417,413,120,0.0,0.25,100.0,0.0,0.0,0.5000000000000142,0.5000000000000133,0.25,413.4417,413,1.650000000000034,6.925000000000011,2,100.0,414.2333,417.275,425.8917,423.15,451.0083
2026-04-23 03:00:00,414.2333,358,120,0.0,0.25,100.0,0.0,0.0,0.2500000000000142,0.5000000000000133,0.25,414.2333,358,0.7915999999999599,4.758299999999963,3,100.0,416.0583,420.1417,428.15,421.0167,450.0336
2026-04-23 04:00:00,416.0583,415,120,0.0,0.25,100.0,0.0,0.0,0.0,0.5000000000000133,0.25,416.0583,415,1.8249999999999886,4.266599999999983,4,100.0,417.275,422.1917,427.3167,422.0333,443.9167
2026-04-23 05:00:00,417.275,417,120,0.0,0.25,100.0,0.0,0.0,0.0,0.5000000000000133,0.25,417.275,417,1.216700000000003,3.8332999999999515,5,100.0,420.1417,425.8917,426.175,423.5966,446.0833
2026-04-23 06:00:00,420.1417,418,120,0.0,0.25,79.858261,0.0,0.0,0.0,0.5000000000000133,0.25,420.1417,418,2.866700000000037,5.908400000000029,6,79.858261,422.1917,428.15,423.5167,426.45,456.4333
2026-04-23 07:00:00,422.1917,422,120,0.0,0.25,0.0,0.0,0.0,0.0,0.5000000000000133,0.25,422.1917,422,2.0500000000000114,6.1334000000000515,7,0.0,425.8917,427.3167,422.6583,430.7917,458.8083
2026-04-23 08:00:00,425.8917,423,120,0.0,0.25,0.0,0.0,0.0,0.0,0.5000000000000133,0.25,425.8917,423,3.6999999999999886,8.616700000000037,8,0.0,428.15,426.175,423.15,436.0833,461.3167
2026-04-23 09:00:00,428.15,427,120,0.0,0.25,0.0,0.0,0.0,0.0,0.2500000000000133,0.25,428.15,427,2.258299999999963,8.008299999999963,9,0.0,427.3167,423.5167,421.0167,442.3667,460.1083
2026-04-23 10:00:00,427.3167,426,120,0.0,0.25,0.0,0.0,0.0,0.0,0.0,0.25,427.3167,426,-0.8332999999999515,5.125,10,0.0,426.175,422.6583,422.0333,449.5167,461.3917
2026-04-23 11:00:00,426.175,425,120,0.0,0.25,0.0,0.0,0.0,0.0,0.0,0.25,426.175,425,-1.1417000000000144,0.283299999999997,11,0.0,423.5167,423.15,423.5966,451.0,462.675
2026-04-23 12:00:00,423.5167,422,120,0.0,0.25,0.0,0.0,0.0,0.0,0.0,0.25,423.5167,422,-2.658299999999997,-4.633299999999963,12,0.0,422.6583,421.0167,426.45,451.0254,461.1833
2026-04-23 13:00:00,422.6583,422,120,0.0,0.25,0.0,0.0,0.0,0.0,0.0,0.25,422.6583,422,-0.8584000000000174,-4.658400000000029,13,0.0,423.15,422.0333,430.7917,450.8917,454.0167
2026-04-23 14:00:00,423.15,422,120,0.0,0.25,6.402586,0.0,0.0,0.0,0.0,0.25,423.15,422,0.49169999999998026,-3.025000000000034,14,6.402586,421.0167,423.5966,436.0833,451.0083,453.6807
2026-04-23 15:00:00,421.0167,420,120,0.0,0.25,95.761739,0.0,0.0,0.0,0.0,0.25,421.0167,420,-2.133299999999963,-2.5,15,95.761739,422.0333,426.45,442.3667,450.0336,457.4583
2026-04-23 16:00:00,422.0333,421,120,0.0,0.25,95.725862,0.0,0.0,0.0,0.0,0.25,422.0333,421,1.0165999999999826,-0.625,16,95.725862,423.5966,430.7917,449.5167,443.9167,454.175
2026-04-23 17:00:00,423.5966,423,119,0.0,0.25,95.506087,0.0,0.0,0.0,0.0,0.25,423.5966,423,1.5633000000000266,0.4466000000000463,17,95.506087,426.45,436.0833,451.0,446.0833,452.3193
2026-04-23 18:00:00,426.45,425,120,0.0,0.25,95.30087,0.0,0.0,0.0,0.0,0.25,426.45,425,2.853399999999965,5.433299999999974,18,95.30087,430.7917,442.3667,451.0254,456.4333,451.8167
2026-04-23 19:00:00,430.7917,428,120,0.0,0.25,99.523276,0.0,0.0,0.0,0.0,0.25,430.7917,428,4.341700000000003,8.758399999999995,19,99.523276,436.0833,449.5167,450.8917,458.8083,451.5917
2026-04-23 20:00:00,436.0833,433,120,0.0,0.25,100.0,0.0,0.0,0.0,0.0,0.25,436.0833,433,5.291600000000017,12.486699999999985,20,100.0,442.3667,451.0,451.0083,461.3167,451.8376
2026-04-23 21:00:00,442.3667,439,120,0.0,0.25,100.0,0.0,0.0,0.0,0.0,0.25,442.3667,439,6.283399999999972,15.916699999999992,21,100.0,449.5167,451.0254,450.0336,460.1083,451.8917
2026-04-23 22:00:00,449.5167,446,120,0.0,0.0,100.0,0.0,0.0,0.0,0.0,0.0,449.5167,446,7.150000000000034,18.725000000000023,22,100.0,451.0,450.8917,443.9167,461.3917,451.9333
2026-04-23 23:00:00,451.0,450,120,0.0,0.0,100.0,0.0,0.0,0.0,0.0,0.0,451.0,450,1.4832999999999856,14.916699999999992,23,100.0,451.0254,451.0083,446.0833,462.675,451.8333
2026-04-24 00:00:00,451.0254,451,118,0.0,0.0,100.0,0.0,0.0,0.0,0.0,0.0,451.0254,451,0.02539999999999054,8.65870000000001,0,100.0,450.8917,450.0336,456.4333,461.1833,452.0
2026-04-24 01:00:00,450.8917,450,120,0.0,0.0,100.0,0.0,0.0,0.0,0.0,0.0,450.8917,450,-0.13369999999997617,1.375,1,100.0,451.0083,443.9167,458.8083,454.0167,451.9583
2026-04-24 02:00:00,451.0083,450,120,0.0,0.0,100.0,0.0,0.0,0.0,0.0,0.0,451.0083,450,0.11660000000000537,0.008300000000019736,2,100.0,450.0336,446.0833,461.3167,453.6807,451.6833
2026-04-24 03:00:00,450.0336,447,119,0.0,0.0,100.0,0.0,0.0,0.0,0.0,0.0,450.0336,447,-0.9747000000000412,-0.991800000000012,3,100.0,443.9167,456.4333,460.1083,457.4583,451.6
2026-04-24 04:00:00,443.9167,441,120,0.0,0.0,100.0,0.0,0.0,0.0,0.0,0.0,443.9167,441,-6.116899999999987,-6.975000000000023,4,100.0,446.0833,458.8083,461.3917,454.175,450.9083
2026-04-24 05:00:00,446.0833,439,120,0.0,0.0,100.0,0.0,0.0,0.0,0.0,0.0,446.0833,439,2.1666000000000167,-4.925000000000011,5,100.0,456.4333,461.3167,462.675,452.3193,449.7083
2026-04-24 06:00:00,456.4333,453,120,0.0,0.0,41.515652,0.0,0.0,0.0,0.0,0.0,456.4333,453,10.349999999999966,6.399699999999996,6,41.515652,458.8083,460.1083,461.1833,451.8167,456.325
2026-04-24 07:00:00,458.8083,457,120,0.0,0.0,0.0,0.0,0.0,0.0,0.0,0.0,458.8083,457,2.375,14.891599999999983,7,0.0,461.3167,461.3917,454.0167,451.5917,458.1667
2026-04-24 08:00:00,461.3167,456,120,0.0,0.0,11.410435,0.0,0.0,0.0,0.0,0.0,461.3167,456,2.5084000000000515,15.233400000000017,8,11.410435,460.1083,462.675,453.6807,451.8376,461.1167
2026-04-24 09:00:00,460.1083,455,120,0.0,0.0,0.0,0.0,0.0,0.0,0.0,0.0,460.1083,455,-1.20840000000004,3.6750000000000114,9,0.0,461.3917,461.1833,457.4583,451.8917,463.05
2026-04-24 10:00:00,461.3917,455,120,0.0,0.0,0.0,0.0,0.0,0.0,0.0,0.0,461.3917,455,1.2834000000000287,2.58340000000004,10,0.0,462.675,454.0167,454.175,451.9333,461.85
2026-04-24 11:00:00,462.675,456,120,0.0,0.0,0.0,0.0,0.0,0.0,0.0,0.0,462.675,456,1.283299999999997,1.3582999999999856,11,0.0,461.1833,453.6807,452.3193,451.8333,459.3644
2026-04-24 12:00:00,461.1833,456,120,0.0,0.0,0.0,0.0,0.0,0.0,0.0,0.0,461.1833,456,-1.491700000000037,1.0749999999999886,12,0.0,454.0167,457.4583,451.8167,452.0,455.3583
2026-04-24 13:00:00,454.0167,448,120,0.0,0.0,0.0,0.0,0.0,0.0,0.0,0.0,454.0167,448,-7.16659999999996,-7.375,13,0.0,453.6807,454.175,451.5917,451.9583,457.9667
2026-04-24 14:00:00,453.6807,450,119,0.0,0.0,0.0,0.0,0.0,0.0,0.0,0.0,453.6807,450,-0.33600000000001273,-8.99430000000001,14,0.0,457.4583,452.3193,451.8376,451.6833,457.1
2026-04-24 15:00:00,457.4583,453,120,0.0,0.0,0.0,0.0,0.0,0.0,0.0,0.0,457.4583,453,3.7776000000000067,-3.724999999999966,15,0.0,454.175,451.8167,451.8917,451.6,457.8655
2026-04-24 16:00:00,454.175,452,120,0.0,0.0,0.0,0.0,0.0,0.0,0.0,0.0,454.175,452,-3.283299999999997,0.158299999999997,16,0.0,452.3193,451.5917,451.9333,450.9083,457.5167
2026-04-24 17:00:00,452.3193,451,119,0.0,0.0,5.301754,0.0,0.0,0.0,0.0,0.0,452.3193,451,-1.855700000000013,-1.3614000000000033,17,5.301754,451.8167,451.8376,451.8333,449.7083,457.75
2026-04-24 18:00:00,451.8167,451,120,0.0,0.0,37.978947,0.0,0.0,0.0,0.0,0.0,451.8167,451,-0.5025999999999726,-5.641599999999983,18,37.978947,451.5917,451.8917,452.0,456.325,454.2
2026-04-24 19:00:00,451.5917,451,120,0.0,0.0,58.75913,0.0,0.0,0.0,0.0,0.0,451.5917,451,-0.22500000000002274,-2.5833000000000084,19,58.75913,451.8376,451.9333,451.9583,458.1667,453.0756
2026-04-24 20:00:00,451.8376,451,117,0.0,0.0,69.83964,0.0,0.0,0.0,0.0,0.0,451.8376,451,0.245900000000006,-0.48169999999998936,20,69.83964,451.8917,451.8333,451.6833,461.1167,453.1917
2026-04-24 21:00:00,451.8917,451,120,0.0,0.0,67.989565,0.0,0.0,0.0,0.0,0.0,451.8917,451,0.054100000000005366,0.07499999999998863,21,67.989565,451.9333,452.0,451.6,463.05,452.725
2026-04-24 22:00:00,451.9333,451,120,0.0,0.0,66.088696,0.0,0.0,0.0,0.0,0.0,451.9333,451,0.04159999999995989,0.34159999999997126,22,66.088696,451.8333,451.9583,450.9083,461.85,452.4167
2026-04-24 23:00:00,451.8333,451,120,0.0,0.0,71.668965,0.0,0.0,0.0,0.0,0.0,451.8333,451,-0.0999999999999659,-0.004300000000000637,23,71.668965,452.0,451.6833,449.7083,459.3644,452.15
2026-04-25 00:00:00,452.0,452,120,0.0,0.0,70.711305,0.0,0.0,0.0,0.0,0.0,452.0,452,0.16669999999999163,0.10829999999998563,0,70.711305,451.9583,451.6,456.325,455.3583,452.1667
2026-04-25 01:00:00,451.9583,451,120,0.0,0.0,71.776724,0.0,0.0,0.0,0.0,0.0,451.9583,451,-0.04169999999999163,0.025000000000034106,1,71.776724,451.6833,450.9083,458.1667,457.9667,452.075
2026-04-25 02:00:00,451.6833,451,120,0.0,0.0,80.366956,0.0,0.0,0.0,0.0,0.0,451.6833,451,-0.2750000000000341,-0.1500000000000341,2,80.366956,451.6,449.7083,461.1167,457.1,450.4
2026-04-25 03:00:00,451.6,451,110,0.0,0.0,79.5,0.0,0.0,0.0,0.0,0.0,451.6,451,-0.08329999999995152,-0.39999999999997726,3,79.5,450.9083,456.325,463.05,457.8655,443.7288
2026-04-25 04:00:00,450.9083,449,120,0.0,0.0,81.403448,0.0,0.0,0.0,0.0,0.0,450.9083,449,-0.6917000000000257,-1.0500000000000114,4,81.403448,449.7083,458.1667,461.85,457.5167,437.1583
2026-04-25 05:00:00,449.7083,447,120,0.0,0.0,88.238261,0.0,0.0,0.0,0.0,0.0,449.7083,447,-1.1999999999999886,-1.974999999999966,5,88.238261,456.325,461.1167,459.3644,457.75,433.0083
2026-04-25 06:00:00,456.325,453,120,0.0,0.0,44.575862,0.0,0.0,0.0,0.0,0.0,456.325,453,6.61669999999998,4.724999999999966,6,44.575862,458.1667,463.05,455.3583,454.2,445.7
2026-04-25 07:00:00,458.1667,456,120,0.0,0.0,0.0,0.0,0.0,0.0,0.0,0.0,458.1667,456,1.841700000000003,7.258399999999995,7,0.0,461.1167,461.85,457.9667,453.0756,454.4706
2026-04-25 08:00:00,461.1167,456,120,0.0,0.0,0.0,0.0,0.0,0.0,0.0,0.0,461.1167,456,2.9499999999999886,11.408399999999972,8,0.0,463.05,459.3644,457.1,453.1917,456.2083
2026-04-25 09:00:00,463.05,456,120,0.0,0.0,0.0,0.0,0.0,0.0,0.0,0.0,463.05,456,1.933300000000031,6.725000000000023,9,0.0,461.85,455.3583,457.8655,452.725,463.7667
2026-04-25 10:00:00,461.85,455,120,0.0,0.0,0.0,0.0,0.0,0.0,0.0,0.0,461.85,455,-1.1999999999999886,3.683300000000031,10,0.0,459.3644,457.9667,457.5167,452.4167,466.0
2026-04-25 11:00:00,459.3644,455,118,0.0,0.0,0.0,0.0,0.0,0.0,0.0,0.0,459.3644,455,-2.4856000000000336,-1.752299999999991,11,0.0,455.3583,457.1,457.75,452.15,466.0
2026-04-25 12:00:00,455.3583,453,120,0.0,0.0,0.0,0.0,0.0,0.0,0.0,0.0,455.3583,453,-4.0061000000000035,-7.691700000000026,12,0.0,457.9667,457.8655,454.2,452.1667,466.0
2026-04-25 13:00:00,457.9667,454,120,0.0,0.0,0.0,0.0,0.0,0.0,0.0,0.0,457.9667,454,2.6084000000000174,-3.8833000000000197,13,0.0,457.1,457.5167,453.0756,452.075,466.0
2026-04-25 14:00:00,457.1,452,120,0.0,0.0,0.206087,0.0,0.0,0.0,0.0,0.0,457.1,452,-0.8666999999999803,-2.2643999999999664,14,0.206087,457.8655,457.75,453.1917,450.4,466.0
2026-04-25 15:00:00,457.8655,452,119,0.0,0.0,0.157391,0.0,0.0,0.0,0.0,0.0,457.8655,452,0.7654999999999745,2.5072000000000116,15,0.157391,457.5167,454.2,452.725,443.7288,466.0
2026-04-25 16:00:00,457.5167,453,120,0.0,0.0,0.0,0.0,0.0,0.0,0.0,0.0,457.5167,453,-0.3487999999999829,-0.44999999999998863,16,0.0,457.75,453.0756,452.4167,437.1583,466.0
2026-04-25 17:00:00,457.75,452,120,0.0,0.0,0.0,0.0,0.0,0.0,0.0,0.0,457.75,452,0.23329999999998563,0.6499999999999773,17,0.0,454.2,453.1917,452.15,433.0083,461.5083
2026-04-25 18:00:00,454.2,452,120,0.0,0.0,25.733913,0.0,0.0,0.0,0.0,0.0,454.2,452,-3.5500000000000114,-3.6655000000000086,18,25.733913,453.0756,452.725,452.1667,445.7,456.95
2026-04-25 19:00:00,453.0756,452,119,0.0,0.0,62.575652,0.0,0.0,0.0,0.0,0.0,453.0756,452,-1.12439999999998,-4.441100000000006,19,62.575652,453.1917,452.4167,452.075,454.4706,455.35
2026-04-25 20:00:00,453.1917,452,120,0.0,0.0,76.137931,0.0,0.0,0.0,0.0,0.0,453.1917,452,0.11610000000001719,-4.558299999999974,20,76.137931,452.725,452.15,450.4,456.2083,456.4667
2026-04-25 21:00:00,452.725,451,120,0.0,0.0,78.296522,0.0,0.0,0.0,0.0,0.0,452.725,451,-0.466700000000003,-1.474999999999966,21,78.296522,452.4167,452.1667,443.7288,463.7667,454.4833
2026-04-25 22:00:00,452.4167,452,120,0.0,0.0,83.642609,0.0,0.0,0.0,0.0,0.0,452.4167,452,-0.3083000000000311,-0.6589000000000169,22,83.642609,452.15,452.075,437.1583,466.0,453.1917
2026-04-25 23:00:00,452.15,451,120,0.0,0.0,90.575,0.0,0.0,0.0,0.0,0.0,452.15,451,-0.26670000000001437,-1.0417000000000485,23,90.575,452.1667,450.4,433.0083,466.0,454.3833
2026-04-26 00:00:00,452.1667,451,120,0.0,0.0,95.377193,0.0,0.0,0.0,0.0,0.0,452.1667,451,0.01670000000001437,-0.5583000000000311,0,95.377193,452.075,443.7288,445.7,466.0,454.2167
2026-04-26 01:00:00,452.075,451,120,0.0,0.0,98.712931,0.0,0.0,0.0,0.0,0.0,452.075,451,-0.091700000000003,-0.341700000000003,1,98.712931,450.4,437.1583,454.4706,466.0,454.5917
2026-04-26 02:00:00,450.4,447,120,0.0,0.0,100.0,0.0,0.0,0.0,0.0,0.0,450.4,447,-1.6750000000000114,-1.75,2,100.0,443.7288,433.0083,456.2083,466.0,454.8333
2026-04-26 03:00:00,443.7288,440,118,0.0,0.0,100.0,0.0,0.0,0.0,0.0,0.0,443.7288,440,-6.671199999999999,-8.437900000000013,3,100.0,437.1583,445.7,463.7667,466.0,454.4237
2026-04-26 04:00:00,437.1583,434,120,0.0,0.0,100.0,0.0,0.0,0.0,0.0,0.0,437.1583,434,-6.570499999999981,-14.916699999999992,4,100.0,433.0083,454.4706,466.0,466.0,453.375
2026-04-26 05:00:00,433.0083,430,120,0.0,0.0,97.92,0.0,0.0,0.0,0.0,0.0,433.0083,430,-4.149999999999977,-17.391699999999958,5,97.92,445.7,456.2083,466.0,461.5083,453.4417
2026-04-26 06:00:00,445.7,438,120,0.25,0.25,97.869828,0.25,0.2500000000000213,0.2500000000000142,0.2500000000000133,0.25,445.7,438,12.691699999999969,1.9712000000000103,6,97.869828,454.4706,463.7667,466.0,456.95,453.325
2026-04-26 07:00:00,454.4706,451,119,0.25,0.25,100.0,0.25,0.5000000000000213,0.5000000000000142,0.5000000000000133,0.25,454.4706,451,8.770600000000002,17.312299999999993,7,100.0,456.2083,466.0,466.0,455.35,454.8917
2026-04-26 08:00:00,456.2083,453,120,0.0,0.25,96.577392,0.0,0.5000000000000213,0.5000000000000142,0.5000000000000133,0.25,456.2083,453,1.737700000000018,23.19999999999999,8,96.577392,463.7667,466.0,466.0,456.4667,456.1333
2026-04-26 09:00:00,463.7667,456,120,0.0,0.25,33.848276,0.0,0.2500000000000213,0.5000000000000142,0.5000000000000133,0.25,463.7667,456,7.558400000000006,18.066700000000026,9,33.848276,466.0,466.0,466.0,454.4833,463.6167
2026-04-26 10:00:00,466.0,457,120,0.0,0.25,0.0,0.0,0.0,0.5000000000000142,0.5000000000000133,0.25,466.0,457,2.2332999999999856,11.52940000000001,10,0.0,466.0,466.0,466.0,453.1917,458.3583
2026-04-26 11:00:00,466.0,458,120,0.0,0.25,0.0,0.0,0.0,0.5000000000000142,0.5000000000000133,0.25,466.0,458,0.0,9.791699999999992,11,0.0,466.0,466.0,461.5083,454.3833,466.0
2026-04-26 12:00:00,466.0,459,120,0.0,0.25,0.0,0.0,0.0,0.2500000000000142,0.5000000000000133,0.25,466.0,459,0.0,2.2332999999999856,12,0.0,466.0,466.0,456.95,454.2167,462.8417
2026-04-26 13:00:00,466.0,458,120,0.0,0.25,0.0,0.0,0.0,0.0,0.5000000000000133,0.25,466.0,458,0.0,0.0,13,0.0,466.0,466.0,455.35,454.5917,460.725
2026-04-26 14:00:00,466.0,458,120,0.0,0.25,0.0,0.0,0.0,0.0,0.5000000000000133,0.25,466.0,458,0.0,0.0,14,0.0,466.0,461.5083,456.4667,454.8333,462.225
2026-04-26 15:00:00,466.0,459,120,0.0,0.25,0.0,0.0,0.0,0.0,0.5000000000000133,0.25,466.0,459,0.0,0.0,15,0.0,466.0,456.95,454.4833,454.4237,462.6833
2026-04-26 16:00:00,466.0,455,120,0.0,0.25,0.0,0.0,0.0,0.0,0.5000000000000133,0.25,466.0,455,0.0,0.0,16,0.0,461.5083,455.35,453.1917,453.375,456.3917
2026-04-26 17:00:00,461.5083,453,120,0.0,0.25,0.0,0.0,0.0,0.0,0.5000000000000133,0.25,461.5083,453,-4.49169999999998,-4.49169999999998,17,0.0,456.95,456.4667,454.3833,453.4417,458.0917
2026-04-26 18:00:00,456.95,451,120,0.0,0.25,8.968421,0.0,0.0,0.0,0.2500000000000133,0.25,456.95,451,-4.558300000000031,-9.050000000000011,18,8.968421,455.35,454.4833,454.2167,453.325,454.6583
2026-04-26 19:00:00,455.35,452,120,0.0,0.25,51.476522,0.0,0.0,0.0,0.0,0.25,455.35,452,-1.599999999999966,-10.649999999999977,19,51.476522,456.4667,453.1917,454.5917,454.8917,453.1583
2026-04-26 20:00:00,456.4667,452,120,0.0,0.25,71.222609,0.0,0.0,0.0,0.0,0.25,456.4667,452,1.1166999999999803,-5.041600000000017,20,71.222609,454.4833,454.3833,454.8333,456.1333,452.65
2026-04-26 21:00:00,454.4833,452,120,0.0,0.25,99.287931,0.0,0.0,0.0,0.0,0.25,454.4833,452,-1.9834000000000174,-2.466700000000003,21,99.287931,453.1917,454.2167,454.4237,463.6167,452.6417
2026-04-26 22:00:00,453.1917,451,120,0.0,0.25,100.0,0.0,0.0,0.0,0.0,0.25,453.1917,451,-1.29159999999996,-2.158299999999997,22,100.0,454.3833,454.5917,453.375,458.3583,452.8917
2026-04-26 23:00:00,454.3833,452,120,0.0,0.25,100.0,0.0,0.0,0.0,0.0,0.25,454.3833,452,1.191599999999994,-2.0833999999999833,23,100.0,454.2167,454.8333,453.4417,466.0,452.6333
2026-04-27 00:00:00,454.2167,452,120,0.0,0.25,100.0,0.0,0.0,0.0,0.0,0.25,454.2167,452,-0.16660000000001673,-0.26659999999998263,0,100.0,454.5917,454.4237,453.325,462.8417,452.625
2026-04-27 01:00:00,454.5917,452,120,0.0,0.25,100.0,0.0,0.0,0.0,0.0,0.25,454.5917,452,0.375,1.3999999999999773,1,100.0,454.8333,453.375,454.8917,460.725,452.875
2026-04-27 02:00:00,454.8333,452,120,0.0,0.25,100.0,0.0,0.0,0.0,0.0,0.25,454.8333,452,0.24160000000000537,0.44999999999998863,2,100.0,454.4237,453.4417,456.1333,462.225,452.8333
2026-04-27 03:00:00,454.4237,452,118,0.0,0.25,100.0,0.0,0.0,0.0,0.0,0.25,454.4237,452,-0.40960000000001173,0.20699999999999363,3,100.0,453.375,453.325,463.6167,462.6833,452.958
2026-04-27 04:00:00,453.375,452,120,0.0,0.25,100.0,0.0,0.0,0.0,0.0,0.25,453.375,452,-1.0486999999999966,-1.216700000000003,4,100.0,453.4417,454.8917,458.3583,456.3917,452.7083
2026-04-27 05:00:00,453.4417,452,120,0.0,0.25,100.0,0.0,0.0,0.0,0.0,0.25,453.4417,452,0.06670000000002574,-1.3915999999999826,5,100.0,453.325,456.1333,466.0,458.0917,452.7667
2026-04-27 06:00:00,453.325,452,120,0.0,0.25,98.668696,0.0,0.0,0.0,0.0,0.25,453.325,452,-0.11670000000003711,-1.098700000000008,6,98.668696,454.8917,463.6167,462.8417,454.6583,453.1667
2026-04-27 07:00:00,454.8917,453,120,0.0,0.0,70.453913,0.0,0.0,0.0,0.0,0.0,454.8917,453,1.5667000000000257,1.5167000000000144,7,70.453913,456.1333,458.3583,460.725,453.1583,461.2417
2026-04-27 08:00:00,456.1333,455,120,0.0,0.0,15.917241,0.0,0.0,0.0,0.0,0.0,456.1333,455,1.2416000000000054,2.691599999999994,8,15.917241,463.6167,466.0,462.225,452.65,466.0
2026-04-27 09:00:00,463.6167,456,120,0.0,0.0,0.0,0.0,0.0,0.0,0.0,0.0,463.6167,456,7.4833999999999605,10.291699999999992,9,0.0,458.3583,462.8417,462.6833,452.6417,466.0
2026-04-27 10:00:00,458.3583,456,120,0.0,0.0,0.0,0.0,0.0,0.0,0.0,0.0,458.3583,456,-5.258399999999995,3.4665999999999713,10,0.0,466.0,460.725,456.3917,452.8917,466.0
2026-04-27 11:00:00,466.0,456,120,0.0,0.0,0.0,0.0,0.0,0.0,0.0,0.0,466.0,456,7.641700000000014,9.86669999999998,11,0.0,462.8417,462.225,458.0917,452.6333,466.0
2026-04-27 12:00:00,462.8417,455,120,0.0,0.0,0.0,0.0,0.0,0.0,0.0,0.0,462.8417,455,-3.158299999999997,-0.7749999999999773,12,0.0,460.725,462.6833,454.6583,452.625,466.0
2026-04-27 13:00:00,460.725,455,120,0.0,0.0,0.0,0.0,0.0,0.0,0.0,0.0,460.725,455,-2.1166999999999803,2.366700000000037,13,0.0,462.225,456.3917,453.1583,452.875,463.8833
2026-04-27 14:00:00,462.225,455,120,0.0,0.0,0.0,0.0,0.0,0.0,0.0,0.0,462.225,455,1.5,-3.7749999999999773,14,0.0,462.6833,458.0917,452.65,452.8333,462.3667
2026-04-27 15:00:00,462.6833,455,120,0.0,0.0,0.0,0.0,0.0,0.0,0.0,0.0,462.6833,455,0.4582999999999515,-0.15840000000002874,15,0.0,456.3917,454.6583,452.6417,452.958,457.1417
2026-04-27 16:00:00,456.3917,453,120,0.0,0.0,0.0,0.0,0.0,0.0,0.0,0.0,456.3917,453,-6.29159999999996,-4.333300000000008,16,0.0,458.0917,453.1583,452.8917,452.7083,455.5167
2026-04-27 17:00:00,458.0917,453,120,0.0,0.0,49.042609,0.0,0.0,0.0,0.0,0.0,458.0917,453,1.6999999999999886,-4.13330000000002,17,49.042609,454.6583,452.65,452.6333,452.7667,452.3583
2026-04-27 18:00:00,454.6583,452,120,0.0,0.0,85.165217,0.0,0.0,0.0,0.0,0.0,454.6583,452,-3.433400000000006,-8.024999999999977,18,85.165217,453.1583,452.6417,452.625,453.1667,452.0333
2026-04-27 19:00:00,453.1583,452,120,0.0,0.0,89.141739,0.0,0.0,0.0,0.0,0.0,453.1583,452,-1.5,-3.2334000000000174,19,89.141739,452.65,452.8917,452.875,461.2417,452.0672
2026-04-27 20:00:00,452.65,452,120,0.0,0.0,92.969565,0.0,0.0,0.0,0.0,0.0,452.65,452,-0.5083000000000197,-5.441700000000026,20,92.969565,452.6417,452.6333,452.8333,466.0,452.025
2026-04-27 21:00:00,452.6417,452,120,0.0,0.0,94.626087,0.0,0.0,0.0,0.0,0.0,452.6417,452,-0.008299999999962893,-2.0165999999999826,21,94.626087,452.8917,452.625,452.958,466.0,452.0583
2026-04-27 22:00:00,452.8917,452,120,0.0,0.0,98.489566,0.0,0.0,0.0,0.0,0.0,452.8917,452,0.25,-0.26659999999998263,22,98.489566,452.6333,452.875,452.7083,466.0,452.0917
2026-04-27 23:00:00,452.6333,452,120,0.0,0.0,94.728696,0.0,0.0,0.0,0.0,0.0,452.6333,452,-0.25839999999999463,-0.016699999999957527,23,94.728696,452.625,452.8333,452.7667,466.0,452.1
2026-04-28 00:00:00,452.625,452,120,0.0,0.0,80.099138,0.0,0.0,0.0,0.0,0.0,452.625,452,-0.008300000000019736,-0.01670000000001437,0,80.099138,452.875,452.958,453.1667,466.0,452.1
2026-04-28 01:00:00,452.875,452,120,0.0,0.0,91.283478,0.0,0.0,0.0,0.0,0.0,452.875,452,0.25,-0.01670000000001437,1,91.283478,452.8333,452.7083,461.2417,463.8833,452.0417
2026-04-28 02:00:00,452.8333,452,120,0.0,0.0,97.627586,0.0,0.0,0.0,0.0,0.0,452.8333,452,-0.04169999999999163,0.19999999999998863,2,97.627586,452.958,452.7667,466.0,462.3667,452.1083
2026-04-28 03:00:00,452.958,452,119,0.0,0.0,97.77193,0.0,0.0,0.0,0.0,0.0,452.958,452,0.12470000000001846,0.33300000000002683,3,97.77193,452.7083,453.1667,466.0,457.1417,452.0734
2026-04-28 04:00:00,452.7083,452,120,0.0,0.0,98.260869,0.0,0.0,0.0,0.0,0.0,452.7083,452,-0.24970000000001846,-0.16669999999999163,4,98.260869,452.7667,461.2417,466.0,455.5167,452.0459
2026-04-28 05:00:00,452.7667,452,120,0.0,0.0,99.840518,0.0,0.0,0.0,0.0,0.0,452.7667,452,0.058400000000006,-0.066599999999994,5,99.840518,453.1667,466.0,466.0,452.3583,452.4775
2026-04-28 06:00:00,453.1667,452,120,0.0,0.0,96.559131,0.0,0.0,0.0,0.0,0.0,453.1667,452,0.39999999999997726,0.2086999999999648,6,96.559131,461.2417,466.0,466.0,452.0333,460.0991
2026-04-28 07:00:00,461.2417,454,120,0.0,0.0,52.95431,0.0,0.0,0.0,0.0,0.0,461.2417,454,8.074999999999989,8.533399999999972,7,52.95431,466.0,466.0,463.8833,452.0672,457.4091
2026-04-28 08:00:00,466.0,460,120,0.0,0.0,0.0,0.0,0.0,0.0,0.0,0.0,466.0,460,4.75830000000002,13.233299999999986,8,0.0,466.0,466.0,462.3667,452.025,456.3838
2026-04-28 09:00:00,466.0,457,120,0.0,0.0,0.0,0.0,0.0,0.0,0.0,0.0,466.0,457,0.0,12.833300000000008,9,0.0,466.0,466.0,457.1417,452.0583,461.4953
2026-04-28 10:00:00,466.0,458,120,0.0,0.0,0.0,0.0,0.0,0.0,0.0,0.0,466.0,458,0.0,4.75830000000002,10,0.0,466.0,463.8833,455.5167,452.0917,466.0
2026-04-28 11:00:00,466.0,458,120,0.0,0.0,0.0,0.0,0.0,0.0,0.0,0.0,466.0,458,0.0,0.0,11,0.0,466.0,462.3667,452.3583,452.1,466.0
2026-04-28 12:00:00,466.0,456,120,0.0,0.0,0.0,0.0,0.0,0.0,0.0,0.0,466.0,456,0.0,0.0,12,0.0,463.8833,457.1417,452.0333,452.1,466.0
2026-04-28 13:00:00,463.8833,454,120,0.0,0.0,0.116522,0.0,0.0,0.0,0.0,0.0,463.8833,454,-2.1166999999999803,-2.1166999999999803,13,0.116522,462.3667,455.5167,452.0672,452.0417,466.0
2026-04-28 14:00:00,462.3667,453,120,0.0,0.0,12.862609,0.0,0.0,0.0,0.0,0.0,462.3667,453,-1.5166000000000395,-3.6333000000000197,14,12.862609,457.1417,452.3583,452.025,452.1083,466.0
2026-04-28 15:00:00,457.1417,453,120,0.0,0.0,24.455172,0.0,0.0,0.0,0.0,0.0,457.1417,453,-5.224999999999966,-8.858299999999986,15,24.455172,455.5167,452.0333,452.0583,452.0734,466.0
2026-04-28 16:00:00,455.5167,453,120,0.0,0.0,62.64087,0.0,0.0,0.0,0.0,0.0,455.5167,453,-1.625,-8.366600000000005,16,62.64087,452.3583,452.0672,452.0917,452.0459,458.8544
2026-04-28 17:00:00,452.3583,451,120,0.0,0.0,89.048696,0.0,0.0,0.0,0.0,0.0,452.3583,451,-3.1584000000000287,-10.008399999999995,17,89.048696,452.0333,452.025,452.1,452.4775,454.0192
2026-04-28 18:00:00,452.0333,451,120,0.0,0.0,93.149565,0.0,0.0,0.0,0.0,0.0,452.0333,451,-0.32499999999998863,-5.108400000000017,18,93.149565,452.0672,452.0583,452.1,460.0991,454.287
2026-04-28 19:00:00,452.0672,451,119,0.0,0.0,95.546087,0.0,0.0,0.0,0.0,0.0,452.0672,451,0.03390000000001692,-3.4495000000000005,19,95.546087,452.025,452.0917,452.0417,457.4091,454.5
2026-04-28 20:00:00,452.025,451,120,0.0,0.0,94.05913,0.0,0.0,0.0,0.0,0.0,452.025,451,-0.04220000000003665,-0.33330000000000837,20,94.05913,452.0583,452.1,452.1083,456.3838,455.419
2026-04-28 21:00:00,452.0583,452,120,0.0,0.0,97.739131,0.0,0.0,0.0,0.0,0.0,452.0583,452,0.033299999999997,0.024999999999977263,21,97.739131,452.0917,452.1,452.0734,461.4953,453.9524
2026-04-28 22:00:00,452.0917,452,120,0.0,0.0,99.547414,0.0,0.0,0.0,0.0,0.0,452.0917,452,0.03340000000002874,0.024499999999989086,22,99.547414,452.1,452.0417,452.0459,466.0,453.4947
2026-04-28 23:00:00,452.1,452,120,0.0,0.0,99.998276,0.0,0.0,0.0,0.0,0.0,452.1,452,0.008300000000019736,0.07500000000004547,23,99.998276,452.1,452.1083,452.4775,466.0,453.787
2026-04-29 00:00:00,452.1,452,120,0.0,0.0,100.0,0.0,0.0,0.0,0.0,0.0,452.1,452,0.0,0.041700000000048476,0,100.0,452.0417,452.0734,460.0991,466.0,452.9143
2026-04-29 01:00:00,452.0417,452,120,0.0,0.0,100.0,0.0,0.0,0.0,0.0,0.0,452.0417,452,-0.058300000000031105,-0.05000000000001137,1,100.0,452.1083,452.0459,457.4091,466.0,452.3396
2026-04-29 02:00:00,452.1083,451,120,0.0,0.0,100.0,0.0,0.0,0.0,0.0,0.0,452.1083,451,0.066599999999994,0.008299999999962893,2,100.0,452.0734,452.4775,456.3838,466.0,453.8095
2026-04-29 03:00:00,452.0734,452,109,0.0,0.0,100.0,0.0,0.0,0.0,0.0,0.0,452.0734,452,-0.03489999999999327,-0.026600000000030377,3,100.0,452.0459,460.0991,461.4953,466.0,453.3782
2026-04-29 04:00:00,452.0459,452,109,0.0,0.0,100.0,0.0,0.0,0.0,0.0,0.0,452.0459,452,-0.02749999999997499,0.004200000000025739,4,100.0,452.4775,457.4091,466.0,458.8544,452.7083
2026-04-29 05:00:00,452.4775,452,111,0.0,0.0,100.0,0.0,0.0,0.0,0.0,0.0,452.4775,452,0.4316000000000031,0.36920000000003483,5,100.0,460.0991,456.3838,466.0,454.0192,452.375
2026-04-29 06:00:00,460.0991,455,111,0.0,0.0,98.477778,0.0,0.0,0.0,0.0,0.0,460.0991,455,7.621600000000001,8.025700000000029,6,98.477778,457.4091,461.4953,466.0,454.287,455.6917
2026-04-29 07:00:00,457.4091,455,110,0.0,0.0,29.976923,0.0,0.0,0.0,0.0,0.0,457.4091,455,-2.6899999999999977,5.363200000000006,7,29.976923,456.3838,466.0,466.0,454.5,461.8833
2026-04-29 08:00:00,456.3838,455,99,0.0,0.0,0.005376,0.0,0.0,0.0,0.0,0.0,456.3838,455,-1.0253000000000156,3.9062999999999874,8,0.005376,461.4953,466.0,466.0,455.419,464.05
2026-04-29 09:00:00,461.4953,455,107,0.0,0.0,3.442105,0.0,0.0,0.0,0.0,0.0,461.4953,455,5.111499999999978,1.3961999999999648,9,3.442105,466.0,466.0,466.0,453.9524,459.675
2026-04-29 10:00:00,466.0,458,102,0.0,0.0,0.0,0.0,0.0,0.0,0.0,0.0,466.0,458,4.504700000000014,8.590899999999976,10,0.0,466.0,466.0,458.8544,453.4947,466.0
2026-04-29 11:00:00,466.0,458,105,0.0,0.0,0.0,0.0,0.0,0.0,0.0,0.0,466.0,458,0.0,9.616199999999992,11,0.0,466.0,466.0,454.0192,453.787,466.0
2026-04-29 12:00:00,466.0,456,106,0.0,0.0,0.0,0.0,0.0,0.0,0.0,0.0,466.0,456,0.0,4.504700000000014,12,0.0,466.0,466.0,454.287,452.9143,466.0
2026-04-29 13:00:00,466.0,455,104,0.0,0.0,12.852688,0.0,0.0,0.0,0.0,0.0,466.0,455,0.0,0.0,13,12.852688,466.0,458.8544,454.5,452.3396,466.0
2026-04-29 14:00:00,466.0,456,109,0.0,0.0,6.881053,0.0,0.0,0.0,0.0,0.0,466.0,456,0.0,0.0,14,6.881053,466.0,454.0192,455.419,453.8095,466.0
2026-04-29 15:00:00,466.0,455,106,0.0,0.0,0.0,0.0,0.0,0.0,0.0,0.0,466.0,455,0.0,0.0,15,0.0,458.8544,454.287,453.9524,453.3782,463.95
2026-04-29 16:00:00,458.8544,453,103,0.0,0.0,4.577143,0.0,0.0,0.0,0.0,0.0,458.8544,453,-7.145600000000002,-7.145600000000002,16,4.577143,454.0192,454.5,453.4947,452.7083,463.975
2026-04-29 17:00:00,454.0192,451,104,0.0,0.0,25.540206,0.0,0.0,0.0,0.0,0.0,454.0192,451,-4.835199999999986,-11.980799999999988,17,25.540206,454.287,455.419,453.787,452.375,458.025
2026-04-29 18:00:00,454.287,452,108,0.0,0.0,58.917708,0.0,0.0,0.0,0.0,0.0,454.287,452,0.2677999999999656,-11.713000000000022,18,58.917708,454.5,453.9524,452.9143,455.6917,461.6471
2026-04-29 19:00:00,454.5,452,102,0.25,0.25,80.35914,0.25,0.2500000000000213,0.2500000000000142,0.2500000000000133,0.25,454.5,452,0.21300000000002228,-4.354399999999998,19,80.35914,455.419,453.4947,452.3396,461.8833,458.375
2026-04-29 20:00:00,455.419,452,105,0.25,0.25,99.973034,0.25,0.5000000000000213,0.5000000000000142,0.5000000000000133,0.25,455.419,452,0.9189999999999827,1.3997999999999706,20,99.973034,453.9524,453.787,453.8095,464.05,456.5333
2026-04-29 21:00:00,453.9524,451,105,0.0,0.25,100.0,0.0,0.5000000000000213,0.5000000000000142,0.5000000000000133,0.25,453.9524,451,-1.4665999999999713,-0.33459999999996626,21,100.0,453.4947,452.9143,453.3782,459.675,454.7167
2026-04-29 22:00:00,453.4947,452,95,0.0,0.25,100.0,0.0,0.2500000000000213,0.5000000000000142,0.5000000000000133,0.25,453.4947,452,-0.45769999999998845,-1.005299999999977,22,100.0,453.787,452.3396,452.7083,466.0,454.2417
2026-04-29 23:00:00,453.787,452,108,0.0,0.25,100.0,0.0,0.0,0.5000000000000142,0.5000000000000133,0.25,453.787,452,0.2922999999999547,-1.632000000000005,23,100.0,452.9143,453.8095,452.375,466.0,455.0333
2026-04-30 00:00:00,452.9143,452,105,0.0,0.25,100.0,0.0,0.0,0.5000000000000142,0.5000000000000133,0.25,452.9143,452,-0.8726999999999521,-1.0380999999999858,0,100.0,452.3396,453.3782,455.6917,466.0,456.4167
2026-04-30 01:00:00,452.3396,408,106,0.0,0.25,100.0,0.0,0.0,0.2500000000000142,0.5000000000000133,0.25,452.3396,408,-0.5747000000000071,-1.1551000000000045,1,100.0,453.8095,452.7083,461.8833,466.0,458.025
2026-04-30 02:00:00,453.8095,452,105,0.0,0.25,100.0,0.0,0.0,0.0,0.5000000000000133,0.25,453.8095,452,1.4698999999999955,0.02250000000003638,2,100.0,453.3782,452.375,464.05,466.0,456.1833
2026-04-30 03:00:00,453.3782,452,119,0.0,0.25,100.0,0.0,0.0,0.0,0.5000000000000133,0.25,453.3782,452,-0.43130000000002156,0.4638999999999669,3,100.0,452.7083,455.6917,459.675,463.95,453.4917
2026-04-30 04:00:00,452.7083,452,120,0.0,0.25,100.0,0.0,0.0,0.0,0.5000000000000133,0.25,452.7083,452,-0.6698999999999842,0.3686999999999898,4,100.0,452.375,461.8833,466.0,463.975,450.1917
2026-04-30 05:00:00,452.375,452,120,0.0,0.25,100.0,0.0,0.0,0.0,0.5000000000000133,0.25,452.375,452,-0.33330000000000837,-1.434500000000014,5,100.0,455.6917,464.05,466.0,458.025,454.0
2026-04-30 06:00:00,455.6917,452,120,0.0,0.25,100.0,0.0,0.0,0.0,0.5000000000000133,0.25,455.6917,452,3.3167000000000257,2.313500000000033,6,100.0,461.8833,459.675,466.0,461.6471,466.0
2026-04-30 07:00:00,461.8833,455,120,0.0,0.25,22.124348,0.0,0.0,0.0,0.2500000000000133,0.25,461.8833,455,6.191599999999994,9.175000000000011,7,22.124348,464.05,466.0,466.0,458.375,466.0
2026-04-30 08:00:00,464.05,455,120,0.0,0.25,0.0,0.0,0.0,0.0,0.0,0.25,464.05,455,2.1666999999999916,11.675000000000011,8,0.0,459.675,466.0,466.0,456.5333,466.0
2026-04-30 09:00:00,459.675,453,120,0.0,0.25,24.013913,0.0,0.0,0.0,0.0,0.25,459.675,453,-4.375,3.9832999999999856,9,24.013913,466.0,466.0,463.95,454.7167,466.0
2026-04-30 10:00:00,466.0,455,120,0.0,0.25,44.822609,0.0,0.0,0.0,0.0,0.25,466.0,455,6.324999999999989,4.11669999999998,10,44.822609,466.0,466.0,463.975,454.2417,464.1167
2026-04-30 11:00:00,466.0,456,120,0.0,0.25,0.0,0.0,0.0,0.0,0.0,0.25,466.0,456,0.0,1.9499999999999886,11,0.0,466.0,466.0,458.025,455.0333,466.0
2026-04-30 12:00:00,466.0,456,119,0.0,0.25,0.0,0.0,0.0,0.0,0.0,0.25,466.0,456,0.0,6.324999999999989,12,0.0,466.0,463.95,461.6471,456.4167,466.0
2026-04-30 13:00:00,466.0,457,120,0.0,0.25,0.0,0.0,0.0,0.0,0.0,0.25,466.0,457,0.0,0.0,13,0.0,466.0,463.975,458.375,458.025,466.0
2026-04-30 14:00:00,466.0,457,120,0.0,0.25,0.0,0.0,0.0,0.0,0.0,0.25,466.0,457,0.0,0.0,14,0.0,463.95,458.025,456.5333,456.1833,463.2269
2026-04-30 15:00:00,463.95,455,120,0.0,0.25,0.0,0.0,0.0,0.0,0.0,0.25,463.95,455,-2.0500000000000114,-2.0500000000000114,15,0.0,463.975,461.6471,454.7167,453.4917,465.1333
2026-04-30 16:00:00,463.975,454,120,0.0,0.25,0.0,0.0,0.0,0.0,0.0,0.25,463.975,454,0.025000000000034106,-2.0249999999999773,16,0.0,458.025,458.375,454.2417,450.1917,463.3083
2026-04-30 17:00:00,458.025,452,120,0.0,0.25,0.0,0.0,0.0,0.0,0.0,0.25,458.025,452,-5.9500000000000455,-7.975000000000023,17,0.0,461.6471,456.5333,455.0333,454.0,462.5
2026-04-30 18:00:00,461.6471,453,119,0.0,0.25,0.0,0.0,0.0,0.0,0.0,0.25,461.6471,453,3.622100000000046,-2.3028999999999655,18,0.0,458.375,454.7167,456.4167,466.0,464.975
2026-04-30 19:00:00,458.375,453,120,0.0,0.25,1.37069,0.0,0.0,0.0,0.0,0.25,458.375,453,-3.272100000000023,-5.600000000000023,19,1.37069,456.5333,454.2417,458.025,466.0,462.916
2026-04-30 20:00:00,456.5333,453,120,0.0,0.0,7.713913,0.0,0.0,0.0,0.0,0.0,456.5333,453,-1.841700000000003,-1.4916999999999803,20,7.713913,454.7167,455.0333,456.1833,466.0,465.5083
2026-04-30 21:00:00,454.7167,453,120,0.0,0.0,12.248696,0.0,0.0,0.0,0.0,0.0,454.7167,453,-1.816599999999994,-6.93040000000002,21,12.248696,454.2417,456.4167,453.4917,466.0,454.825
2026-04-30 22:00:00,454.2417,453,120,0.0,0.0,26.126956,0.0,0.0,0.0,0.0,0.0,454.2417,453,-0.47500000000002274,-4.13330000000002,22,26.126956,455.0333,458.025,450.1917,464.1167,454.625
2026-04-30 23:00:00,455.0333,453,120,0.0,0.0,36.020536,0.0,0.0,0.0,0.0,0.0,455.0333,453,0.7916000000000167,-1.5,23,36.020536,456.4167,456.1833,454.0,466.0,453.3417
2026-05-01 00:00:00,456.4167,453,120,0.0,0.0,40.55431,0.0,0.0,0.0,0.0,0.0,456.4167,453,1.3833999999999946,1.6999999999999886,0,40.55431,458.025,453.4917,466.0,466.0,454.2333
2026-05-01 01:00:00,458.025,440,120,0.0,0.0,68.252632,0.0,0.0,0.0,0.0,0.0,458.025,440,1.6082999999999856,3.783299999999997,1,68.252632,456.1833,450.1917,466.0,466.0,452.9833
2026-05-01 02:00:00,456.1833,453,120,0.0,0.0,83.664656,0.0,0.0,0.0,0.0,0.0,456.1833,453,-1.841700000000003,1.1499999999999773,2,83.664656,453.4917,454.0,466.0,463.2269,453.225
2026-05-01 03:00:00,453.4917,451,120,0.0,0.0,92.895652,0.0,0.0,0.0,0.0,0.0,453.4917,451,-2.691599999999994,-2.9250000000000114,3,92.895652,450.1917,466.0,466.0,465.1333,453.5294
2026-05-01 04:00:00,450.1917,448,120,0.0,0.0,99.826957,0.0,0.0,0.0,0.0,0.0,450.1917,448,-3.2999999999999545,-7.8332999999999515,4,99.826957,454.0,466.0,464.1167,463.3083,452.6694
2026-05-01 05:00:00,454.0,452,120,0.0,0.0,100.0,0.0,0.0,0.0,0.0,0.0,454.0,452,3.8082999999999743,-2.1832999999999743,5,100.0,466.0,466.0,466.0,462.5,453.9244
2026-05-01 06:00:00,466.0,454,119,0.0,0.0,52.412174,0.0,0.0,0.0,0.0,0.0,466.0,454,12.0,12.50830000000002,6,52.412174,466.0,466.0,466.0,464.975,464.2269
2026-05-01 07:00:00,466.0,466,120,0.0,0.0,0.0,0.0,0.0,0.0,0.0,0.0,466.0,466,0.0,15.808299999999974,7,0.0,466.0,464.1167,466.0,462.916,466.0
2026-05-01 08:00:00,466.0,466,118,0.0,0.0,0.0,0.0,0.0,0.0,0.0,0.0,466.0,466,0.0,12.0,8,0.0,466.0,466.0,463.2269,465.5083,466.0
2026-05-01 09:00:00,466.0,463,120,0.0,0.0,0.0,0.0,0.0,0.0,0.0,0.0,466.0,463,0.0,0.0,9,0.0,464.1167,466.0,465.1333,454.825,466.0
2026-05-01 10:00:00,464.1167,458,120,0.0,0.0,0.0,0.0,0.0,0.0,0.0,0.0,464.1167,458,-1.8833000000000197,-1.8833000000000197,10,0.0,466.0,466.0,463.3083,454.625,466.0
2026-05-01 11:00:00,466.0,466,120,0.0,0.0,0.0,0.0,0.0,0.0,0.0,0.0,466.0,466,1.8833000000000197,0.0,11,0.0,466.0,463.2269,462.5,453.3417,466.0
2026-05-01 12:00:00,466.0,466,120,0.0,0.0,0.0,0.0,0.0,0.0,0.0,0.0,466.0,466,0.0,0.0,12,0.0,466.0,465.1333,464.975,454.2333,466.0
2026-05-01 13:00:00,466.0,457,120,0.0,0.0,0.0,0.0,0.0,0.0,0.0,0.0,466.0,457,0.0,1.8833000000000197,13,0.0,463.2269,463.3083,462.916,452.9833,466.0
2026-05-01 14:00:00,463.2269,460,119,0.0,0.0,0.0,0.0,0.0,0.0,0.0,0.0,463.2269,460,-2.7730999999999995,-2.7730999999999995,14,0.0,465.1333,462.5,465.5083,453.225,466.0
2026-05-01 15:00:00,465.1333,453,120,0.0,0.0,0.0,0.0,0.0,0.0,0.0,0.0,465.1333,453,1.9064000000000192,-0.8666999999999803,15,0.0,463.3083,464.975,454.825,453.5294,466.0
2026-05-01 16:00:00,463.3083,453,120,0.0,0.0,0.0,0.0,0.0,0.0,0.0,0.0,463.3083,453,-1.8250000000000455,-2.6917000000000257,16,0.0,462.5,462.916,454.625,452.6694,466.0
2026-05-01 17:00:00,462.5,453,120,0.0,0.0,8.507826,0.0,0.0,0.0,0.0,0.0,462.5,453,-0.8082999999999743,-0.7269000000000005,17,8.507826,464.975,465.5083,453.3417,453.9244,466.0
2026-05-01 18:00:00,464.975,453,120,0.0,0.0,36.843478,0.0,0.0,0.0,0.0,0.0,464.975,453,2.4750000000000227,-0.158299999999997,18,36.843478,462.916,454.825,454.2333,464.2269,465.5294
2026-05-01 19:00:00,462.916,453,119,0.0,0.0,27.309649,0.0,0.0,0.0,0.0,0.0,462.916,453,-2.059000000000026,-0.39229999999997744,19,27.309649,465.5083,454.625,452.9833,466.0,461.8908
2026-05-01 20:00:00,465.5083,453,120,0.0,0.0,0.0,0.0,0.0,0.0,0.0,0.0,465.5083,453,2.592300000000023,3.0083000000000197,20,0.0,454.825,453.3417,453.225,466.0,459.0833
2026-05-01 21:00:00,454.825,322,120,0.0,0.0,7.294737,0.0,0.0,0.0,0.0,0.0,454.825,322,-10.683300000000031,-10.150000000000034,21,7.294737,454.625,454.2333,453.5294,466.0,455.4917
2026-05-01 22:00:00,454.625,452,120,0.0,0.0,17.496522,0.0,0.0,0.0,0.0,0.0,454.625,452,-0.19999999999998863,-8.290999999999997,22,17.496522,453.3417,452.9833,452.6694,466.0,454.6083
2026-05-01 23:00:00,453.3417,453,120,0.0,0.0,0.0,0.0,0.0,0.0,0.0,0.0,453.3417,453,-1.283299999999997,-12.166600000000017,23,0.0,454.2333,453.225,453.9244,466.0,454.5667
2026-05-02 00:00:00,454.2333,452,120,0.0,0.0,0.0,0.0,0.0,0.0,0.0,0.0,454.2333,452,0.8915999999999826,-0.591700000000003,0,0.0,452.9833,453.5294,464.2269,466.0,456.5583
2026-05-02 01:00:00,452.9833,436,120,0.0,0.0,0.0,0.0,0.0,0.0,0.0,0.0,452.9833,436,-1.25,-1.6417000000000144,1,0.0,453.225,452.6694,466.0,466.0,458.0917
2026-05-02 02:00:00,453.225,452,120,0.0,0.0,0.0,0.0,0.0,0.0,0.0,0.0,453.225,452,0.2417000000000371,-0.11669999999998026,2,0.0,453.5294,453.9244,466.0,466.0,461.425
2026-05-02 03:00:00,453.5294,452,119,0.0,0.0,47.641739,0.0,0.0,0.0,0.0,0.0,453.5294,452,0.3043999999999869,-0.703899999999976,3,47.641739,452.6694,464.2269,466.0,466.0,457.0667
2026-05-02 04:00:00,452.6694,452,121,0.0,0.0,91.993104,0.0,0.0,0.0,0.0,0.0,452.6694,452,-0.8600000000000136,-0.31389999999998963,4,91.993104,453.9244,466.0,466.0,466.0,457.2083
2026-05-02 05:00:00,453.9244,452,119,0.0,0.0,98.305218,0.0,0.0,0.0,0.0,0.0,453.9244,452,1.2549999999999955,0.6993999999999687,5,98.305218,464.2269,466.0,466.0,466.0,460.3917
2026-05-02 06:00:00,464.2269,452,119,0.0,0.0,61.787719,0.0,0.0,0.0,0.0,0.0,464.2269,452,10.302500000000009,10.697499999999991,6,61.787719,466.0,466.0,466.0,465.5294,460.6333
2026-05-02 07:00:00,466.0,466,121,0.0,0.0,0.0,0.0,0.0,0.0,0.0,0.0,466.0,466,1.7730999999999995,13.330600000000004,7,0.0,466.0,466.0,466.0,461.8908,466.0
2026-05-02 08:00:00,466.0,461,118,0.0,0.0,0.0,0.0,0.0,0.0,0.0,0.0,466.0,461,0.0,12.075600000000009,8,0.0,466.0,466.0,466.0,459.0833,466.0
2026-05-02 09:00:00,466.0,460,119,0.0,0.0,0.0,0.0,0.0,0.0,0.0,0.0,466.0,460,0.0,1.7730999999999995,9,0.0,466.0,466.0,466.0,455.4917,466.0
2026-05-02 10:00:00,466.0,466,120,0.0,0.0,0.0,0.0,0.0,0.0,0.0,0.0,466.0,466,0.0,0.0,10,0.0,466.0,466.0,466.0,454.6083,466.0
2026-05-02 11:00:00,466.0,466,120,0.0,0.0,0.0,0.0,0.0,0.0,0.0,0.0,466.0,466,0.0,0.0,11,0.0,466.0,466.0,466.0,454.5667,466.0
2026-05-02 12:00:00,466.0,466,119,0.0,0.0,0.0,0.0,0.0,0.0,0.0,0.0,466.0,466,0.0,0.0,12,0.0,466.0,466.0,465.5294,456.5583,466.0
2026-05-02 13:00:00,466.0,466,121,0.0,0.0,0.0,0.0,0.0,0.0,0.0,0.0,466.0,466,0.0,0.0,13,0.0,466.0,466.0,461.8908,458.0917,466.0
2026-05-02 14:00:00,466.0,456,120,0.0,0.0,0.0,0.0,0.0,0.0,0.0,0.0,466.0,456,0.0,0.0,14,0.0,466.0,466.0,459.0833,461.425,466.0
2026-05-02 15:00:00,466.0,455,120,0.0,0.0,0.0,0.0,0.0,0.0,0.0,0.0,466.0,455,0.0,0.0,15,0.0,466.0,465.5294,455.4917,457.0667,466.0
2026-05-02 16:00:00,466.0,454,119,0.0,0.0,0.0,0.0,0.0,0.0,0.0,0.0,466.0,454,0.0,0.0,16,0.0,466.0,461.8908,454.6083,457.2083,466.0
2026-05-02 17:00:00,466.0,455,120,0.0,0.0,0.0,0.0,0.0,0.0,0.0,0.0,466.0,455,0.0,0.0,17,0.0,465.5294,459.0833,454.5667,460.3917,466.0
2026-05-02 18:00:00,465.5294,453,119,0.0,0.0,0.0,0.0,0.0,0.0,0.0,0.0,465.5294,453,-0.47059999999999036,-0.47059999999999036,18,0.0,461.8908,455.4917,456.5583,460.6333,466.0
2026-05-02 19:00:00,461.8908,452,119,0.0,0.0,0.0,0.0,0.0,0.0,0.0,0.0,461.8908,452,-3.6385999999999967,-4.109199999999987,19,0.0,459.0833,454.6083,458.0917,466.0,466.0
2026-05-02 20:00:00,459.0833,451,120,0.0,0.0,0.0,0.0,0.0,0.0,0.0,0.0,459.0833,451,-2.8075000000000045,-6.916699999999992,20,0.0,455.4917,454.5667,461.425,466.0,466.0
2026-05-02 21:00:00,455.4917,452,120,0.0,0.0,0.0,0.0,0.0,0.0,0.0,0.0,455.4917,452,-3.591600000000028,-10.03770000000003,21,0.0,454.6083,456.5583,457.0667,466.0,466.0
2026-05-02 22:00:00,454.6083,451,120,0.0,0.0,0.0,0.0,0.0,0.0,0.0,0.0,454.6083,451,-0.8833999999999946,-7.282500000000027,22,0.0,454.5667,458.0917,457.2083,466.0,466.0
2026-05-02 23:00:00,454.5667,452,120,0.0,0.0,0.0,0.0,0.0,0.0,0.0,0.0,454.5667,452,-0.04159999999995989,-4.516599999999983,23,0.0,456.5583,461.425,460.3917,466.0,466.0
2026-05-03 00:00:00,456.5583,452,120,0.0,0.0,0.0,0.0,0.0,0.0,0.0,0.0,456.5583,452,1.9915999999999485,1.066599999999994,0,0.0,458.0917,457.0667,460.6333,466.0,466.0
2026-05-03 01:00:00,458.0917,452,120,0.0,0.0,0.0,0.0,0.0,0.0,0.0,0.0,458.0917,452,1.5334000000000287,3.4834000000000174,1,0.0,461.425,457.2083,466.0,466.0,466.0
2026-05-03 02:00:00,461.425,452,120,0.0,0.0,0.0,0.0,0.0,0.0,0.0,0.0,461.425,452,3.3333000000000084,6.858299999999986,2,0.0,457.0667,460.3917,466.0,466.0,460.5417
2026-05-03 03:00:00,457.0667,451,120,0.0,0.0,0.0,0.0,0.0,0.0,0.0,0.0,457.0667,451,-4.358299999999986,0.5084000000000515,3,0.0,457.2083,460.6333,466.0,466.0,457.0588
2026-05-03 04:00:00,457.2083,452,120,0.51,0.51,15.86,0.51,0.5100000000000213,0.5100000000000142,0.5100000000000133,0.51,457.2083,452,0.14159999999998263,-0.8833999999999946,4,15.86,460.3917,466.0,466.0,466.0,462.1667
2026-05-03 05:00:00,460.3917,452,120,0.51,0.51,44.831304,0.51,1.0200000000000213,1.0200000000000142,1.0200000000000133,0.51,460.3917,452,3.183400000000006,-1.033299999999997,5,44.831304,460.6333,466.0,466.0,466.0,464.6417
2026-05-03 06:00:00,460.6333,453,120,0.0,0.51,31.854783,0.0,1.0200000000000213,1.0200000000000142,1.0200000000000133,0.51,460.6333,453,0.24160000000000537,3.566599999999994,6,31.854783,466.0,466.0,466.0,466.0,465.8833
2026-05-03 07:00:00,466.0,458,120,0.0,0.51,0.0,0.0,0.5100000000000213,1.0200000000000142,1.0200000000000133,0.51,466.0,458,5.36669999999998,8.791699999999992,7,0.0,466.0,466.0,466.0,466.0,466.0
2026-05-03 08:00:00,466.0,466,120,0.0,0.51,0.0,0.0,0.0,1.0200000000000142,1.0200000000000133,0.51,466.0,466,0.0,5.608299999999986,8,0.0,466.0,466.0,466.0,466.0,466.0
2026-05-03 09:00:00,466.0,458,120,0.0,0.51,0.0,0.0,0.0,1.0200000000000142,1.0200000000000133,0.51,466.0,458,0.0,5.36669999999998,9,0.0,466.0,466.0,466.0,466.0,466.0
2026-05-03 10:00:00,466.0,459,120,0.0,0.51,0.0,0.0,0.0,0.5100000000000142,1.0200000000000133,0.51,466.0,459,0.0,0.0,10,0.0,466.0,466.0,466.0,466.0,466.0
2026-05-03 11:00:00,466.0,466,120,0.0,0.51,0.0,0.0,0.0,0.0,1.0200000000000133,0.51,466.0,466,0.0,0.0,11,0.0,466.0,466.0,466.0,466.0,466.0
2026-05-03 12:00:00,466.0,458,120,0.0,0.51,0.0,0.0,0.0,0.0,1.0200000000000133,0.51,466.0,458,0.0,0.0,12,0.0,466.0,466.0,466.0,466.0,466.0
2026-05-03 13:00:00,466.0,466,120,0.0,0.51,0.0,0.0,0.0,0.0,1.0200000000000133,0.51,466.0,466,0.0,0.0,13,0.0,466.0,466.0,466.0,466.0,466.0
2026-05-03 14:00:00,466.0,457,120,0.0,0.51,0.0,0.0,0.0,0.0,1.0200000000000133,0.51,466.0,457,0.0,0.0,14,0.0,466.0,466.0,466.0,460.5417,462.3583
2026-05-03 15:00:00,466.0,466,120,0.0,0.51,0.0,0.0,0.0,0.0,1.0200000000000133,0.51,466.0,466,0.0,0.0,15,0.0,466.0,466.0,466.0,457.0588,458.6833
2026-05-03 16:00:00,466.0,466,120,0.0,0.51,0.0,0.0,0.0,0.0,0.5100000000000133,0.51,466.0,466,0.0,0.0,16,0.0,466.0,466.0,466.0,462.1667,464.1333
2026-05-03 17:00:00,466.0,466,120,0.0,0.51,0.0,0.0,0.0,0.0,0.0,0.51,466.0,466,0.0,0.0,17,0.0,466.0,466.0,466.0,464.6417,465.7917
2026-05-03 18:00:00,466.0,466,120,0.0,0.51,0.0,0.0,0.0,0.0,0.0,0.51,466.0,466,0.0,0.0,18,0.0,466.0,466.0,466.0,465.8833,466.0
2026-05-03 19:00:00,466.0,466,119,0.0,0.51,0.0,0.0,0.0,0.0,0.0,0.51,466.0,466,0.0,0.0,19,0.0,466.0,466.0,466.0,466.0,466.0
2026-05-03 20:00:00,466.0,466,120,0.0,0.51,0.0,0.0,0.0,0.0,0.0,0.51,466.0,466,0.0,0.0,20,0.0,466.0,466.0,460.5417,466.0,466.0
2026-05-03 21:00:00,466.0,466,120,0.0,0.51,0.0,0.0,0.0,0.0,0.0,0.51,466.0,466,0.0,0.0,21,0.0,466.0,466.0,457.0588,466.0,466.0
2026-05-03 22:00:00,466.0,466,120,0.0,0.51,0.0,0.0,0.0,0.0,0.0,0.51,466.0,466,0.0,0.0,22,0.0,466.0,466.0,462.1667,466.0,466.0
2026-05-03 23:00:00,466.0,452,120,0.0,0.51,0.0,0.0,0.0,0.0,0.0,0.51,466.0,452,0.0,0.0,23,0.0,466.0,460.5417,464.6417,466.0,466.0
2026-05-04 00:00:00,466.0,466,119,0.0,0.51,0.0,0.0,0.0,0.0,0.0,0.51,466.0,466,0.0,0.0,0,0.0,466.0,457.0588,465.8833,466.0,466.0
2026-05-04 01:00:00,466.0,452,118,0.0,0.51,0.0,0.0,0.0,0.0,0.0,0.51,466.0,452,0.0,0.0,1,0.0,460.5417,462.1667,466.0,466.0,466.0
2026-05-04 02:00:00,460.5417,452,120,0.25,0.76,5.183333,0.25,0.2500000000000213,0.2500000000000142,0.2500000000000133,0.76,460.5417,452,-5.458300000000008,-5.458300000000008,2,5.183333,457.0588,464.6417,466.0,462.3583,466.0
2026-05-04 03:00:00,457.0588,451,119,0.25,0.76,80.282456,0.25,0.5000000000000213,0.5000000000000142,0.5000000000000133,0.76,457.0588,451,-3.4828999999999724,-8.94119999999998,3,80.282456,462.1667,465.8833,466.0,458.6833,466.0
2026-05-04 04:00:00,462.1667,452,120,0.0,0.76,95.921552,0.0,0.5000000000000213,0.5000000000000142,0.5000000000000133,0.76,462.1667,452,5.107899999999972,-3.8333000000000084,4,95.921552,464.6417,466.0,466.0,464.1333,466.0
2026-05-04 05:00:00,464.6417,453,120,0.0,0.25,99.750435,0.0,0.2500000000000213,0.5000000000000142,0.5000000000000133,0.25,464.6417,453,2.4750000000000227,4.100000000000023,5,99.750435,465.8833,466.0,466.0,465.7917,466.0
2026-05-04 06:00:00,465.8833,453,120,0.0,0.25,99.903478,0.0,0.0,0.5000000000000142,0.5000000000000133,0.25,465.8833,453,1.2416000000000054,8.8245,6,99.903478,466.0,466.0,466.0,466.0,466.0
2026-05-04 07:00:00,466.0,466,120,0.0,0.25,84.838793,0.0,0.0,0.5000000000000142,0.5000000000000133,0.25,466.0,466,0.11669999999998026,3.8333000000000084,7,84.838793,466.0,466.0,466.0,466.0,466.0
2026-05-04 08:00:00,466.0,466,120,0.0,0.25,0.110435,0.0,0.0,0.2500000000000142,0.5000000000000133,0.25,466.0,466,0.0,1.3582999999999856,8,0.110435,466.0,466.0,462.3583,466.0,466.0
2026-05-04 09:00:00,466.0,466,120,0.0,0.25,0.0,0.0,0.0,0.0,0.5000000000000133,0.25,466.0,466,0.0,0.11669999999998026,9,0.0,466.0,466.0,458.6833,466.0,466.0
2026-05-04 10:00:00,466.0,466,120,0.0,0.25,0.0,0.0,0.0,0.0,0.5000000000000133,0.25,466.0,466,0.0,0.0,10,0.0,466.0,466.0,464.1333,466.0,466.0
2026-05-04 11:00:00,466.0,466,120,0.0,0.25,0.0,0.0,0.0,0.0,0.5000000000000133,0.25,466.0,466,0.0,0.0,11,0.0,466.0,462.3583,465.7917,466.0,466.0
2026-05-04 12:00:00,466.0,466,120,0.0,0.25,0.0,0.0,0.0,0.0,0.5000000000000133,0.25,466.0,466,0.0,0.0,12,0.0,466.0,458.6833,466.0,466.0,466.0
2026-05-04 13:00:00,466.0,465,120,0.0,0.25,0.0,0.0,0.0,0.0,0.5000000000000133,0.25,466.0,465,0.0,0.0,13,0.0,462.3583,464.1333,466.0,466.0,466.0
2026-05-04 14:00:00,462.3583,459,120,0.0,0.25,0.0,0.0,0.0,0.0,0.2500000000000133,0.25,462.3583,459,-3.6417000000000144,-3.6417000000000144,14,0.0,458.6833,465.7917,466.0,466.0,466.0
2026-05-04 15:00:00,458.6833,456,120,0.0,0.25,0.0,0.0,0.0,0.0,0.0,0.25,458.6833,456,-3.6750000000000114,-7.316700000000026,15,0.0,464.1333,466.0,466.0,466.0,466.0
2026-05-04 16:00:00,464.1333,462,120,0.0,0.25,0.0,0.0,0.0,0.0,0.0,0.25,464.1333,462,5.4500000000000455,-1.8666999999999803,16,0.0,465.7917,466.0,466.0,466.0,466.0
2026-05-04 17:00:00,465.7917,465,120,0.0,0.25,0.0,0.0,0.0,0.0,0.0,0.25,465.7917,465,1.658399999999972,3.433400000000006,17,0.0,466.0,466.0,466.0,466.0,466.0
2026-05-04 18:00:00,466.0,466,120,0.0,0.25,0.0,0.0,0.0,0.0,0.0,0.25,466.0,466,0.20830000000000837,7.316700000000026,18,0.0,466.0,466.0,466.0,466.0,466.0
2026-05-04 19:00:00,466.0,466,120,0.0,0.25,0.0,0.0,0.0,0.0,0.0,0.25,466.0,466,0.0,1.8666999999999803,19,0.0,466.0,466.0,466.0,466.0,466.0
2026-05-04 20:00:00,466.0,466,120,0.0,0.25,0.0,0.0,0.0,0.0,0.0,0.25,466.0,466,0.0,0.20830000000000837,20,0.0,466.0,466.0,466.0,466.0,466.0
2026-05-04 21:00:00,466.0,466,120,0.0,0.25,0.0,0.0,0.0,0.0,0.0,0.25,466.0,466,0.0,0.0,21,0.0,466.0,466.0,466.0,466.0,466.0
2026-05-04 22:00:00,466.0,466,120,0.0,0.25,0.0,0.0,0.0,0.0,0.0,0.25,466.0,466,0.0,0.0,22,0.0,466.0,466.0,466.0,466.0,466.0
2026-05-04 23:00:00,466.0,466,120,0.0,0.25,0.0,0.0,0.0,0.0,0.0,0.25,466.0,466,0.0,0.0,23,0.0,466.0,466.0,466.0,466.0,466.0
2026-05-05 00:00:00,466.0,466,120,0.0,0.25,0.0,0.0,0.0,0.0,0.0,0.25,466.0,466,0.0,0.0,0,0.0,466.0,466.0,466.0,466.0,466.0
2026-05-05 01:00:00,466.0,466,120,0.0,0.25,0.0,0.0,0.0,0.0,0.0,0.25,466.0,466,0.0,0.0,1,0.0,466.0,466.0,466.0,466.0,466.0
2026-05-05 02:00:00,466.0,466,120,0.0,0.25,0.0,0.0,0.0,0.0,0.0,0.25,466.0,466,0.0,0.0,2,0.0,466.0,466.0,466.0,466.0,466.0
2026-05-05 03:00:00,466.0,466,120,0.0,0.0,0.0,0.0,0.0,0.0,0.0,0.0,466.0,466,0.0,0.0,3,0.0,466.0,466.0,466.0,466.0,466.0
2026-05-05 04:00:00,466.0,466,118,0.0,0.0,0.0,0.0,0.0,0.0,0.0,0.0,466.0,466,0.0,0.0,4,0.0,466.0,466.0,466.0,466.0,466.0
2026-05-05 05:00:00,466.0,466,118,0.0,0.0,35.05,0.0,0.0,0.0,0.0,0.0,466.0,466,0.0,0.0,5,35.05,466.0,466.0,466.0,466.0,466.0
2026-05-05 06:00:00,466.0,466,120,0.0,0.0,40.577586,0.0,0.0,0.0,0.0,0.0,466.0,466,0.0,0.0,6,40.577586,466.0,466.0,466.0,466.0,466.0
2026-05-05 07:00:00,466.0,466,120,0.0,0.0,0.0,0.0,0.0,0.0,0.0,0.0,466.0,466,0.0,0.0,7,0.0,466.0,466.0,466.0,466.0,466.0
2026-05-05 08:00:00,466.0,466,119,0.0,0.0,0.0,0.0,0.0,0.0,0.0,0.0,466.0,466,0.0,0.0,8,0.0,466.0,466.0,466.0,466.0,466.0
2026-05-05 09:00:00,466.0,466,118,0.0,0.0,0.0,0.0,0.0,0.0,0.0,0.0,466.0,466,0.0,0.0,9,0.0,466.0,466.0,466.0,466.0,466.0
2026-05-05 10:00:00,466.0,466,120,0.0,0.0,0.0,0.0,0.0,0.0,0.0,0.0,466.0,466,0.0,0.0,10,0.0,466.0,466.0,466.0,466.0,466.0
2026-05-05 11:00:00,466.0,466,118,0.0,0.0,0.0,0.0,0.0,0.0,0.0,0.0,466.0,466,0.0,0.0,11,0.0,466.0,466.0,466.0,466.0,466.0
2026-05-05 12:00:00,466.0,466,119,0.0,0.0,0.0,0.0,0.0,0.0,0.0,0.0,466.0,466,0.0,0.0,12,0.0,466.0,466.0,466.0,466.0,466.0
2026-05-05 13:00:00,466.0,466,120,0.0,0.0,0.0,0.0,0.0,0.0,0.0,0.0,466.0,466,0.0,0.0,13,0.0,466.0,466.0,466.0,466.0,466.0
2026-05-05 14:00:00,466.0,466,120,0.0,0.0,0.0,0.0,0.0,0.0,0.0,0.0,466.0,466,0.0,0.0,14,0.0,466.0,466.0,466.0,466.0,466.0
2026-05-05 15:00:00,466.0,466,120,0.0,0.0,0.0,0.0,0.0,0.0,0.0,0.0,466.0,466,0.0,0.0,15,0.0,466.0,466.0,466.0,466.0,466.0
2026-05-05 16:00:00,466.0,466,120,0.0,0.0,0.0,0.0,0.0,0.0,0.0,0.0,466.0,466,0.0,0.0,16,0.0,466.0,466.0,466.0,466.0,466.0
2026-05-05 17:00:00,466.0,466,119,0.0,0.0,0.0,0.0,0.0,0.0,0.0,0.0,466.0,466,0.0,0.0,17,0.0,466.0,466.0,466.0,466.0,466.0
2026-05-05 18:00:00,466.0,466,120,0.0,0.0,0.0,0.0,0.0,0.0,0.0,0.0,466.0,466,0.0,0.0,18,0.0,466.0,466.0,466.0,466.0,466.0
2026-05-05 19:00:00,466.0,466,119,0.0,0.0,0.0,0.0,0.0,0.0,0.0,0.0,466.0,466,0.0,0.0,19,0.0,466.0,466.0,466.0,466.0,466.0
2026-05-05 20:00:00,466.0,466,120,0.0,0.0,0.0,0.0,0.0,0.0,0.0,0.0,466.0,466,0.0,0.0,20,0.0,466.0,466.0,466.0,466.0,466.0
2026-05-05 21:00:00,466.0,466,120,0.0,0.0,0.0,0.0,0.0,0.0,0.0,0.0,466.0,466,0.0,0.0,21,0.0,466.0,466.0,466.0,466.0,466.0
2026-05-05 22:00:00,466.0,466,120,0.0,0.0,0.0,0.0,0.0,0.0,0.0,0.0,466.0,466,0.0,0.0,22,0.0,466.0,466.0,466.0,466.0,466.0
2026-05-05 23:00:00,466.0,466,120,0.0,0.0,0.0,0.0,0.0,0.0,0.0,0.0,466.0,466,0.0,0.0,23,0.0,466.0,466.0,466.0,466.0,466.0
2026-05-06 00:00:00,466.0,466,120,0.0,0.0,0.0,0.0,0.0,0.0,0.0,0.0,466.0,466,0.0,0.0,0,0.0,466.0,466.0,466.0,466.0,466.0
2026-05-06 01:00:00,466.0,466,120,0.0,0.0,0.0,0.0,0.0,0.0,0.0,0.0,466.0,466,0.0,0.0,1,0.0,466.0,466.0,466.0,466.0,466.0
2026-05-06 02:00:00,466.0,466,120,0.0,0.0,0.0,0.0,0.0,0.0,0.0,0.0,466.0,466,0.0,0.0,2,0.0,466.0,466.0,466.0,466.0,466.0
2026-05-06 03:00:00,466.0,466,119,0.0,0.0,0.0,0.0,0.0,0.0,0.0,0.0,466.0,466,0.0,0.0,3,0.0,466.0,466.0,466.0,466.0,466.0
2026-05-06 04:00:00,466.0,466,120,0.25,0.25,0.0,0.25,0.2500000000000213,0.2500000000000142,0.2500000000000133,0.25,466.0,466,0.0,0.0,4,0.0,466.0,466.0,466.0,466.0,466.0
2026-05-06 05:00:00,466.0,466,120,0.25,0.25,60.202632,0.25,0.5000000000000213,0.5000000000000142,0.5000000000000133,0.25,466.0,466,0.0,0.0,5,60.202632,466.0,466.0,466.0,466.0,466.0
2026-05-06 06:00:00,466.0,466,119,0.0,0.25,55.933913,0.0,0.5000000000000213,0.5000000000000142,0.5000000000000133,0.25,466.0,466,0.0,0.0,6,55.933913,466.0,466.0,466.0,466.0,466.0
2026-05-06 07:00:00,466.0,466,120,0.0,0.25,0.0,0.0,0.2500000000000213,0.5000000000000142,0.5000000000000133,0.25,466.0,466,0.0,0.0,7,0.0,466.0,466.0,466.0,466.0,466.0
2026-05-06 08:00:00,466.0,466,120,0.0,0.25,0.0,0.0,0.0,0.5000000000000142,0.5000000000000133,0.25,466.0,466,0.0,0.0,8,0.0,466.0,466.0,466.0,466.0,466.0
2026-05-06 09:00:00,466.0,466,117,0.0,0.25,0.0,0.0,0.0,0.5000000000000142,0.5000000000000133,0.25,466.0,466,0.0,0.0,9,0.0,466.0,466.0,466.0,466.0,466.0
2026-05-06 10:00:00,466.0,466,120,0.0,0.25,0.0,0.0,0.0,0.2500000000000142,0.5000000000000133,0.25,466.0,466,0.0,0.0,10,0.0,466.0,466.0,466.0,466.0,466.0
2026-05-06 11:00:00,466.0,466,118,0.0,0.25,0.0,0.0,0.0,0.0,0.5000000000000133,0.25,466.0,466,0.0,0.0,11,0.0,466.0,466.0,466.0,466.0,466.0
2026-05-06 12:00:00,466.0,466,120,0.0,0.25,0.0,0.0,0.0,0.0,0.5000000000000133,0.25,466.0,466,0.0,0.0,12,0.0,466.0,466.0,466.0,466.0,466.0
2026-05-06 13:00:00,466.0,466,120,0.0,0.25,0.0,0.0,0.0,0.0,0.5000000000000133,0.25,466.0,466,0.0,0.0,13,0.0,466.0,466.0,466.0,466.0,466.0
2026-05-06 14:00:00,466.0,466,120,0.0,0.25,0.0,0.0,0.0,0.0,0.5000000000000133,0.25,466.0,466,0.0,0.0,14,0.0,466.0,466.0,466.0,466.0,466.0
2026-05-06 15:00:00,466.0,466,120,0.0,0.25,0.0,0.0,0.0,0.0,0.5000000000000133,0.25,466.0,466,0.0,0.0,15,0.0,466.0,466.0,466.0,466.0,466.0
2026-05-06 16:00:00,466.0,466,119,0.0,0.25,0.0,0.0,0.0,0.0,0.2500000000000133,0.25,466.0,466,0.0,0.0,16,0.0,466.0,466.0,466.0,466.0,466.0
2026-05-06 17:00:00,466.0,466,120,0.0,0.25,0.0,0.0,0.0,0.0,0.0,0.25,466.0,466,0.0,0.0,17,0.0,466.0,466.0,466.0,466.0,466.0
2026-05-06 18:00:00,466.0,466,119,0.0,0.25,0.0,0.0,0.0,0.0,0.0,0.25,466.0,466,0.0,0.0,18,0.0,466.0,466.0,466.0,466.0,466.0
2026-05-06 19:00:00,466.0,466,119,0.0,0.25,0.0,0.0,0.0,0.0,0.0,0.25,466.0,466,0.0,0.0,19,0.0,466.0,466.0,466.0,466.0,466.0
2026-05-06 20:00:00,466.0,466,120,0.0,0.25,0.0,0.0,0.0,0.0,0.0,0.25,466.0,466,0.0,0.0,20,0.0,466.0,466.0,466.0,466.0,466.0
2026-05-06 21:00:00,466.0,466,120,0.0,0.25,0.0,0.0,0.0,0.0,0.0,0.25,466.0,466,0.0,0.0,21,0.0,466.0,466.0,466.0,466.0,466.0
2026-05-06 22:00:00,466.0,466,120,0.0,0.25,0.0,0.0,0.0,0.0,0.0,0.25,466.0,466,0.0,0.0,22,0.0,466.0,466.0,466.0,466.0,466.0
2026-05-06 23:00:00,466.0,466,120,0.0,0.25,0.0,0.0,0.0,0.0,0.0,0.25,466.0,466,0.0,0.0,23,0.0,466.0,466.0,466.0,466.0,466.0
2026-05-07 00:00:00,466.0,466,119,0.0,0.25,0.0,0.0,0.0,0.0,0.0,0.25,466.0,466,0.0,0.0,0,0.0,466.0,466.0,466.0,466.0,466.0
2026-05-07 01:00:00,466.0,466,120,0.0,0.25,3.616522,0.0,0.0,0.0,0.0,0.25,466.0,466,0.0,0.0,1,3.616522,466.0,466.0,466.0,466.0,456.2857
2026-05-07 02:00:00,466.0,466,120,0.0,0.25,70.085345,0.0,0.0,0.0,0.0,0.25,466.0,466,0.0,0.0,2,70.085345,466.0,466.0,466.0,466.0,463.6695
2026-05-07 03:00:00,466.0,466,120,0.0,0.25,68.937391,0.0,0.0,0.0,0.0,0.25,466.0,466,0.0,0.0,3,68.937391,466.0,466.0,466.0,466.0,466.0
2026-05-07 04:00:00,466.0,466,120,0.0,0.25,65.533913,0.0,0.0,0.0,0.0,0.25,466.0,466,0.0,0.0,4,65.533913,466.0,466.0,466.0,466.0,466.0
2026-05-07 05:00:00,466.0,466,120,0.0,0.0,67.49138,0.0,0.0,0.0,0.0,0.0,466.0,466,0.0,0.0,5,67.49138,466.0,466.0,466.0,466.0,466.0
2026-05-07 06:00:00,466.0,466,120,0.0,0.0,21.817391,0.0,0.0,0.0,0.0,0.0,466.0,466,0.0,0.0,6,21.817391,466.0,466.0,466.0,466.0,466.0
2026-05-07 07:00:00,466.0,466,120,0.0,0.0,0.0,0.0,0.0,0.0,0.0,0.0,466.0,466,0.0,0.0,7,0.0,466.0,466.0,466.0,466.0,466.0
2026-05-07 08:00:00,466.0,466,119,0.0,0.0,0.0,0.0,0.0,0.0,0.0,0.0,466.0,466,0.0,0.0,8,0.0,466.0,466.0,466.0,466.0,466.0
2026-05-07 09:00:00,466.0,466,119,0.0,0.0,0.0,0.0,0.0,0.0,0.0,0.0,466.0,466,0.0,0.0,9,0.0,466.0,466.0,466.0,466.0,466.0
2026-05-07 10:00:00,466.0,466,120,0.0,0.0,0.0,0.0,0.0,0.0,0.0,0.0,466.0,466,0.0,0.0,10,0.0,466.0,466.0,466.0,466.0,466.0
2026-05-07 11:00:00,466.0,466,120,0.0,0.0,0.0,0.0,0.0,0.0,0.0,0.0,466.0,466,0.0,0.0,11,0.0,466.0,466.0,466.0,466.0,463.9417
2026-05-07 12:00:00,466.0,466,120,0.0,0.0,0.0,0.0,0.0,0.0,0.0,0.0,466.0,466,0.0,0.0,12,0.0,466.0,466.0,466.0,466.0,459.7917
2026-05-07 13:00:00,466.0,466,120,0.0,0.0,0.0,0.0,0.0,0.0,0.0,0.0,466.0,466,0.0,0.0,13,0.0,466.0,466.0,466.0,456.2857,456.4917
2026-05-07 14:00:00,466.0,466,120,0.0,0.0,0.0,0.0,0.0,0.0,0.0,0.0,466.0,466,0.0,0.0,14,0.0,466.0,466.0,466.0,463.6695,463.325
2026-05-07 15:00:00,466.0,466,120,0.0,0.0,0.0,0.0,0.0,0.0,0.0,0.0,466.0,466,0.0,0.0,15,0.0,466.0,466.0,466.0,466.0,466.0
2026-05-07 16:00:00,466.0,466,120,0.0,0.0,0.0,0.0,0.0,0.0,0.0,0.0,466.0,466,0.0,0.0,16,0.0,466.0,466.0,466.0,466.0,466.0
2026-05-07 17:00:00,466.0,466,120,0.0,0.0,0.0,0.0,0.0,0.0,0.0,0.0,466.0,466,0.0,0.0,17,0.0,466.0,466.0,466.0,466.0,466.0
2026-05-07 18:00:00,466.0,466,120,0.0,0.0,0.0,0.0,0.0,0.0,0.0,0.0,466.0,466,0.0,0.0,18,0.0,466.0,466.0,466.0,466.0,466.0
2026-05-07 19:00:00,466.0,466,120,0.0,0.0,0.0,0.0,0.0,0.0,0.0,0.0,466.0,466,0.0,0.0,19,0.0,466.0,466.0,456.2857,466.0,466.0
2026-05-07 20:00:00,466.0,466,117,0.0,0.0,0.0,0.0,0.0,0.0,0.0,0.0,466.0,466,0.0,0.0,20,0.0,466.0,466.0,463.6695,466.0,466.0
2026-05-07 21:00:00,466.0,466,113,0.0,0.0,0.0,0.0,0.0,0.0,0.0,0.0,466.0,466,0.0,0.0,21,0.0,466.0,466.0,466.0,466.0,466.0
2026-05-07 22:00:00,466.0,466,120,0.0,0.0,0.0,0.0,0.0,0.0,0.0,0.0,466.0,466,0.0,0.0,22,0.0,466.0,456.2857,466.0,466.0,466.0
2026-05-07 23:00:00,466.0,466,120,0.0,0.0,0.0,0.0,0.0,0.0,0.0,0.0,466.0,466,0.0,0.0,23,0.0,466.0,463.6695,466.0,463.9417,466.0
2026-05-08 00:00:00,466.0,466,97,0.0,0.0,0.0,0.0,0.0,0.0,0.0,0.0,466.0,466,0.0,0.0,0,0.0,456.2857,466.0,466.0,459.7917,466.0
2026-05-12 16:00:00,456.2857,456,21,1.02,1.02,9.0,1.02,1.0200000000000213,1.0200000000000142,1.0200000000000133,1.02,456.2857,456,-9.71429999999998,-9.71429999999998,16,9.0,463.6695,466.0,466.0,456.4917,466.0
2026-05-12 17:00:00,463.6695,459,118,24.38,24.38,0.0,24.38,25.40000000000002,25.400000000000013,25.400000000000013,24.38,463.6695,459,7.383800000000008,-2.3304999999999723,17,0.0,466.0,466.0,466.0,463.325,466.0
2026-05-12 18:00:00,466.0,466,120,3.05,3.05,0.0,3.05,28.45000000000002,28.450000000000014,28.450000000000014,3.05,466.0,466,2.3304999999999723,0.0,18,0.0,466.0,466.0,466.0,466.0,466.0
2026-05-12 19:00:00,466.0,466,119,0.0,3.05,0.0,0.0,27.43000000000002,28.450000000000014,28.450000000000014,3.05,466.0,466,0.0,9.71429999999998,19,0.0,466.0,466.0,466.0,466.0,466.0
2026-05-12 20:00:00,466.0,466,120,0.0,3.05,0.0,0.0,3.050000000000021,28.450000000000014,28.450000000000014,3.05,466.0,466,0.0,2.3304999999999723,20,0.0,466.0,466.0,463.9417,466.0,466.0
2026-05-12 21:00:00,466.0,466,120,0.0,3.05,0.0,0.0,0.0,28.450000000000014,28.450000000000014,3.05,466.0,466,0.0,0.0,21,0.0,466.0,466.0,459.7917,466.0,466.0
2026-05-12 22:00:00,466.0,466,120,0.0,3.05,0.0,0.0,0.0,27.430000000000014,28.450000000000014,3.05,466.0,466,0.0,0.0,22,0.0,466.0,466.0,456.4917,466.0,466.0
2026-05-12 23:00:00,466.0,466,120,0.0,3.05,0.0,0.0,0.0,3.050000000000014,28.450000000000014,3.05,466.0,466,0.0,0.0,23,0.0,466.0,463.9417,463.325,466.0,466.0
2026-05-13 00:00:00,466.0,466,120,0.0,3.05,0.0,0.0,0.0,0.0,28.450000000000014,3.05,466.0,466,0.0,0.0,0,0.0,466.0,459.7917,466.0,466.0,466.0
2026-05-13 01:00:00,466.0,466,120,0.0,3.05,0.0,0.0,0.0,0.0,28.450000000000014,3.05,466.0,466,0.0,0.0,1,0.0,463.9417,456.4917,466.0,466.0,466.0
2026-05-13 02:00:00,463.9417,461,120,0.0,3.05,0.0,0.0,0.0,0.0,28.450000000000014,3.05,463.9417,461,-2.0582999999999743,-2.0582999999999743,2,0.0,459.7917,463.325,466.0,466.0,464.0167
2026-05-13 03:00:00,459.7917,458,120,0.0,3.05,0.0,0.0,0.0,0.0,28.450000000000014,3.05,459.7917,458,-4.150000000000034,-6.208300000000008,3,0.0,456.4917,466.0,466.0,466.0,458.7667
2026-05-13 04:00:00,456.4917,454,120,0.0,3.05,0.0,0.0,0.0,0.0,27.430000000000014,3.05,456.4917,454,-3.3000000000000114,-9.50830000000002,4,0.0,463.325,466.0,466.0,466.0,462.9417
2026-05-13 05:00:00,463.325,459,120,0.0,3.05,0.0,0.0,0.0,0.0,3.050000000000014,3.05,463.325,459,6.833300000000008,-0.6167000000000371,5,0.0,466.0,466.0,466.0,466.0,466.0
2026-05-13 06:00:00,466.0,466,120,0.0,3.05,37.342105,0.0,0.0,0.0,0.0,3.05,466.0,466,2.6750000000000114,6.208300000000008,6,37.342105,466.0,466.0,466.0,466.0,466.0
2026-05-13 07:00:00,466.0,466,120,0.0,3.05,97.278261,0.0,0.0,0.0,0.0,3.05,466.0,466,0.0,9.50830000000002,7,97.278261,466.0,466.0,466.0,466.0,466.0
2026-05-13 08:00:00,466.0,466,120,0.0,3.05,80.06087,0.0,0.0,0.0,0.0,3.05,466.0,466,0.0,2.6750000000000114,8,80.06087,466.0,466.0,466.0,466.0,466.0
2026-05-13 10:00:00,466.0,466,120,0.0,3.05,0.0,0.0,0.0,0.0,0.0,3.05,466.0,466,0.0,0.0,10,0.0,466.0,466.0,466.0,466.0,466.0
2026-05-13 11:00:00,466.0,466,120,0.0,3.05,0.0,0.0,0.0,0.0,0.0,3.05,466.0,466,0.0,0.0,11,0.0,466.0,466.0,466.0,466.0,466.0
2026-05-13 12:00:00,466.0,466,120,0.0,3.05,0.0,0.0,0.0,0.0,0.0,3.05,466.0,466,0.0,0.0,12,0.0,466.0,466.0,466.0,466.0,466.0
2026-05-13 13:00:00,466.0,466,120,0.0,3.05,0.0,0.0,0.0,0.0,0.0,3.05,466.0,466,0.0,0.0,13,0.0,466.0,466.0,466.0,466.0,466.0
2026-05-13 14:00:00,466.0,466,120,0.0,3.05,0.0,0.0,0.0,0.0,0.0,3.05,466.0,466,0.0,0.0,14,0.0,466.0,466.0,466.0,466.0,466.0
2026-05-13 15:00:00,466.0,466,120,0.0,3.05,0.0,0.0,0.0,0.0,0.0,3.05,466.0,466,0.0,0.0,15,0.0,466.0,466.0,466.0,464.0167,466.0
2026-05-13 16:00:00,466.0,466,119,0.0,3.05,0.0,0.0,0.0,0.0,0.0,3.05,466.0,466,0.0,0.0,16,0.0,466.0,466.0,466.0,458.7667,466.0
2026-05-13 17:00:00,466.0,466,120,0.0,3.05,5.12069,0.0,0.0,0.0,0.0,3.05,466.0,466,0.0,0.0,17,5.12069,466.0,466.0,466.0,462.9417,466.0
2026-05-13 18:00:00,466.0,466,120,0.0,0.0,99.0,0.0,0.0,0.0,0.0,0.0,466.0,466,0.0,0.0,18,99.0,466.0,466.0,466.0,466.0,466.0
2026-05-13 19:00:00,466.0,466,120,0.0,0.0,99.0,0.0,0.0,0.0,0.0,0.0,466.0,466,0.0,0.0,19,99.0,466.0,466.0,466.0,466.0,466.0
2026-05-13 20:00:00,466.0,466,120,0.0,0.0,99.0,0.0,0.0,0.0,0.0,0.0,466.0,466,0.0,0.0,20,99.0,466.0,466.0,466.0,466.0,466.0
2026-05-13 21:00:00,466.0,466,120,0.0,0.0,99.0,0.0,0.0,0.0,0.0,0.0,466.0,466,0.0,0.0,21,99.0,466.0,466.0,464.0167,466.0,465.9333
2026-05-13 22:00:00,466.0,466,120,0.0,0.0,99.0,0.0,0.0,0.0,0.0,0.0,466.0,466,0.0,0.0,22,99.0,466.0,466.0,458.7667,466.0,465.6
2026-05-13 23:00:00,466.0,466,120,0.0,0.0,99.0,0.0,0.0,0.0,0.0,0.0,466.0,466,0.0,0.0,23,99.0,466.0,466.0,462.9417,466.0,466.0
2026-05-14 00:00:00,466.0,466,120,0.0,0.0,99.0,0.0,0.0,0.0,0.0,0.0,466.0,466,0.0,0.0,0,99.0,466.0,464.0167,466.0,466.0,465.4833
2026-05-14 01:00:00,466.0,466,120,0.0,0.0,99.0,0.0,0.0,0.0,0.0,0.0,466.0,466,0.0,0.0,1,99.0,466.0,458.7667,466.0,466.0,463.6864
2026-05-14 02:00:00,466.0,466,120,0.0,0.0,99.0,0.0,0.0,0.0,0.0,0.0,466.0,466,0.0,0.0,2,99.0,464.0167,462.9417,466.0,466.0,464.6
2026-05-14 03:00:00,464.0167,461,120,0.0,0.0,60.26087,0.0,0.0,0.0,0.0,0.0,464.0167,461,-1.9832999999999856,-1.9832999999999856,3,60.26087,458.7667,466.0,466.0,466.0,464.7833
2026-05-14 04:00:00,458.7667,457,120,0.0,0.0,0.0,0.0,0.0,0.0,0.0,0.0,458.7667,457,-5.25,-7.233299999999986,4,0.0,462.9417,466.0,466.0,466.0,465.125
2026-05-14 05:00:00,462.9417,458,120,0.0,0.0,0.0,0.0,0.0,0.0,0.0,0.0,462.9417,458,4.175000000000011,-3.0582999999999743,5,0.0,466.0,466.0,466.0,466.0,465.9417
2026-05-14 06:00:00,466.0,466,120,0.0,0.0,42.552632,0.0,0.0,0.0,0.0,0.0,466.0,466,3.0582999999999743,1.9832999999999856,6,42.552632,466.0,466.0,466.0,466.0,466.0
2026-05-14 07:00:00,466.0,466,120,0.0,0.0,0.0,0.0,0.0,0.0,0.0,0.0,466.0,466,0.0,7.233299999999986,7,0.0,466.0,466.0,466.0,466.0,466.0
2026-05-14 08:00:00,466.0,466,120,0.0,0.0,0.0,0.0,0.0,0.0,0.0,0.0,466.0,466,0.0,3.0582999999999743,8,0.0,466.0,466.0,466.0,466.0,466.0
2026-05-14 09:00:00,466.0,466,120,0.0,0.0,0.0,0.0,0.0,0.0,0.0,0.0,466.0,466,0.0,0.0,9,0.0,466.0,466.0,466.0,465.9333,466.0
2026-05-14 10:00:00,466.0,466,120,0.0,0.0,0.0,0.0,0.0,0.0,0.0,0.0,466.0,466,0.0,0.0,10,0.0,466.0,466.0,466.0,465.6,466.0
2026-05-14 11:00:00,466.0,466,120,0.0,0.0,0.0,0.0,0.0,0.0,0.0,0.0,466.0,466,0.0,0.0,11,0.0,466.0,466.0,466.0,466.0,466.0
2026-05-14 12:00:00,466.0,466,120,0.0,0.0,0.0,0.0,0.0,0.0,0.0,0.0,466.0,466,0.0,0.0,12,0.0,466.0,466.0,466.0,465.4833,466.0
2026-05-14 13:00:00,466.0,466,120,0.0,0.0,0.0,0.0,0.0,0.0,0.0,0.0,466.0,466,0.0,0.0,13,0.0,466.0,466.0,466.0,463.6864,466.0
2026-05-14 14:00:00,466.0,466,120,0.0,0.0,0.0,0.0,0.0,0.0,0.0,0.0,466.0,466,0.0,0.0,14,0.0,466.0,466.0,466.0,464.6,466.0
2026-05-14 15:00:00,466.0,466,120,0.0,0.0,0.0,0.0,0.0,0.0,0.0,0.0,466.0,466,0.0,0.0,15,0.0,466.0,466.0,465.9333,464.7833,466.0
2026-05-14 16:00:00,466.0,466,119,0.0,0.0,0.0,0.0,0.0,0.0,0.0,0.0,466.0,466,0.0,0.0,16,0.0,466.0,466.0,465.6,465.125,466.0
2026-05-14 17:00:00,466.0,466,120,0.0,0.0,0.0,0.0,0.0,0.0,0.0,0.0,466.0,466,0.0,0.0,17,0.0,466.0,466.0,466.0,465.9417,466.0
2026-05-14 18:00:00,466.0,466,120,0.0,0.0,40.660714,0.0,0.0,0.0,0.0,0.0,466.0,466,0.0,0.0,18,40.660714,466.0,465.9333,465.4833,466.0,466.0
2026-05-14 19:00:00,466.0,466,120,0.0,0.0,0.868421,0.0,0.0,0.0,0.0,0.0,466.0,466,0.0,0.0,19,0.868421,466.0,465.6,463.6864,466.0,466.0
2026-05-14 20:00:00,466.0,466,120,0.25,0.25,0.0,0.25,0.2500000000000213,0.2500000000000142,0.2500000000000142,0.25,466.0,466,0.0,0.0,20,0.0,465.9333,466.0,464.6,466.0,466.0
2026-05-14 21:00:00,465.9333,465,120,0.25,0.25,0.0,0.25,0.5000000000000213,0.5000000000000142,0.5000000000000142,0.25,465.9333,465,-0.06670000000002574,-0.06670000000002574,21,0.0,465.6,465.4833,464.7833,466.0,466.0
2026-05-14 22:00:00,465.6,465,120,0.0,0.25,0.0,0.0,0.5000000000000213,0.5000000000000142,0.5000000000000142,0.25,465.6,465,-0.3332999999999515,-0.39999999999997726,22,0.0,466.0,463.6864,465.125,466.0,466.0
2026-05-14 23:00:00,466.0,465,120,0.0,0.25,0.0,0.0,0.2500000000000213,0.5000000000000142,0.5000000000000142,0.25,466.0,465,0.39999999999997726,0.0,23,0.0,465.4833,464.6,465.9417,466.0,466.0
2026-05-15 00:00:00,465.4833,463,120,0.0,0.25,0.0,0.0,0.0,0.5000000000000142,0.5000000000000142,0.25,465.4833,463,-0.5167000000000144,-0.44999999999998863,0,0.0,463.6864,464.7833,466.0,466.0,466.0
2026-05-15 01:00:00,463.6864,463,118,0.0,0.25,0.0,0.0,0.0,0.5000000000000142,0.5000000000000142,0.25,463.6864,463,-1.7968999999999937,-1.9136000000000308,1,0.0,464.6,465.125,466.0,466.0,466.0
2026-05-15 02:00:00,464.6,435,120,0.0,0.25,23.49469,0.0,0.0,0.2500000000000142,0.5000000000000142,0.25,464.6,435,0.9136000000000308,-1.3999999999999773,2,23.49469,464.7833,465.9417,466.0,466.0,466.0
2026-05-15 03:00:00,464.7833,455,120,0.0,0.25,61.317241,0.0,0.0,0.0,0.5000000000000142,0.25,464.7833,455,0.18329999999997426,-0.6999999999999886,3,61.317241,465.125,466.0,466.0,466.0,466.0
2026-05-15 04:00:00,465.125,454,120,0.0,0.25,86.166087,0.0,0.0,0.0,0.5000000000000142,0.25,465.125,454,0.341700000000003,1.438600000000008,4,86.166087,465.9417,466.0,466.0,466.0,466.0
2026-05-15 05:00:00,465.9417,465,120,0.0,0.25,99.026957,0.0,0.0,0.0,0.5000000000000142,0.25,465.9417,465,0.8167000000000257,1.341700000000003,5,99.026957,466.0,466.0,466.0,466.0,466.0
2026-05-15 06:00:00,466.0,466,120,0.0,0.25,100.0,0.0,0.0,0.0,0.5000000000000142,0.25,466.0,466,0.05829999999997426,1.216700000000003,6,100.0,466.0,466.0,466.0,466.0,466.0
2026-05-15 07:00:00,466.0,466,120,0.0,0.25,99.0,0.0,0.0,0.0,0.5000000000000142,0.25,466.0,466,0.0,0.875,7,99.0,466.0,466.0,466.0,466.0,466.0
2026-05-15 08:00:00,466.0,466,120,0.0,0.25,62.091262,0.0,0.0,0.0,0.2500000000000142,0.25,466.0,466,0.0,0.05829999999997426,8,62.091262,466.0,466.0,466.0,466.0,466.0
2026-05-15 09:00:00,466.0,466,120,0.0,0.25,0.0,0.0,0.0,0.0,0.0,0.25,466.0,466,0.0,0.0,9,0.0,466.0,466.0,466.0,466.0,466.0
2026-05-15 10:00:00,466.0,466,119,0.0,0.25,0.0,0.0,0.0,0.0,0.0,0.25,466.0,466,0.0,0.0,10,0.0,466.0,466.0,466.0,466.0,466.0
2026-05-15 11:00:00,466.0,466,120,0.25,0.51,0.0,0.25,0.2500000000000213,0.2500000000000142,0.2500000000000142,0.51,466.0,466,0.0,0.0,11,0.0,466.0,466.0,466.0,466.0,466.0
2026-05-15 12:00:00,466.0,466,119,0.25,0.51,0.0,0.25,0.5000000000000213,0.5000000000000142,0.5000000000000142,0.51,466.0,466,0.0,0.0,12,0.0,466.0,466.0,466.0,466.0,466.0
2026-05-15 13:00:00,466.0,466,120,0.0,0.51,0.0,0.0,0.5000000000000213,0.5000000000000142,0.5000000000000142,0.51,466.0,466,0.0,0.0,13,0.0,466.0,466.0,466.0,466.0,466.0
2026-05-15 14:00:00,466.0,466,120,0.0,0.51,0.0,0.0,0.2500000000000213,0.5000000000000142,0.5000000000000142,0.51,466.0,466,0.0,0.0,14,0.0,466.0,466.0,466.0,466.0,466.0
2026-05-15 15:00:00,466.0,466,120,0.0,0.51,0.0,0.0,0.0,0.5000000000000142,0.5000000000000142,0.51,466.0,466,0.0,0.0,15,0.0,466.0,466.0,466.0,466.0,466.0
2026-05-15 16:00:00,466.0,466,119,0.0,0.51,0.0,0.0,0.0,0.5000000000000142,0.5000000000000142,0.51,466.0,466,0.0,0.0,16,0.0,466.0,466.0,466.0,466.0,466.0
2026-05-15 17:00:00,466.0,466,120,0.0,0.51,0.0,0.0,0.0,0.2500000000000142,0.5000000000000142,0.51,466.0,466,0.0,0.0,17,0.0,466.0,466.0,466.0,466.0,466.0
2026-05-15 18:00:00,466.0,466,120,0.0,0.51,0.0,0.0,0.0,0.0,0.5000000000000142,0.51,466.0,466,0.0,0.0,18,0.0,466.0,466.0,466.0,466.0,466.0
2026-05-16 01:00:00,466.0,466,120,0.0,0.25,99.0,0.0,0.0,0.0,0.5000000000000142,0.25,466.0,466,0.0,0.0,1,99.0,466.0,466.0,466.0,466.0,466.0
2026-05-16 02:00:00,466.0,466,120,0.0,0.25,99.842105,0.0,0.0,0.0,0.5000000000000142,0.25,466.0,466,0.0,0.0,2,99.842105,466.0,466.0,466.0,466.0,466.0
2026-05-16 03:00:00,466.0,466,120,0.0,0.25,100.0,0.0,0.0,0.0,0.5000000000000142,0.25,466.0,466,0.0,0.0,3,100.0,466.0,466.0,466.0,466.0,466.0
2026-05-16 04:00:00,466.0,466,120,0.0,0.25,100.0,0.0,0.0,0.0,0.5000000000000142,0.25,466.0,466,0.0,0.0,4,100.0,466.0,466.0,466.0,466.0,466.0
2026-05-16 05:00:00,466.0,466,120,0.0,0.25,100.0,0.0,0.0,0.0,0.2500000000000142,0.25,466.0,466,0.0,0.0,5,100.0,466.0,466.0,466.0,466.0,466.0
2026-05-16 06:00:00,466.0,466,120,0.0,0.25,100.0,0.0,0.0,0.0,0.0,0.25,466.0,466,0.0,0.0,6,100.0,466.0,466.0,466.0,466.0,466.0
2026-05-16 07:00:00,466.0,466,120,0.0,0.25,94.292174,0.0,0.0,0.0,0.0,0.25,466.0,466,0.0,0.0,7,94.292174,466.0,466.0,466.0,466.0,466.0
2026-05-16 08:00:00,466.0,466,120,0.0,0.25,6.478448,0.0,0.0,0.0,0.0,0.25,466.0,466,0.0,0.0,8,6.478448,466.0,466.0,466.0,466.0,466.0
2026-05-16 09:00:00,466.0,466,120,0.0,0.25,0.0,0.0,0.0,0.0,0.0,0.25,466.0,466,0.0,0.0,9,0.0,466.0,466.0,466.0,466.0,466.0
2026-05-16 10:00:00,466.0,466,120,0.0,0.25,19.317073,0.0,0.0,0.0,0.0,0.25,466.0,466,0.0,0.0,10,19.317073,466.0,466.0,466.0,466.0,466.0
2026-05-16 11:00:00,466.0,466,120,0.0,0.25,0.0,0.0,0.0,0.0,0.0,0.25,466.0,466,0.0,0.0,11,0.0,466.0,466.0,466.0,466.0,466.0
2026-05-16 12:00:00,466.0,466,120,0.0,0.0,0.0,0.0,0.0,0.0,0.0,0.0,466.0,466,0.0,0.0,12,0.0,466.0,466.0,466.0,466.0,466.0
2026-05-16 13:00:00,466.0,466,120,0.0,0.0,99.0,0.0,0.0,0.0,0.0,0.0,466.0,466,0.0,0.0,13,99.0,466.0,466.0,466.0,466.0,466.0
2026-05-16 14:00:00,466.0,466,120,0.0,0.0,99.0,0.0,0.0,0.0,0.0,0.0,466.0,466,0.0,0.0,14,99.0,466.0,466.0,466.0,466.0,466.0
2026-05-17 03:00:00,466.0,466,120,0.0,0.0,99.0,0.0,0.0,0.0,0.0,0.0,466.0,466,0.0,0.0,3,99.0,466.0,466.0,466.0,466.0,466.0
2026-05-17 04:00:00,466.0,466,120,0.0,0.0,99.0,0.0,0.0,0.0,0.0,0.0,466.0,466,0.0,0.0,4,99.0,466.0,466.0,466.0,466.0,466.0
2026-05-17 05:00:00,466.0,466,120,0.0,0.0,99.648352,0.0,0.0,0.0,0.0,0.0,466.0,466,0.0,0.0,5,99.648352,466.0,466.0,466.0,466.0,466.0
2026-05-17 06:00:00,466.0,466,120,0.0,0.0,75.110435,0.0,0.0,0.0,0.0,0.0,466.0,466,0.0,0.0,6,75.110435,466.0,466.0,466.0,466.0,466.0
2026-05-17 07:00:00,466.0,466,120,0.0,0.0,0.0,0.0,0.0,0.0,0.0,0.0,466.0,466,0.0,0.0,7,0.0,466.0,466.0,466.0,466.0,466.0
2026-05-17 08:00:00,466.0,466,120,0.0,0.0,0.0,0.0,0.0,0.0,0.0,0.0,466.0,466,0.0,0.0,8,0.0,466.0,466.0,466.0,466.0,466.0
2026-05-17 09:00:00,466.0,466,120,0.0,0.0,0.0,0.0,0.0,0.0,0.0,0.0,466.0,466,0.0,0.0,9,0.0,466.0,466.0,466.0,466.0,466.0
2026-05-17 10:00:00,466.0,466,120,0.0,0.0,28.77907,0.0,0.0,0.0,0.0,0.0,466.0,466,0.0,0.0,10,28.77907,466.0,466.0,466.0,466.0,466.0
2026-05-17 11:00:00,466.0,466,120,0.0,0.0,99.0,0.0,0.0,0.0,0.0,0.0,466.0,466,0.0,0.0,11,99.0,466.0,466.0,466.0,466.0,466.0
2026-05-17 12:00:00,466.0,466,120,0.0,0.0,99.0,0.0,0.0,0.0,0.0,0.0,466.0,466,0.0,0.0,12,99.0,466.0,466.0,466.0,466.0,466.0
2026-05-17 13:00:00,466.0,466,120,0.0,0.0,30.306122,0.0,0.0,0.0,0.0,0.0,466.0,466,0.0,0.0,13,30.306122,466.0,466.0,466.0,466.0,420.6545
2026-05-17 14:00:00,466.0,466,120,0.0,0.0,27.355263,0.0,0.0,0.0,0.0,0.0,466.0,466,0.0,0.0,14,27.355263,466.0,466.0,466.0,466.0,422.8333
2026-05-17 21:00:00,466.0,466,120,0.0,0.0,72.6,0.0,0.0,0.0,0.0,0.0,466.0,466,0.0,0.0,21,72.6,466.0,466.0,466.0,466.0,425.7417
2026-05-18 04:00:00,466.0,466,120,0.0,0.0,80.432857,0.0,0.0,0.0,0.0,0.0,466.0,466,0.0,0.0,4,80.432857,466.0,466.0,466.0,466.0,430.4583
2026-05-18 05:00:00,466.0,466,120,0.0,0.0,80.433621,0.0,0.0,0.0,0.0,0.0,466.0,466,0.0,0.0,5,80.433621,466.0,466.0,466.0,466.0,433.6875
2026-05-18 06:00:00,466.0,466,120,0.0,0.0,72.069566,0.0,0.0,0.0,0.0,0.0,466.0,466,0.0,0.0,6,72.069566,466.0,466.0,466.0,466.0,465.2295
2026-05-18 07:00:00,466.0,466,120,0.0,0.0,12.925217,0.0,0.0,0.0,0.0,0.0,466.0,466,0.0,0.0,7,12.925217,466.0,466.0,466.0,466.0,465.95
2026-05-18 08:00:00,466.0,466,120,0.0,0.0,0.0,0.0,0.0,0.0,0.0,0.0,466.0,466,0.0,0.0,8,0.0,466.0,466.0,466.0,466.0,465.4417
2026-05-18 09:00:00,466.0,466,120,0.0,0.0,0.0,0.0,0.0,0.0,0.0,0.0,466.0,466,0.0,0.0,9,0.0,466.0,466.0,466.0,466.0,465.0
2026-05-18 10:00:00,466.0,466,120,0.0,0.0,0.0,0.0,0.0,0.0,0.0,0.0,466.0,466,0.0,0.0,10,0.0,466.0,466.0,466.0,466.0,465.5593
2026-05-18 11:00:00,466.0,466,120,0.0,0.0,0.0,0.0,0.0,0.0,0.0,0.0,466.0,466,0.0,0.0,11,0.0,466.0,466.0,466.0,466.0,465.7333
2026-05-18 12:00:00,466.0,466,120,0.0,0.0,0.0,0.0,0.0,0.0,0.0,0.0,466.0,466,0.0,0.0,12,0.0,466.0,466.0,466.0,466.0,465.95
2026-05-18 13:00:00,466.0,466,120,0.0,0.0,0.0,0.0,0.0,0.0,0.0,0.0,466.0,466,0.0,0.0,13,0.0,466.0,466.0,466.0,420.6545,466.0
2026-05-18 14:00:00,466.0,466,120,0.0,0.0,43.842857,0.0,0.0,0.0,0.0,0.0,466.0,466,0.0,0.0,14,43.842857,466.0,466.0,466.0,422.8333,466.0
2026-05-18 15:00:00,466.0,466,120,0.0,0.0,40.615385,0.0,0.0,0.0,0.0,0.0,466.0,466,0.0,0.0,15,40.615385,466.0,466.0,466.0,425.7417,462.8276
2026-05-18 16:00:00,466.0,466,119,0.0,0.0,30.324324,0.0,0.0,0.0,0.0,0.0,466.0,466,0.0,0.0,16,30.324324,466.0,466.0,466.0,430.4583,465.9417
2026-05-18 17:00:00,466.0,466,120,0.0,0.0,70.714286,0.0,0.0,0.0,0.0,0.0,466.0,466,0.0,0.0,17,70.714286,466.0,466.0,466.0,433.6875,466.0
2026-05-18 18:00:00,466.0,466,120,0.0,0.0,84.441176,0.0,0.0,0.0,0.0,0.0,466.0,466,0.0,0.0,18,84.441176,466.0,466.0,466.0,465.2295,466.0
2026-05-18 19:00:00,466.0,466,120,0.0,0.0,80.462745,0.0,0.0,0.0,0.0,0.0,466.0,466,0.0,0.0,19,80.462745,466.0,466.0,420.6545,465.95,465.2969
2026-05-18 20:00:00,466.0,466,120,0.0,0.0,99.0,0.0,0.0,0.0,0.0,0.0,466.0,466,0.0,0.0,20,99.0,466.0,466.0,422.8333,465.4417,466.0
2026-05-18 21:00:00,466.0,466,120,0.0,0.0,99.0,0.0,0.0,0.0,0.0,0.0,466.0,466,0.0,0.0,21,99.0,466.0,466.0,425.7417,465.0,466.0
2026-05-18 22:00:00,466.0,466,120,0.25,0.25,98.289474,0.25,0.2500000000000213,0.2500000000000142,0.2500000000000142,0.25,466.0,466,0.0,0.0,22,98.289474,466.0,420.6545,430.4583,465.5593,466.0
2026-05-18 23:00:00,466.0,466,120,0.25,0.25,99.862385,0.25,0.5000000000000213,0.5000000000000142,0.5000000000000142,0.25,466.0,466,0.0,0.0,23,99.862385,466.0,422.8333,433.6875,465.7333,466.0
2026-05-19 00:00:00,466.0,466,74,0.0,0.25,99.998592,0.0,0.5000000000000213,0.5000000000000142,0.5000000000000142,0.25,466.0,466,0.0,0.0,0,99.998592,420.6545,425.7417,465.2295,465.95,465.2969
2026-05-19 17:00:00,420.6545,420,55,0.0,0.0,99.0,0.0,0.2500000000000213,0.5000000000000142,0.5000000000000142,0.0,420.6545,420,-45.345500000000015,-45.345500000000015,17,99.0,422.8333,430.4583,465.95,466.0,465.8833
2026-05-19 18:00:00,422.8333,421,120,0.0,0.0,99.0,0.0,0.0,0.5000000000000142,0.5000000000000142,0.0,422.8333,421,2.178800000000024,-43.16669999999999,18,99.0,425.7417,433.6875,465.4417,466.0,465.8265
2026-05-19 19:00:00,425.7417,372,120,0.0,0.0,99.0,0.0,0.0,0.5000000000000142,0.5000000000000142,0.0,425.7417,372,2.908399999999972,-40.25830000000002,19,99.0,430.4583,465.2295,465.0,462.8276,365.623
2026-05-19 20:00:00,430.4583,428,120,0.0,0.0,80.368421,0.0,0.0,0.2500000000000142,0.5000000000000142,0.0,430.4583,428,4.716600000000028,9.803800000000024,20,80.368421,433.6875,465.95,465.5593,465.9417,370.8333
2026-05-19 21:00:00,433.6875,433,32,0.0,0.0,99.0,0.0,0.0,0.0,0.5000000000000142,0.0,433.6875,433,3.2291999999999916,10.854199999999992,21,99.0,465.2295,465.4417,465.7333,466.0,376.012
2026-05-20 17:00:00,465.2295,465,61,0.0,0.0,99.0,0.0,0.0,0.0,0.5000000000000142,0.0,465.2295,465,31.541999999999973,39.48779999999999,17,99.0,465.95,465.0,465.95,466.0,439.3333
2026-05-20 18:00:00,465.95,465,120,0.0,0.0,97.278261,0.0,0.0,0.0,0.5000000000000142,0.0,465.95,465,0.7205000000000155,35.49169999999998,18,97.278261,465.4417,465.5593,466.0,465.2969,445.3
2026-05-20 19:00:00,465.4417,465,120,0.0,0.0,99.0,0.0,0.0,0.0,0.5000000000000142,0.0,465.4417,465,-0.5082999999999629,31.754200000000026,19,99.0,465.0,465.7333,466.0,466.0,452.1833
2026-05-20 20:00:00,465.0,465,91,0.0,0.0,93.471212,0.0,0.0,0.0,0.5000000000000142,0.0,465.0,465,-0.44170000000002574,-0.22949999999997317,20,93.471212,465.5593,465.95,462.8276,466.0,456.8571
2026-05-21 17:00:00,465.5593,465,59,0.0,0.0,99.0,0.0,0.0,0.0,0.2500000000000142,0.0,465.5593,465,0.5593000000000075,-0.3906999999999812,17,99.0,465.7333,466.0,465.9417,466.0,466.0
2026-05-21 18:00:00,465.7333,465,120,0.0,0.0,97.09619,0.0,0.0,0.0,0.0,0.0,465.7333,465,0.17399999999997817,0.2915999999999599,18,97.09619,465.95,466.0,466.0,466.0,466.0
2026-05-21 19:00:00,465.95,465,120,0.0,0.0,99.0,0.0,0.0,0.0,0.0,0.0,465.95,465,0.216700000000003,0.9499999999999886,19,99.0,466.0,462.8276,466.0,465.2969,466.0
2026-05-22 17:00:00,466.0,465,78,0.0,0.0,0.0,0.0,0.0,0.0,0.0,0.0,466.0,465,0.05000000000001137,0.44069999999999254,17,0.0,466.0,465.9417,465.2969,465.8833,466.0
2026-05-22 18:00:00,466.0,466,120,0.0,0.0,4.040816,0.0,0.0,0.0,0.0,0.0,466.0,466,0.0,0.26670000000001437,18,4.040816,462.8276,466.0,466.0,465.8265,466.0
2026-05-23 17:00:00,462.8276,460,58,0.0,0.0,99.0,0.0,0.0,0.0,0.0,0.0,462.8276,460,-3.172399999999982,-3.1223999999999705,17,99.0,465.9417,466.0,466.0,365.623,466.0
2026-05-23 18:00:00,465.9417,464,120,0.0,0.0,99.0,0.0,0.0,0.0,0.0,0.0,465.9417,464,3.1141000000000076,-0.05829999999997426,18,99.0,466.0,465.2969,466.0,370.8333,466.0
2026-05-23 19:00:00,466.0,420,120,0.0,0.0,41.688406,0.0,0.0,0.0,0.0,0.0,466.0,420,0.05829999999997426,0.0,19,41.688406,466.0,466.0,466.0,376.012,466.0
2026-05-23 20:00:00,466.0,466,12,0.0,0.0,99.0,0.0,0.0,0.0,0.0,0.0,466.0,466,0.0,3.172399999999982,20,99.0,465.2969,466.0,465.2969,439.3333,463.7377
2026-05-24 17:00:00,465.2969,464,64,0.0,0.0,99.0,0.0,0.0,0.0,0.0,0.0,465.2969,464,-0.7031000000000063,-0.644800000000032,17,99.0,466.0,466.0,465.8833,445.3,462.65
2026-05-24 18:00:00,466.0,466,120,0.0,0.0,99.0,0.0,0.0,0.0,0.0,0.0,466.0,466,0.7031000000000063,0.0,18,99.0,466.0,466.0,465.8265,452.1833,466.0
2026-05-25 17:00:00,466.0,466,61,0.0,0.0,99.0,0.0,0.0,0.0,0.0,0.0,466.0,466,0.0,0.0,17,99.0,466.0,465.2969,365.623,456.8571,466.0
2026-05-25 18:00:00,466.0,466,120,0.0,0.0,69.392523,0.0,0.0,0.0,0.0,0.0,466.0,466,0.0,0.7031000000000063,18,69.392523,466.0,465.8833,370.8333,466.0,456.1719
2026-05-25 19:00:00,466.0,466,91,0.0,0.0,99.0,0.0,0.0,0.0,0.0,0.0,466.0,466,0.0,0.0,19,99.0,465.2969,465.8265,376.012,466.0,462.7
2026-05-26 17:00:00,465.2969,464,64,0.0,0.0,3.245902,0.0,0.0,0.0,0.0,0.0,465.2969,464,-0.7031000000000063,-0.7031000000000063,17,3.245902,465.8833,365.623,439.3333,466.0,466.0
2026-05-26 18:00:00,465.8833,465,120,0.0,0.0,0.0,0.0,0.0,0.0,0.0,0.0,465.8833,465,0.586400000000026,-0.11669999999998026,18,0.0,465.8265,370.8333,445.3,466.0,466.0
2026-05-26 19:00:00,465.8265,465,98,0.0,0.0,0.0,0.0,0.0,0.0,0.0,0.0,465.8265,465,-0.05680000000000973,-0.17349999999999,19,0.0,365.623,376.012,452.1833,466.0,466.0
2026-05-27 17:00:00,365.623,363,61,0.0,0.0,0.105172,0.0,0.0,0.0,0.0,0.0,365.623,363,-100.20350000000002,-99.6739,17,0.105172,370.8333,439.3333,456.8571,466.0,466.0
2026-05-27 18:00:00,370.8333,367,120,0.0,0.0,0.765487,0.0,0.0,0.0,0.0,0.0,370.8333,367,5.210300000000018,-95.05000000000001,18,0.765487,376.012,445.3,466.0,466.0,466.0
2026-05-27 19:00:00,376.012,374,83,0.0,0.0,2.550617,0.0,0.0,0.0,0.0,0.0,376.012,374,5.178699999999992,-89.81450000000001,19,2.550617,439.3333,452.1833,466.0,466.0,466.0
2026-05-28 17:00:00,439.3333,437,57,0.0,0.0,0.0,0.0,0.0,0.0,0.0,0.0,439.3333,437,63.32130000000001,73.71030000000002,17,0.0,445.3,456.8571,466.0,463.7377,466.0
2026-05-28 18:00:00,445.3,441,120,0.0,0.0,0.0,0.0,0.0,0.0,0.0,0.0,445.3,441,5.966700000000003,74.4667,18,0.0,452.1833,466.0,466.0,462.65,466.0
2026-05-28 19:00:00,452.1833,385,120,0.0,0.0,0.0,0.0,0.0,0.0,0.0,0.0,452.1833,385,6.883299999999963,76.17129999999997,19,0.0,456.8571,466.0,466.0,466.0,466.0
2026-05-28 20:00:00,456.8571,456,7,0.0,0.0,0.0,0.0,0.0,0.0,0.0,0.0,456.8571,456,4.673800000000028,17.523799999999994,20,0.0,466.0,466.0,466.0,466.0,466.0
2026-05-29 17:00:00,466.0,466,60,0.0,0.0,99.0,0.0,0.0,0.0,0.0,0.0,466.0,466,9.142899999999997,20.69999999999999,17,99.0,466.0,466.0,466.0,456.1719,466.0
2026-05-29 18:00:00,466.0,466,120,0.0,0.0,99.0,0.0,0.0,0.0,0.0,0.0,466.0,466,0.0,13.816700000000026,18,99.0,466.0,466.0,466.0,462.7,466.0
2026-05-29 19:00:00,466.0,466,120,0.0,0.0,99.0,0.0,0.0,0.0,0.0,0.0,466.0,466,0.0,9.142899999999997,19,99.0,466.0,466.0,463.7377,466.0,466.0
2026-05-29 20:00:00,466.0,466,28,0.0,0.0,99.0,0.0,0.0,0.0,0.0,0.0,466.0,466,0.0,0.0,20,99.0,466.0,466.0,462.65,466.0,466.0
2026-05-30 17:00:00,466.0,466,58,0.0,0.0,99.0,0.0,0.0,0.0,0.0,0.0,466.0,466,0.0,0.0,17,99.0,466.0,466.0,466.0,466.0,466.0
2026-05-30 18:00:00,466.0,466,120,0.0,0.0,99.0,0.0,0.0,0.0,0.0,0.0,466.0,466,0.0,0.0,18,99.0,466.0,463.7377,466.0,466.0,466.0
2026-05-30 19:00:00,466.0,466,120,0.0,0.0,99.0,0.0,0.0,0.0,0.0,0.0,466.0,466,0.0,0.0,19,99.0,466.0,462.65,456.1719,466.0,466.0
2026-05-30 20:00:00,466.0,466,19,0.0,0.0,99.0,0.0,0.0,0.0,0.0,0.0,466.0,466,0.0,0.0,20,99.0,463.7377,466.0,462.7,466.0,466.0
2026-05-31 17:00:00,463.7377,461,61,0.0,0.0,99.0,0.0,0.0,0.0,0.0,0.0,463.7377,461,-2.262299999999982,-2.262299999999982,17,99.0,462.65,466.0,466.0,466.0,466.0
2026-05-31 18:00:00,462.65,459,120,0.0,0.0,99.0,0.0,0.0,0.0,0.0,0.0,462.65,459,-1.0877000000000407,-3.3500000000000227,18,99.0,466.0,456.1719,466.0,466.0,466.0
2026-05-31 19:00:00,466.0,465,120,0.0,0.0,99.0,0.0,0.0,0.0,0.0,0.0,466.0,465,3.3500000000000227,0.0,19,99.0,466.0,462.7,466.0,466.0,466.0
2026-05-31 20:00:00,466.0,466,15,0.0,0.0,99.0,0.0,0.0,0.0,0.0,0.0,466.0,466,0.0,2.262299999999982,20,99.0,456.1719,466.0,466.0,466.0,440.5083
2026-06-01 17:00:00,456.1719,455,64,0.0,0.0,99.0,0.0,0.0,0.0,0.0,0.0,456.1719,455,-9.828100000000006,-6.4780999999999835,17,99.0,462.7,466.0,466.0,466.0,454.191
2026-06-01 18:00:00,462.7,457,120,0.0,0.0,99.0,0.0,0.0,0.0,0.0,0.0,462.7,457,6.528099999999995,-3.3000000000000114,18,99.0,466.0,466.0,466.0,466.0,429.26
2026-06-01 19:00:00,466.0,466,120,0.0,0.0,99.0,0.0,0.0,0.0,0.0,0.0,466.0,466,3.3000000000000114,0.0,19,99.0,466.0,466.0,466.0,466.0,434.7
2026-06-01 20:00:00,466.0,466,36,0.0,0.0,99.0,0.0,0.0,0.0,0.0,0.0,466.0,466,0.0,9.828100000000006,20,99.0,466.0,466.0,466.0,466.0,450.0667
2026-06-02 17:00:00,466.0,466,57,0.0,0.0,99.0,0.0,0.0,0.0,0.0,0.0,466.0,466,0.0,3.3000000000000114,17,99.0,466.0,466.0,466.0,466.0,466.0
2026-06-02 18:00:00,466.0,466,120,0.0,0.0,99.0,0.0,0.0,0.0,0.0,0.0,466.0,466,0.0,0.0,18,99.0,466.0,466.0,466.0,466.0,466.0
2026-06-02 19:00:00,466.0,466,120,0.0,0.0,99.0,0.0,0.0,0.0,0.0,0.0,466.0,466,0.0,0.0,19,99.0,466.0,466.0,466.0,466.0,466.0
2026-06-02 20:00:00,466.0,466,40,0.0,0.0,99.0,0.0,0.0,0.0,0.0,0.0,466.0,466,0.0,0.0,20,99.0,466.0,466.0,466.0,466.0,463.7222
2026-06-03 17:00:00,466.0,466,57,0.0,0.0,14.666667,0.0,0.0,0.0,0.0,0.0,466.0,466,0.0,0.0,17,14.666667,466.0,466.0,466.0,466.0,461.55
2026-06-03 18:00:00,466.0,466,120,0.0,0.0,0.0,0.0,0.0,0.0,0.0,0.0,466.0,466,0.0,0.0,18,0.0,466.0,466.0,466.0,466.0,466.0
2026-06-03 19:00:00,466.0,466,120,0.0,0.0,0.0,0.0,0.0,0.0,0.0,0.0,466.0,466,0.0,0.0,19,0.0,466.0,466.0,466.0,466.0,466.0
2026-06-03 20:00:00,466.0,466,35,0.0,0.0,0.0,0.0,0.0,0.0,0.0,0.0,466.0,466,0.0,0.0,20,0.0,466.0,466.0,466.0,440.5083,466.0
2026-06-04 17:00:00,466.0,465,59,0.0,0.0,0.0,0.0,0.0,0.0,0.0,0.0,466.0,465,0.0,0.0,17,0.0,466.0,466.0,466.0,454.191,466.0
2026-06-04 18:00:00,466.0,466,120,0.0,0.0,0.868421,0.0,0.0,0.0,0.0,0.0,466.0,466,0.0,0.0,18,0.868421,466.0,466.0,466.0,429.26,466.0
2026-06-04 19:00:00,466.0,466,120,0.0,0.0,99.0,0.0,0.0,0.0,0.0,0.0,466.0,466,0.0,0.0,19,99.0,466.0,466.0,466.0,434.7,466.0
2026-06-04 20:00:00,466.0,466,52,0.0,0.0,99.0,0.0,0.0,0.0,0.0,0.0,466.0,466,0.0,0.0,20,99.0,466.0,466.0,466.0,450.0667,466.0
2026-06-06 17:00:00,466.0,466,54,0.0,0.0,0.0,0.0,0.0,0.0,0.0,0.0,466.0,466,0.0,0.0,17,0.0,466.0,466.0,466.0,466.0,466.0
2026-06-06 18:00:00,466.0,466,120,0.0,0.0,0.0,0.0,0.0,0.0,0.0,0.0,466.0,466,0.0,0.0,18,0.0,466.0,466.0,440.5083,466.0,466.0
2026-06-06 19:00:00,466.0,466,120,0.0,0.0,0.0,0.0,0.0,0.0,0.0,0.0,466.0,466,0.0,0.0,19,0.0,466.0,466.0,454.191,466.0,450.2
2026-06-06 21:00:00,466.0,466,2,0.0,0.0,0.0,0.0,0.0,0.0,0.0,0.0,466.0,466,0.0,0.0,21,0.0,466.0,466.0,429.26,463.7222,440.2083
2026-06-07 17:00:00,466.0,466,54,0.0,0.0,1.941176,0.0,0.0,0.0,0.0,0.0,466.0,466,0.0,0.0,17,1.941176,466.0,440.5083,434.7,461.55,446.4417
2026-06-07 18:00:00,466.0,466,120,0.0,0.0,0.0,0.0,0.0,0.0,0.0,0.0,466.0,466,0.0,0.0,18,0.0,466.0,454.191,450.0667,466.0,442.9833
2026-06-07 19:00:00,466.0,466,118,0.0,0.0,0.0,0.0,0.0,0.0,0.0,0.0,466.0,466,0.0,0.0,19,0.0,440.5083,429.26,466.0,466.0,440.0583
2026-06-08 18:00:00,440.5083,420,120,0.0,0.0,0.0,0.0,0.0,0.0,0.0,0.0,440.5083,420,-25.49169999999998,-25.49169999999998,18,0.0,454.191,434.7,466.0,466.0,449.1417
2026-06-08 19:00:00,454.191,448,89,0.0,0.0,0.0,0.0,0.0,0.0,0.0,0.0,454.191,448,13.682699999999954,-11.809000000000026,19,0.0,429.26,450.0667,466.0,466.0,457.075
2026-06-09 17:00:00,429.26,429,50,0.0,0.0,99.0,0.0,0.0,0.0,0.0,0.0,429.26,429,-24.930999999999983,-36.74000000000001,17,99.0,434.7,466.0,463.7222,466.0,462.6167
2026-06-09 18:00:00,434.7,428,120,0.0,0.0,99.0,0.0,0.0,0.0,0.0,0.0,434.7,428,5.439999999999998,-5.808300000000031,18,99.0,450.0667,466.0,461.55,466.0,466.0
2026-06-09 19:00:00,450.0667,443,105,0.0,0.0,99.0,0.0,0.0,0.0,0.0,0.0,450.0667,443,15.366700000000037,-4.124299999999948,19,99.0,466.0,466.0,466.0,466.0,466.0
2026-06-10 17:00:00,466.0,466,52,0.0,0.0,99.0,0.0,0.0,0.0,0.0,0.0,466.0,466,15.933299999999974,36.74000000000001,17,99.0,466.0,463.7222,466.0,466.0,466.0
2026-06-10 18:00:00,466.0,399,120,0.0,0.0,99.0,0.0,0.0,0.0,0.0,0.0,466.0,399,0.0,31.30000000000001,18,99.0,466.0,461.55,466.0,466.0,466.0
2026-06-10 19:00:00,466.0,466,90,0.0,0.0,99.0,0.0,0.0,0.0,0.0,0.0,466.0,466,0.0,15.933299999999974,19,99.0,463.7222,466.0,466.0,450.2,466.0
2026-06-11 14:00:00,463.7222,463,18,0.0,0.0,99.0,0.0,0.0,0.0,0.0,0.0,463.7222,463,-2.2778000000000134,-2.2778000000000134,14,99.0,461.55,466.0,466.0,440.2083,462.9333
2026-06-11 15:00:00,461.55,459,120,0.0,0.0,99.0,0.0,0.0,0.0,0.0,0.0,461.55,459,-2.1721999999999753,-4.449999999999989,15,99.0,466.0,466.0,466.0,446.4417,454.0083
2026-06-11 16:00:00,466.0,463,120,0.0,0.0,99.0,0.0,0.0,0.0,0.0,0.0,466.0,463,4.449999999999989,0.0,16,99.0,466.0,466.0,466.0,442.9833,461.4667
2026-06-11 17:00:00,466.0,466,119,0.0,0.0,99.0,0.0,0.0,0.0,0.0,0.0,466.0,466,0.0,2.2778000000000134,17,99.0,466.0,466.0,466.0,440.0583,466.0
2026-06-11 18:00:00,466.0,466,120,0.0,0.0,99.0,0.0,0.0,0.0,0.0,0.0,466.0,466,0.0,4.449999999999989,18,99.0,466.0,466.0,466.0,449.1417,466.0
2026-06-11 19:00:00,466.0,466,120,0.0,0.0,99.0,0.0,0.0,0.0,0.0,0.0,466.0,466,0.0,0.0,19,99.0,466.0,466.0,450.2,457.075,466.0
2026-06-11 20:00:00,466.0,466,78,0.0,0.0,99.0,0.0,0.0,0.0,0.0,0.0,466.0,466,0.0,0.0,20,99.0,466.0,466.0,440.2083,462.6167,466.0
2026-06-11 21:00:00,466.0,466,70,0.0,0.0,99.0,0.0,0.0,0.0,0.0,0.0,466.0,466,0.0,0.0,21,99.0,466.0,466.0,446.4417,466.0,463.4083
2026-06-11 22:00:00,466.0,466,120,0.0,0.0,99.0,0.0,0.0,0.0,0.0,0.0,466.0,466,0.0,0.0,22,99.0,466.0,450.2,442.9833,466.0,455.1167
2026-06-11 23:00:00,466.0,466,120,0.0,0.0,99.0,0.0,0.0,0.0,0.0,0.0,466.0,466,0.0,0.0,23,99.0,466.0,440.2083,440.0583,466.0,448.4417
2026-06-12 00:00:00,466.0,466,120,0.0,0.0,80.77875,0.0,0.0,0.0,0.0,0.0,466.0,466,0.0,0.0,0,80.77875,450.2,446.4417,449.1417,466.0,442.7863
2026-06-12 03:00:00,450.2,444,120,0.25,0.25,98.954167,0.25,0.2500000000000213,0.2500000000000142,0.2500000000000142,0.25,450.2,444,-15.800000000000011,-15.800000000000011,3,98.954167,440.2083,442.9833,457.075,466.0,437.0
2026-06-12 04:00:00,440.2083,437,120,0.0,0.25,98.24138,0.0,0.2500000000000213,0.2500000000000142,0.2500000000000142,0.25,440.2083,437,-9.99169999999998,-25.79169999999999,4,98.24138,446.4417,440.0583,462.6167,462.9333,431.9167
2026-06-12 05:00:00,446.4417,443,120,0.0,0.25,98.265217,0.0,0.2500000000000213,0.2500000000000142,0.2500000000000142,0.25,446.4417,443,6.233400000000017,-19.558299999999974,5,98.265217,442.9833,449.1417,466.0,454.0083,429.4917
2026-06-12 06:00:00,442.9833,436,120,0.0,0.25,99.267827,0.0,0.0,0.2500000000000142,0.2500000000000142,0.25,442.9833,436,-3.45840000000004,-7.216700000000003,6,99.267827,440.0583,457.075,466.0,461.4667,443.5917
2026-06-12 07:00:00,440.0583,434,120,0.0,0.25,99.602586,0.0,0.0,0.2500000000000142,0.2500000000000142,0.25,440.0583,434,-2.9250000000000114,-0.1500000000000341,7,99.602586,449.1417,462.6167,466.0,466.0,458.3
2026-06-12 08:00:00,449.1417,445,120,0.0,0.25,95.092174,0.0,0.0,0.2500000000000142,0.2500000000000142,0.25,449.1417,445,9.08340000000004,2.6999999999999886,8,95.092174,457.075,466.0,466.0,466.0,466.0
2026-06-12 09:00:00,457.075,453,120,0.0,0.25,27.017391,0.0,0.0,0.0,0.2500000000000142,0.25,457.075,453,7.933299999999974,14.091700000000003,9,27.017391,462.6167,466.0,466.0,466.0,463.9333
2026-06-12 10:00:00,462.6167,460,120,0.0,0.25,30.888696,0.0,0.0,0.0,0.2500000000000142,0.25,462.6167,460,5.541699999999992,22.558400000000006,10,30.888696,466.0,466.0,462.9333,466.0,457.0417
2026-06-12 11:00:00,466.0,465,120,0.0,0.25,69.165217,0.0,0.0,0.0,0.2500000000000142,0.25,466.0,465,3.3833000000000197,16.858299999999986,11,69.165217,466.0,466.0,454.0083,463.4083,451.6083
2026-06-12 12:00:00,466.0,466,120,0.0,0.25,61.552174,0.0,0.0,0.0,0.2500000000000142,0.25,466.0,466,0.0,8.925000000000011,12,61.552174,466.0,466.0,461.4667,455.1167,446.05
2026-06-12 13:00:00,466.0,466,119,0.0,0.25,55.748246,0.0,0.0,0.0,0.2500000000000142,0.25,466.0,466,0.0,3.3833000000000197,13,55.748246,466.0,462.9333,466.0,448.4417,440.9407
2026-06-12 14:00:00,466.0,466,120,0.0,0.25,31.899123,0.0,0.0,0.0,0.2500000000000142,0.25,466.0,466,0.0,0.0,14,31.899123,466.0,454.0083,466.0,442.7863,440.75
2026-06-12 15:00:00,466.0,466,120,0.0,0.25,0.0,0.0,0.0,0.0,0.0,0.25,466.0,466,0.0,0.0,15,0.0,462.9333,461.4667,466.0,437.0,455.1765
2026-06-12 16:00:00,462.9333,457,120,0.0,0.25,0.0,0.0,0.0,0.0,0.0,0.25,462.9333,457,-3.0667000000000257,-3.0667000000000257,16,0.0,454.0083,466.0,466.0,431.9167,465.4444
2026-06-12 17:00:00,454.0083,451,120,0.0,0.25,0.506087,0.0,0.0,0.0,0.0,0.25,454.0083,451,-8.924999999999955,-11.99169999999998,17,0.506087,461.4667,466.0,463.4083,429.4917,466.0
2026-06-12 18:00:00,461.4667,433,120,0.0,0.25,27.085088,0.0,0.0,0.0,0.0,0.25,461.4667,433,7.458399999999983,-4.533299999999997,18,27.085088,466.0,466.0,455.1167,443.5917,466.0
2026-06-12 19:00:00,466.0,465,119,0.0,0.25,76.060527,0.0,0.0,0.0,0.0,0.25,466.0,465,4.533299999999997,3.0667000000000257,19,76.060527,466.0,466.0,448.4417,458.3,466.0
2026-06-12 20:00:00,466.0,466,120,0.0,0.25,87.224348,0.0,0.0,0.0,0.0,0.25,466.0,466,0.0,11.99169999999998,20,87.224348,466.0,463.4083,442.7863,466.0,466.0
2026-06-12 21:00:00,466.0,466,118,0.0,0.25,86.875221,0.0,0.0,0.0,0.0,0.25,466.0,466,0.0,4.533299999999997,21,86.875221,466.0,455.1167,437.0,463.9333,466.0
2026-06-12 22:00:00,466.0,466,120,0.0,0.25,95.353043,0.0,0.0,0.0,0.0,0.25,466.0,466,0.0,0.0,22,95.353043,463.4083,448.4417,431.9167,457.0417,466.0
2026-06-12 23:00:00,463.4083,459,120,0.0,0.25,97.717242,0.0,0.0,0.0,0.0,0.25,463.4083,459,-2.591700000000003,-2.591700000000003,23,97.717242,455.1167,442.7863,429.4917,451.6083,460.3025
2026-06-13 00:00:00,455.1167,451,120,0.0,0.25,99.967826,0.0,0.0,0.0,0.0,0.25,455.1167,451,-8.291600000000017,-10.88330000000002,0,99.967826,448.4417,437.0,443.5917,446.05,453.7658
2026-06-13 01:00:00,448.4417,446,120,0.0,0.25,100.0,0.0,0.0,0.0,0.0,0.25,448.4417,446,-6.6749999999999545,-17.558299999999974,1,100.0,442.7863,431.9167,458.3,440.9407,446.1333
2026-06-13 02:00:00,442.7863,440,117,0.0,0.25,100.0,0.0,0.0,0.0,0.0,0.25,442.7863,440,-5.655400000000043,-20.622000000000014,2,100.0,437.0,429.4917,466.0,440.75,439.0948
2026-06-13 03:00:00,437.0,434,120,0.0,0.0,100.0,0.0,0.0,0.0,0.0,0.0,437.0,434,-5.786299999999983,-18.11669999999998,3,100.0,431.9167,443.5917,463.9333,455.1765,432.0917
2026-06-13 04:00:00,431.9167,429,120,0.0,0.0,100.0,0.0,0.0,0.0,0.0,0.0,431.9167,429,-5.083300000000008,-16.525000000000034,4,100.0,429.4917,458.3,457.0417,465.4444,424.9322
2026-06-13 05:00:00,429.4917,427,120,0.0,0.0,100.0,0.0,0.0,0.0,0.0,0.0,429.4917,427,-2.4250000000000114,-13.294600000000003,5,100.0,443.5917,466.0,451.6083,466.0,418.8151
2026-06-13 06:00:00,443.5917,435,120,0.0,0.0,93.264655,0.0,0.0,0.0,0.0,0.0,443.5917,435,14.100000000000023,6.591700000000003,6,93.264655,458.3,463.9333,446.05,466.0,426.1167
2026-06-13 07:00:00,458.3,451,120,0.0,0.0,30.573276,0.0,0.0,0.0,0.0,0.0,458.3,451,14.708300000000008,26.38330000000002,7,30.573276,466.0,457.0417,440.9407,466.0,433.8917
2026-06-13 08:00:00,466.0,465,120,0.0,0.0,0.0,0.0,0.0,0.0,0.0,0.0,466.0,465,7.699999999999989,36.50830000000002,8,0.0,463.9333,451.6083,440.75,466.0,447.7083
2026-06-13 09:00:00,463.9333,460,120,0.0,0.0,0.0,0.0,0.0,0.0,0.0,0.0,463.9333,460,-2.0667000000000257,20.34159999999997,9,0.0,457.0417,446.05,455.1765,466.0,458.3667
2026-06-13 10:00:00,457.0417,454,120,0.0,0.0,0.0,0.0,0.0,0.0,0.0,0.0,457.0417,454,-6.891599999999983,-1.2583000000000197,10,0.0,451.6083,440.9407,465.4444,466.0,466.0
2026-06-13 11:00:00,451.6083,449,120,0.0,0.0,0.0,0.0,0.0,0.0,0.0,0.0,451.6083,449,-5.433400000000006,-14.391700000000014,11,0.0,446.05,440.75,466.0,460.3025,462.4667
2026-06-13 12:00:00,446.05,443,120,0.0,0.0,0.0,0.0,0.0,0.0,0.0,0.0,446.05,443,-5.558299999999974,-17.883299999999963,12,0.0,440.9407,455.1765,466.0,453.7658,464.2833
2026-06-13 13:00:00,440.9407,438,118,0.0,0.0,0.0,0.0,0.0,0.0,0.0,0.0,440.9407,438,-5.109300000000019,-16.101,13,0.0,440.75,465.4444,466.0,446.1333,466.0
2026-06-13 14:00:00,440.75,435,120,0.0,0.0,0.0,0.0,0.0,0.0,0.0,0.0,440.75,435,-0.19069999999999254,-10.858299999999986,14,0.0,455.1765,466.0,466.0,439.0948,464.4
2026-06-13 15:00:00,455.1765,448,119,0.0,0.0,0.0,0.0,0.0,0.0,0.0,0.0,455.1765,448,14.426499999999976,9.126499999999965,15,0.0,465.4444,466.0,466.0,432.0917,466.0
2026-06-13 16:00:00,465.4444,462,117,0.0,0.0,0.0,0.0,0.0,0.0,0.0,0.0,465.4444,462,10.267899999999997,24.50369999999998,16,0.0,466.0,466.0,466.0,424.9322,466.0
2026-06-13 17:00:00,466.0,368,118,0.0,0.0,0.0,0.0,0.0,0.0,0.0,0.0,466.0,368,0.5556000000000267,25.25,17,0.0,466.0,466.0,460.3025,418.8151,466.0
2026-06-13 18:00:00,466.0,466,119,0.0,0.0,0.0,0.0,0.0,0.0,0.0,0.0,466.0,466,0.0,10.823500000000024,18,0.0,466.0,466.0,453.7658,426.1167,466.0
2026-06-13 19:00:00,466.0,466,116,0.0,0.0,0.0,0.0,0.0,0.0,0.0,0.0,466.0,466,0.0,0.5556000000000267,19,0.0,466.0,466.0,446.1333,433.8917,466.0
2026-06-13 20:00:00,466.0,373,118,0.0,0.0,0.0,0.0,0.0,0.0,0.0,0.0,466.0,373,0.0,0.0,20,0.0,466.0,460.3025,439.0948,447.7083,466.0
2026-06-13 21:00:00,466.0,466,117,0.0,0.0,0.0,0.0,0.0,0.0,0.0,0.0,466.0,466,0.0,0.0,21,0.0,466.0,453.7658,432.0917,458.3667,466.0
2026-06-13 22:00:00,466.0,410,118,0.0,0.0,0.0,0.0,0.0,0.0,0.0,0.0,466.0,410,0.0,0.0,22,0.0,460.3025,446.1333,424.9322,466.0,466.0
2026-06-13 23:00:00,460.3025,352,119,0.0,0.0,0.017391,0.0,0.0,0.0,0.0,0.0,460.3025,352,-5.697499999999991,-5.697499999999991,23,0.017391,453.7658,439.0948,418.8151,462.4667,460.075
2026-06-14 00:00:00,453.7658,450,111,0.25,0.25,13.681481,0.25,0.2500000000000213,0.2500000000000142,0.2500000000000142,0.25,453.7658,450,-6.536699999999996,-12.234199999999987,0,13.681481,446.1333,432.0917,426.1167,464.2833,454.7417
2026-06-14 01:00:00,446.1333,443,120,0.25,0.25,63.764602,0.25,0.5000000000000213,0.5000000000000142,0.5000000000000142,0.25,446.1333,443,-7.632499999999993,-19.86669999999998,1,63.764602,439.0948,424.9322,433.8917,466.0,451.1667
2026-06-14 02:00:00,439.0948,436,116,0.0,0.25,96.4,0.0,0.5000000000000213,0.5000000000000142,0.5000000000000142,0.25,439.0948,436,-7.038499999999999,-21.20769999999999,2,96.4,432.0917,418.8151,447.7083,464.4,461.5083
2026-06-14 03:00:00,432.0917,429,120,0.0,0.25,99.212281,0.0,0.2500000000000213,0.5000000000000142,0.5000000000000142,0.25,432.0917,429,-7.003100000000018,-21.67410000000001,3,99.212281,424.9322,426.1167,458.3667,466.0,466.0
2026-06-14 04:00:00,424.9322,421,118,0.0,0.25,99.664601,0.0,0.0,0.5000000000000142,0.5000000000000142,0.25,424.9322,421,-7.15949999999998,-21.201099999999997,4,99.664601,418.8151,433.8917,466.0,466.0,466.0
2026-06-14 05:00:00,418.8151,416,119,0.0,0.25,99.940518,0.0,0.0,0.5000000000000142,0.5000000000000142,0.25,418.8151,416,-6.11710000000005,-20.279700000000048,5,99.940518,426.1167,447.7083,462.4667,466.0,466.0
2026-06-14 06:00:00,426.1167,422,120,0.0,0.25,93.483478,0.0,0.0,0.2500000000000142,0.5000000000000142,0.25,426.1167,422,7.301600000000008,-5.975000000000023,6,93.483478,433.8917,458.3667,464.2833,466.0,462.8083
2026-06-14 07:00:00,433.8917,425,120,0.0,0.25,10.532174,0.0,0.0,0.0,0.5000000000000142,0.25,433.8917,425,7.775000000000034,8.959499999999991,7,10.532174,447.7083,466.0,466.0,466.0,460.2833
2026-06-14 08:00:00,447.7083,441,120,0.25,0.51,0.0,0.25,0.2500000000000213,0.2500000000000142,0.7500000000000142,0.51,447.7083,441,13.816599999999994,28.893200000000036,8,0.0,458.3667,462.4667,464.4,466.0,466.0
2026-06-14 09:00:00,458.3667,453,120,0.25,0.51,0.0,0.25,0.5000000000000213,0.5000000000000142,1.0000000000000142,0.51,458.3667,453,10.658399999999972,32.25,9,0.0,466.0,464.2833,466.0,466.0,466.0
2026-06-14 10:00:00,466.0,463,120,0.0,0.51,0.0,0.0,0.5000000000000213,0.5000000000000142,1.0000000000000142,0.51,466.0,463,7.63330000000002,32.108299999999986,10,0.0,462.4667,466.0,466.0,466.0,463.9833
2026-06-14 14:00:00,462.4667,458,120,0.0,0.51,0.0,0.0,0.2500000000000213,0.5000000000000142,1.0000000000000142,0.51,462.4667,458,-3.533299999999997,14.758399999999995,14,0.0,464.2833,464.4,466.0,460.075,466.0
2026-06-14 15:00:00,464.2833,458,120,0.0,0.51,0.0,0.0,0.0,0.5000000000000142,0.7500000000000142,0.51,464.2833,458,1.816599999999994,5.916600000000017,15,0.0,466.0,466.0,466.0,454.7417,466.0
2026-06-14 16:00:00,466.0,466,120,0.0,0.51,0.0,0.0,0.0,0.5000000000000142,0.5000000000000142,0.51,466.0,466,1.716700000000003,0.0,16,0.0,464.4,466.0,466.0,451.1667,466.0
2026-06-14 17:00:00,464.4,333,120,0.0,0.51,0.0,0.0,0.0,0.2500000000000142,0.5000000000000142,0.51,464.4,333,-1.6000000000000227,1.9332999999999743,17,0.0,466.0,466.0,466.0,461.5083,466.0
2026-06-14 18:00:00,466.0,466,119,0.0,0.51,0.0,0.0,0.0,0.0,0.5000000000000142,0.51,466.0,466,1.6000000000000227,1.716700000000003,18,0.0,466.0,466.0,466.0,466.0,466.0
2026-06-14 19:00:00,466.0,466,120,0.0,0.51,0.0,0.0,0.0,0.0,0.5000000000000142,0.51,466.0,466,0.0,0.0,19,0.0,466.0,466.0,466.0,466.0,466.0
2026-06-14 20:00:00,466.0,466,120,0.0,0.51,0.0,0.0,0.0,0.0,0.5000000000000142,0.51,466.0,466,0.0,1.6000000000000227,20,0.0,466.0,466.0,460.075,466.0,466.0
2026-06-14 21:00:00,466.0,430,120,0.0,0.51,0.0,0.0,0.0,0.0,0.5000000000000142,0.51,466.0,430,0.0,0.0,21,0.0,466.0,466.0,454.7417,462.8083,466.0
2026-06-14 22:00:00,466.0,466,120,0.0,0.51,0.0,0.0,0.0,0.0,0.5000000000000142,0.51,466.0,466,0.0,0.0,22,0.0,466.0,466.0,451.1667,460.2833,466.0
2026-06-14 23:00:00,466.0,466,120,0.0,0.51,0.0,0.0,0.0,0.0,0.2500000000000142,0.51,466.0,466,0.0,0.0,23,0.0,466.0,460.075,461.5083,466.0,466.0
2026-06-15 00:00:00,466.0,466,120,0.0,0.51,0.0,0.0,0.0,0.0,0.0,0.51,466.0,466,0.0,0.0,0,0.0,466.0,454.7417,466.0,466.0,461.3667
2026-06-15 01:00:00,466.0,463,120,0.0,0.25,0.0,0.0,0.0,0.0,0.0,0.25,466.0,463,0.0,0.0,1,0.0,460.075,451.1667,466.0,463.9833,455.7333
2026-06-15 02:00:00,460.075,457,120,0.0,0.25,0.0,0.0,0.0,0.0,0.0,0.25,460.075,457,-5.925000000000011,-5.925000000000011,2,0.0,454.7417,461.5083,466.0,466.0,457.7167
2026-06-15 03:00:00,454.7417,452,120,0.0,0.25,0.0,0.0,0.0,0.0,0.0,0.25,454.7417,452,-5.333300000000008,-11.25830000000002,3,0.0,451.1667,466.0,462.8083,466.0,465.4
2026-06-15 04:00:00,451.1667,449,120,0.0,0.25,0.0,0.0,0.0,0.0,0.0,0.25,451.1667,449,-3.5749999999999886,-14.833300000000008,4,0.0,461.5083,466.0,460.2833,466.0,466.0
2026-06-15 05:00:00,461.5083,456,120,0.0,0.25,0.0,0.0,0.0,0.0,0.0,0.25,461.5083,456,10.341600000000028,1.433300000000031,5,0.0,466.0,466.0,466.0,466.0,466.0
2026-06-15 06:00:00,466.0,465,120,0.0,0.25,0.0,0.0,0.0,0.0,0.0,0.25,466.0,465,4.49169999999998,11.25830000000002,6,0.0,466.0,462.8083,466.0,466.0,466.0
2026-06-15 07:00:00,466.0,466,120,0.0,0.25,0.0,0.0,0.0,0.0,0.0,0.25,466.0,466,0.0,14.833300000000008,7,0.0,466.0,460.2833,463.9833,466.0,466.0
2026-06-15 08:00:00,466.0,466,120,0.0,0.25,0.0,0.0,0.0,0.0,0.0,0.25,466.0,466,0.0,4.49169999999998,8,0.0,462.8083,466.0,466.0,466.0,466.0
2026-06-15 09:00:00,462.8083,460,120,0.0,0.0,0.0,0.0,0.0,0.0,0.0,0.0,462.8083,460,-3.1917000000000257,-3.1917000000000257,9,0.0,460.2833,466.0,466.0,466.0,442.0204
2026-06-15 10:00:00,460.2833,457,120,0.0,0.0,0.0,0.0,0.0,0.0,0.0,0.0,460.2833,457,-2.5249999999999773,-5.716700000000003,10,0.0,466.0,463.9833,466.0,466.0,455.5625
2026-06-15 11:00:00,466.0,465,119,0.0,0.0,0.0,0.0,0.0,0.0,0.0,0.0,466.0,465,5.716700000000003,0.0,11,0.0,466.0,466.0,466.0,466.0,465.7551
2026-06-15 14:00:00,466.0,465,120,0.0,0.0,0.0,0.0,0.0,0.0,0.0,0.0,466.0,465,0.0,3.1917000000000257,14,0.0,463.9833,466.0,466.0,461.3667,
2026-06-15 15:00:00,463.9833,461,120,0.0,0.0,0.0,0.0,0.0,0.0,0.0,0.0,463.9833,461,-2.0167000000000144,3.6999999999999886,15,0.0,466.0,466.0,466.0,455.7333,
2026-06-15 16:00:00,466.0,466,120,0.0,0.0,0.0,0.0,0.0,0.0,0.0,0.0,466.0,466,2.0167000000000144,0.0,16,0.0,466.0,466.0,466.0,457.7167,
2026-06-15 17:00:00,466.0,466,120,0.0,0.0,0.0,0.0,0.0,0.0,0.0,0.0,466.0,466,0.0,0.0,17,0.0,466.0,466.0,466.0,465.4,
2026-06-15 18:00:00,466.0,466,120,0.0,0.0,0.0,0.0,0.0,0.0,0.0,0.0,466.0,466,0.0,2.0167000000000144,18,0.0,466.0,466.0,466.0,466.0,
2026-06-15 19:00:00,466.0,466,119,0.0,0.0,0.0,0.0,0.0,0.0,0.0,0.0,466.0,466,0.0,0.0,19,0.0,466.0,466.0,466.0,466.0,
2026-06-15 20:00:00,466.0,466,120,0.0,0.0,0.0,0.0,0.0,0.0,0.0,0.0,466.0,466,0.0,0.0,20,0.0,466.0,466.0,461.3667,466.0,
2026-06-15 21:00:00,466.0,466,120,0.0,0.0,0.0,0.0,0.0,0.0,0.0,0.0,466.0,466,0.0,0.0,21,0.0,466.0,466.0,455.7333,466.0,
2026-06-15 22:00:00,466.0,306,120,0.0,0.0,0.0,0.0,0.0,0.0,0.0,0.0,466.0,306,0.0,0.0,22,0.0,466.0,466.0,457.7167,466.0,
2026-06-15 23:00:00,466.0,466,120,0.0,0.0,0.0,0.0,0.0,0.0,0.0,0.0,466.0,466,0.0,0.0,23,0.0,466.0,461.3667,465.4,442.0204,
2026-06-16 00:00:00,466.0,466,120,0.0,0.0,0.0,0.0,0.0,0.0,0.0,0.0,466.0,466,0.0,0.0,0,0.0,466.0,455.7333,466.0,455.5625,
2026-06-16 01:00:00,466.0,466,120,0.0,0.0,0.0,0.0,0.0,0.0,0.0,0.0,466.0,466,0.0,0.0,1,0.0,461.3667,457.7167,466.0,465.7551,
2026-06-16 02:00:00,461.3667,388,120,0.0,0.0,0.0,0.0,0.0,0.0,0.0,0.0,461.3667,388,-4.63330000000002,-4.63330000000002,2,0.0,455.7333,465.4,466.0,,
2026-06-16 03:00:00,455.7333,453,120,0.0,0.0,0.0,0.0,0.0,0.0,0.0,0.0,455.7333,453,-5.633399999999995,-10.266700000000014,3,0.0,457.7167,466.0,466.0,,
2026-06-16 04:00:00,457.7167,452,120,0.0,0.0,1.726724,0.0,0.0,0.0,0.0,0.0,457.7167,452,1.9834000000000174,-8.283299999999997,4,1.726724,465.4,466.0,466.0,,
2026-06-16 05:00:00,465.4,463,120,0.0,0.0,9.318965,0.0,0.0,0.0,0.0,0.0,465.4,463,7.683299999999974,4.033299999999997,5,9.318965,466.0,466.0,442.0204,,
2026-06-16 06:00:00,466.0,466,120,0.0,0.0,4.793044,0.0,0.0,0.0,0.0,0.0,466.0,466,0.6000000000000227,10.266700000000014,6,4.793044,466.0,466.0,455.5625,,
2026-06-16 07:00:00,466.0,466,120,0.0,0.0,0.0,0.0,0.0,0.0,0.0,0.0,466.0,466,0.0,8.283299999999997,7,0.0,466.0,466.0,465.7551,,
2026-06-16 08:00:00,466.0,466,120,0.0,0.0,0.0,0.0,0.0,0.0,0.0,0.0,466.0,466,0.0,0.6000000000000227,8,0.0,466.0,442.0204,,,
2026-06-16 09:00:00,466.0,466,120,0.0,0.0,0.0,0.0,0.0,0.0,0.0,0.0,466.0,466,0.0,0.0,9,0.0,466.0,455.5625,,,
2026-06-16 10:00:00,466.0,466,3,0.0,0.0,0.0,0.0,0.0,0.0,0.0,0.0,466.0,466,0.0,0.0,10,0.0,442.0204,465.7551,,,
2026-06-17 17:00:00,442.0204,304,49,0.0,0.0,99.0,0.0,0.0,0.0,0.0,0.0,442.0204,304,-23.979600000000005,-23.979600000000005,17,99.0,455.5625,,,,
2026-06-17 18:00:00,455.5625,454,16,0.0,0.0,99.0,0.0,0.0,0.0,0.0,0.0,455.5625,454,13.542100000000005,-10.4375,18,99.0,465.7551,,,,
2026-06-18 17:00:00,465.7551,422,49,0.0,0.0,99.0,0.0,0.0,0.0,0.0,0.0,465.7551,422,10.192600000000027,-0.2448999999999728,17,99.0,,,,,
